-- MySQL dump 10.13  Distrib 5.1.66, for redhat-linux-gnu (x86_64)
--
-- Host: localhost    Database: redmine_test
-- ------------------------------------------------------
-- Server version	5.1.66

/*!40101 SET @OLD_CHARACTER_SET_CLIENT=@@CHARACTER_SET_CLIENT */;
/*!40101 SET @OLD_CHARACTER_SET_RESULTS=@@CHARACTER_SET_RESULTS */;
/*!40101 SET @OLD_COLLATION_CONNECTION=@@COLLATION_CONNECTION */;
/*!40101 SET NAMES utf8 */;
/*!40103 SET @OLD_TIME_ZONE=@@TIME_ZONE */;
/*!40103 SET TIME_ZONE='+00:00' */;
/*!40014 SET @OLD_UNIQUE_CHECKS=@@UNIQUE_CHECKS, UNIQUE_CHECKS=0 */;
/*!40014 SET @OLD_FOREIGN_KEY_CHECKS=@@FOREIGN_KEY_CHECKS, FOREIGN_KEY_CHECKS=0 */;
/*!40101 SET @OLD_SQL_MODE=@@SQL_MODE, SQL_MODE='NO_AUTO_VALUE_ON_ZERO' */;
/*!40111 SET @OLD_SQL_NOTES=@@SQL_NOTES, SQL_NOTES=0 */;

--
-- Table structure for table `attachments`
--

DROP TABLE IF EXISTS `attachments`;
/*!40101 SET @saved_cs_client     = @@character_set_client */;
/*!40101 SET character_set_client = utf8 */;
CREATE TABLE `attachments` (
  `id` int(11) NOT NULL AUTO_INCREMENT,
  `container_id` int(11) DEFAULT NULL,
  `container_type` varchar(30) COLLATE utf8_unicode_ci DEFAULT NULL,
  `filename` varchar(255) COLLATE utf8_unicode_ci NOT NULL DEFAULT '',
  `disk_filename` varchar(255) COLLATE utf8_unicode_ci NOT NULL DEFAULT '',
  `filesize` int(11) NOT NULL DEFAULT '0',
  `content_type` varchar(255) COLLATE utf8_unicode_ci DEFAULT '',
  `digest` varchar(40) COLLATE utf8_unicode_ci NOT NULL DEFAULT '',
  `downloads` int(11) NOT NULL DEFAULT '0',
  `author_id` int(11) NOT NULL DEFAULT '0',
  `created_on` datetime DEFAULT NULL,
  `description` varchar(255) COLLATE utf8_unicode_ci DEFAULT NULL,
  PRIMARY KEY (`id`),
  KEY `index_attachments_on_author_id` (`author_id`),
  KEY `index_attachments_on_created_on` (`created_on`),
  KEY `index_attachments_on_container_id_and_container_type` (`container_id`,`container_type`)
) ENGINE=InnoDB AUTO_INCREMENT=27 DEFAULT CHARSET=utf8 COLLATE=utf8_unicode_ci;
/*!40101 SET character_set_client = @saved_cs_client */;

--
-- Dumping data for table `attachments`
--

LOCK TABLES `attachments` WRITE;
/*!40000 ALTER TABLE `attachments` DISABLE KEYS */;
INSERT INTO `attachments` VALUES (1,1,'Document','TDR firmador digital V 0.1.doc','121203164938_6047ddf6c0aec6f2e7531360194da6c1.doc',22016,'application/msword','064de47f0725009966cf4457b7a565e6',0,5,'2012-12-03 16:49:38',''),(2,1,'Document','TDR SPD Firmador digital.doc','121203170149_992c333552cb1a287a0b1f5bc766e7b1.doc',51712,'application/msword','f1b26996cbcf53d5f4ff3609d14ccf78',0,5,'2012-12-03 17:01:49','TDR Firmador digital dispositivos móviles'),(3,3,'Document','SGP- SP.pdf','121203202750_eca27a21bb59ddb687b6eff63759b7b5.pdf',81540,'application/pdf','25efe76f179845c8cfb4be5167a53bf6',0,5,'2012-12-03 20:27:50',''),(4,4,'Document','TDR SPD Firmador digital.pdf','121203203212_7123a297fd099d13f69fb23b3c2edac7.pdf',87216,'application/pdf','ac164f0679631af25298be29c159291d',0,5,'2012-12-03 20:32:12',''),(5,5,'Document','TDR PNUD Mantenimiento Certificados Digitales PKI 20120919.pdf','121203204442_dd6587d7e76ced55c56b9e2a80a7ee45.pdf',102160,NULL,'6f5db1c43c10ee6788f5bcc1c254e429',0,5,'2012-12-03 20:44:42',''),(6,6,'Document','Proyecto Portal Cultural.pdf','121203205442_0091e61c81ddf4a02dd1d2d3a69b8c84.pdf',110655,NULL,'506813a2fb5a636e27f0eccd3b1c85fc',0,5,'2012-12-03 20:54:42',''),(7,6,'Document','Resumen ejecutivo.pdf','121203205623_3e09f6d4088d34f1f1fd5b39e08773b9.pdf',73524,NULL,'0f5ef7d105cdf8efa44f1c483f201642',0,5,'2012-12-03 20:56:23',''),(8,7,'Document','Hospital digital.pdf','121203211241_776d5f21ae324064695e46cd706a1b08.pdf',37754,NULL,'f27510538bb7579a063be4e43de8621a',0,5,'2012-12-03 21:12:41',''),(9,8,'Document','pliego_digitalizacion_varela.pdf','121203211715_pliego_digitalizacion_varela.pdf',163188,'application/pdf','d75285b2a146dfe708ebc6dd6778a045',0,5,'2012-12-03 21:17:15',''),(10,9,'Document','ideasfuerza.pdf','121203212849_ideasfuerza.pdf',32158,'application/pdf','8f5d9878ba418ea386e313faaa981d12',0,5,'2012-12-03 21:28:49',''),(11,10,'Document','SIARH v1.0 .pdf','121203212920_dde9d29b37864591e0f53f291e4958a3.pdf',44830,'application/pdf','9e09fbdd57749ef25c4bfe925790ffbf',0,5,'2012-12-03 21:29:20',''),(12,11,'Document','sipro.pdf','121203213626_sipro.pdf',52170,'application/pdf','03c9269ea0540a079b1ae2e1a786712b',0,5,'2012-12-03 21:36:26','documento base funcional'),(13,12,'Document','sibys.pdf','121203213836_sibys.pdf',76013,'application/pdf','ee99f04c2cdb2f4963672f088e26ba42',0,5,'2012-12-03 21:38:36',''),(14,13,'Document','pac.pdf','121203214238_pac.pdf',41320,'application/pdf','772f4c5e9bc018f95f783efb2520d51c',0,5,'2012-12-03 21:42:38',''),(15,14,'Document','t+c=c_version_Draft-1.pdf','121203220417_d8b2b91cc6cb585068a94a5840e3fbb3.pdf',648858,'application/pdf','25d25e027d7552e9ab8e389327052189',0,5,'2012-12-03 22:04:17',''),(16,15,'Document','RH-TA.010 Arquitectura aplicativa-JGM.pdf','121203221205_9b9fb0b19caf4d5607361e6394ccd088.pdf',385900,'application/pdf','9c3e01ad5a386d5d02f8858991503cb4',0,5,'2012-12-03 22:12:05',''),(17,16,'Document','Informe_Perfeccionamiento_del_contrato_administrativo RESPUESTA 2012-06-11.pdf','121203221509_39b86a07864fa87583a61e77a697990c.pdf',280777,'application/pdf','7e218862c23745f339490a9397b4c318',0,5,'2012-12-03 22:15:09',''),(18,17,'Document','Politica de Certificacion AC ONTI.pdf','121205094952_8e78092aa547373236897d9d624dc7a3.pdf',2547537,NULL,'fcd01178b7b17f0d73d604e26fe7bcad',0,4,'2012-12-05 09:49:52',''),(19,18,'Document','Manual_de_Procedimiento AC ONTI.pdf','121205095310_b2a497b2e79ee6452b5d11566a54eba7.pdf',691442,'application/pdf','8a59512d60696ce3280ccc09b93dc660',0,4,'2012-12-05 09:53:10',''),(20,19,'Document','NOTAS Tipo para conformar la Autoridad de Registro (APN).docx','121205115232_85ccb9e64dcd7f19f9f048e18ba2bbfc.docx',24062,'application/vnd.openxmlformats-officedocument.wordprocessingml.document','61b3cdcdbd151383552fc9468f45c711',0,4,'2012-12-05 11:52:32',''),(21,20,'Document','NOTAS Tipo para conformar la Autoridad de Registro (Sector Publico).docx','121205115526_ae15099f3a1f046e8b234fe0ce4aaa8d.docx',28279,NULL,'00e365420fb56901f1f5df1e60ffcea9',0,4,'2012-12-05 11:55:26',''),(22,20,'Document','NOTAS Tipo para conformar la Autoridad de Registro (Sector Publico).docx','121205115614_ae15099f3a1f046e8b234fe0ce4aaa8d.docx',28279,'application/vnd.openxmlformats-officedocument.wordprocessingml.document','00e365420fb56901f1f5df1e60ffcea9',0,4,'2012-12-05 11:56:14',''),(23,21,'Document','Nota tipo asignacion de dominios.docx','121205115914_8df9991dd6cbd8c2b9cc9472dba187ce.docx',18826,'application/vnd.openxmlformats-officedocument.wordprocessingml.document','599b49691da4270299bd6500a8de67b3',0,4,'2012-12-05 11:59:14',''),(25,23,'Document','20120604_Pasos conformación AR.DOCX','121207135912_489a4ee10c02a341294f50de336d637f.DOCX',14826,'application/vnd.openxmlformats-officedocument.wordprocessingml.document','47e9ed5e7a76edd1571f46b1004a8494',0,4,'2012-12-07 13:59:12','');
/*!40000 ALTER TABLE `attachments` ENABLE KEYS */;
UNLOCK TABLES;

--
-- Table structure for table `auth_sources`
--

DROP TABLE IF EXISTS `auth_sources`;
/*!40101 SET @saved_cs_client     = @@character_set_client */;
/*!40101 SET character_set_client = utf8 */;
CREATE TABLE `auth_sources` (
  `id` int(11) NOT NULL AUTO_INCREMENT,
  `type` varchar(30) COLLATE utf8_unicode_ci NOT NULL DEFAULT '',
  `name` varchar(60) COLLATE utf8_unicode_ci NOT NULL DEFAULT '',
  `host` varchar(60) COLLATE utf8_unicode_ci DEFAULT NULL,
  `port` int(11) DEFAULT NULL,
  `account` varchar(255) COLLATE utf8_unicode_ci DEFAULT NULL,
  `account_password` varchar(255) COLLATE utf8_unicode_ci DEFAULT '',
  `base_dn` varchar(255) COLLATE utf8_unicode_ci DEFAULT NULL,
  `attr_login` varchar(30) COLLATE utf8_unicode_ci DEFAULT NULL,
  `attr_firstname` varchar(30) COLLATE utf8_unicode_ci DEFAULT NULL,
  `attr_lastname` varchar(30) COLLATE utf8_unicode_ci DEFAULT NULL,
  `attr_mail` varchar(30) COLLATE utf8_unicode_ci DEFAULT NULL,
  `onthefly_register` tinyint(1) NOT NULL DEFAULT '0',
  `tls` tinyint(1) NOT NULL DEFAULT '0',
  `filter` varchar(255) COLLATE utf8_unicode_ci DEFAULT NULL,
  PRIMARY KEY (`id`),
  KEY `index_auth_sources_on_id_and_type` (`id`,`type`)
) ENGINE=InnoDB DEFAULT CHARSET=utf8 COLLATE=utf8_unicode_ci;
/*!40101 SET character_set_client = @saved_cs_client */;

--
-- Dumping data for table `auth_sources`
--

LOCK TABLES `auth_sources` WRITE;
/*!40000 ALTER TABLE `auth_sources` DISABLE KEYS */;
/*!40000 ALTER TABLE `auth_sources` ENABLE KEYS */;
UNLOCK TABLES;

--
-- Table structure for table `boards`
--

DROP TABLE IF EXISTS `boards`;
/*!40101 SET @saved_cs_client     = @@character_set_client */;
/*!40101 SET character_set_client = utf8 */;
CREATE TABLE `boards` (
  `id` int(11) NOT NULL AUTO_INCREMENT,
  `project_id` int(11) NOT NULL,
  `name` varchar(255) COLLATE utf8_unicode_ci NOT NULL DEFAULT '',
  `description` varchar(255) COLLATE utf8_unicode_ci DEFAULT NULL,
  `position` int(11) DEFAULT '1',
  `topics_count` int(11) NOT NULL DEFAULT '0',
  `messages_count` int(11) NOT NULL DEFAULT '0',
  `last_message_id` int(11) DEFAULT NULL,
  PRIMARY KEY (`id`),
  KEY `boards_project_id` (`project_id`),
  KEY `index_boards_on_last_message_id` (`last_message_id`)
) ENGINE=InnoDB AUTO_INCREMENT=7 DEFAULT CHARSET=utf8 COLLATE=utf8_unicode_ci;
/*!40101 SET character_set_client = @saved_cs_client */;

--
-- Dumping data for table `boards`
--

LOCK TABLES `boards` WRITE;
/*!40000 ALTER TABLE `boards` DISABLE KEYS */;
INSERT INTO `boards` VALUES (1,2,'Funcionalidades Actuales','Aqui se intercambiarán experiencias acerca de las funcionalidades actuales del sistema',1,1,2,3),(2,2,'Funcionalidades Fúturas','Aqui los usuarios y la Autoridad de Aplciación debatirán las funcionalidades fúturas del sistema.',4,0,0,NULL),(3,2,'Funcional Próxima Versión','Aqui los usuarios y la Autoridad de Aplciación debatirán las funcionalidades de la siguiente versión del sistema.',3,0,0,NULL),(4,2,'Funcional vers. en Desarrollo','Aqui los usuarios y la Autoridad de Aplicación debatirán los detalles funcionales de la versión del sistema.',2,0,0,NULL),(5,2,'Técnico','Foro técnico de desarrolladores y arquitectos del firmador Digital - ONTI',5,0,0,NULL),(6,5,'Foro prueba','prueba',1,2,7,12);
/*!40000 ALTER TABLE `boards` ENABLE KEYS */;
UNLOCK TABLES;

--
-- Table structure for table `changes`
--

DROP TABLE IF EXISTS `changes`;
/*!40101 SET @saved_cs_client     = @@character_set_client */;
/*!40101 SET character_set_client = utf8 */;
CREATE TABLE `changes` (
  `id` int(11) NOT NULL AUTO_INCREMENT,
  `changeset_id` int(11) NOT NULL,
  `action` varchar(1) COLLATE utf8_unicode_ci NOT NULL DEFAULT '',
  `path` text COLLATE utf8_unicode_ci NOT NULL,
  `from_path` text COLLATE utf8_unicode_ci,
  `from_revision` varchar(255) COLLATE utf8_unicode_ci DEFAULT NULL,
  `revision` varchar(255) COLLATE utf8_unicode_ci DEFAULT NULL,
  `branch` varchar(255) COLLATE utf8_unicode_ci DEFAULT NULL,
  PRIMARY KEY (`id`),
  KEY `changesets_changeset_id` (`changeset_id`)
) ENGINE=InnoDB AUTO_INCREMENT=85 DEFAULT CHARSET=utf8 COLLATE=utf8_unicode_ci;
/*!40101 SET character_set_client = @saved_cs_client */;

--
-- Dumping data for table `changes`
--

LOCK TABLES `changes` WRITE;
/*!40000 ALTER TABLE `changes` DISABLE KEYS */;
INSERT INTO `changes` VALUES (6,6,'A','readme.txt',NULL,NULL,NULL,NULL),(7,7,'A','README',NULL,NULL,NULL,NULL),(8,7,'A','VERSION',NULL,NULL,NULL,NULL),(9,7,'A','app/resource/images/ErrorCircle-64.png',NULL,NULL,NULL,NULL),(10,7,'A','app/resource/images/Help-32.png',NULL,NULL,NULL,NULL),(11,7,'A','app/resource/images/InfoBox-64.png',NULL,NULL,NULL,NULL),(12,7,'A','app/resource/images/OKShield-64.png',NULL,NULL,NULL,NULL),(13,7,'A','app/resource/images/flecha-derecha.png',NULL,NULL,NULL,NULL),(14,7,'A','app/resource/images/folder_new.png',NULL,NULL,NULL,NULL),(15,7,'A','app/resource/images/fondo.jpg',NULL,NULL,NULL,NULL),(16,7,'A','app/resource/images/logo_jgm.gif',NULL,NULL,NULL,NULL),(17,7,'A','app/resource/images/ok.png',NULL,NULL,NULL,NULL),(18,7,'A','app/resource/images/sign.png',NULL,NULL,NULL,NULL),(19,7,'A','app/resource/images/view.png',NULL,NULL,NULL,NULL),(20,7,'A','app/resource/images/watermark.jpg',NULL,NULL,NULL,NULL),(21,7,'A','app/resource/images/watermark.png',NULL,NULL,NULL,NULL),(22,7,'A','app/resource/properties/firma.properties',NULL,NULL,NULL,NULL),(23,7,'A','app/resource/properties/firma_es_AR - copia.properties',NULL,NULL,NULL,NULL),(24,7,'A','app/resource/properties/firma_es_AR.properties',NULL,NULL,NULL,NULL),(25,7,'A','app/src/ar/gob/onti/firmador/controler/FileSystem.java',NULL,NULL,NULL,NULL),(26,7,'A','app/src/ar/gob/onti/firmador/controler/FirmaControler.java',NULL,NULL,NULL,NULL),(27,7,'A','app/src/ar/gob/onti/firmador/controler/PdfControler.java',NULL,NULL,NULL,NULL),(28,7,'A','app/src/ar/gob/onti/firmador/controler/StoreDctnry.java',NULL,NULL,NULL,NULL),(29,7,'A','app/src/ar/gob/onti/firmador/controler/conection/HttpFileConnection.java',NULL,NULL,NULL,NULL),(30,7,'A','app/src/ar/gob/onti/firmador/controler/conection/HttpFileDownLoader.java',NULL,NULL,NULL,NULL),(31,7,'A','app/src/ar/gob/onti/firmador/controler/conection/HttpFileUploader.java',NULL,NULL,NULL,NULL),(32,7,'A','app/src/ar/gob/onti/firmador/exception/MozillaKeyStoreException.java',NULL,NULL,NULL,NULL),(33,7,'A','app/src/ar/gob/onti/firmador/exception/MozillaNotFoundException.java',NULL,NULL,NULL,NULL),(34,7,'A','app/src/ar/gob/onti/firmador/model/AppleSafari.java',NULL,NULL,NULL,NULL),(35,7,'A','app/src/ar/gob/onti/firmador/model/CRLInfo.java',NULL,NULL,NULL,NULL),(36,7,'A','app/src/ar/gob/onti/firmador/model/Mozilla.java',NULL,NULL,NULL,NULL),(37,7,'A','app/src/ar/gob/onti/firmador/model/PreguntaRespuesta.java',NULL,NULL,NULL,NULL),(38,7,'A','app/src/ar/gob/onti/firmador/model/PreguntasRespuestas.java',NULL,NULL,NULL,NULL),(39,7,'A','app/src/ar/gob/onti/firmador/model/PropsConfig.java',NULL,NULL,NULL,NULL),(40,7,'A','app/src/ar/gob/onti/firmador/model/Proxy.java',NULL,NULL,NULL,NULL),(41,7,'A','app/src/ar/gob/onti/firmador/model/RegQuery.java',NULL,NULL,NULL,NULL),(42,7,'A','app/src/ar/gob/onti/firmador/model/certificatelist/AbstractTreeTableModel.java',NULL,NULL,NULL,NULL),(43,7,'A','app/src/ar/gob/onti/firmador/model/certificatelist/CertifsModel.java',NULL,NULL,NULL,NULL),(44,7,'A','app/src/ar/gob/onti/firmador/model/certificatelist/ComparatorAliasCert.java',NULL,NULL,NULL,NULL),(45,7,'A','app/src/ar/gob/onti/firmador/model/certificatelist/TreeTableModel.java',NULL,NULL,NULL,NULL),(46,7,'A','app/src/ar/gob/onti/firmador/util/Util.java',NULL,NULL,NULL,NULL),(47,7,'A','app/src/ar/gob/onti/firmador/view/DialogSecure.java',NULL,NULL,NULL,NULL),(48,7,'A','app/src/ar/gob/onti/firmador/view/FirmaApplet.java',NULL,NULL,NULL,NULL),(49,7,'A','app/src/ar/gob/onti/firmador/view/JSCommands.java',NULL,NULL,NULL,NULL),(50,7,'A','app/src/ar/gob/onti/firmador/view/PanelPrincipal.java',NULL,NULL,NULL,NULL),(51,7,'A','app/src/ar/gob/onti/firmador/view/VentanaPrincipal.java',NULL,NULL,NULL,NULL),(52,7,'A','app/src/ar/gob/onti/firmador/view/certificatelist/AbstractCellEditor.java',NULL,NULL,NULL,NULL),(53,7,'A','app/src/ar/gob/onti/firmador/view/certificatelist/CertsTreeTable.java',NULL,NULL,NULL,NULL),(54,7,'A','app/src/ar/gob/onti/firmador/view/certificatelist/JTreeTable.java',NULL,NULL,NULL,NULL),(55,7,'A','app/src/ar/gob/onti/firmador/view/certificatelist/TreeTableModelAdapter.java',NULL,NULL,NULL,NULL),(56,7,'A','app/src/ar/gob/onti/firmador/view/questionlist/QuestionList.java',NULL,NULL,NULL,NULL),(57,7,'A','pom.xml',NULL,NULL,NULL,NULL),(58,7,'A','pom_parents.xml',NULL,NULL,NULL,NULL),(59,7,'A','test/resource/Cert_test.pfx',NULL,NULL,NULL,NULL),(60,7,'A','test/resource/caceresCer.pfx',NULL,NULL,NULL,NULL),(61,7,'A','test/resource/secoptesteo.pfx',NULL,NULL,NULL,NULL),(62,7,'A','test/src/ar/gob/onti/firmador/controler/test/FirmaControlerTest.java',NULL,NULL,NULL,NULL),(63,7,'A','test/src/ar/gob/onti/firmador/controler/test/PdfControlerTest.java',NULL,NULL,NULL,NULL),(64,7,'A','test/src/ar/gob/onti/firmador/model/certificatelist/test/StoreDctnryTest.java',NULL,NULL,NULL,NULL),(65,7,'A','test/src/ar/gob/onti/firmador/model/test/HttpFileDownLoaderTest.java',NULL,NULL,NULL,NULL),(66,7,'A','test/src/ar/gob/onti/firmador/model/test/HttpFileUploaderTest.java',NULL,NULL,NULL,NULL),(67,7,'A','test/src/ar/gob/onti/firmador/model/test/MozillaTest.java',NULL,NULL,NULL,NULL),(68,7,'A','test/src/ar/gob/onti/firmador/model/test/PropsConfigTest.java',NULL,NULL,NULL,NULL),(69,8,'M','app/resource/properties/firma.properties',NULL,NULL,NULL,NULL),(70,8,'M','app/resource/properties/firma_es_AR - copia.properties',NULL,NULL,NULL,NULL),(71,8,'M','app/resource/properties/firma_es_AR.properties',NULL,NULL,NULL,NULL),(72,8,'M','app/src/ar/gob/onti/firmador/controler/FileSystem.java',NULL,NULL,NULL,NULL),(73,8,'M','app/src/ar/gob/onti/firmador/controler/FirmaControler.java',NULL,NULL,NULL,NULL),(74,8,'M','app/src/ar/gob/onti/firmador/controler/PdfControler.java',NULL,NULL,NULL,NULL),(75,8,'M','app/src/ar/gob/onti/firmador/controler/conection/HttpFileUploader.java',NULL,NULL,NULL,NULL),(76,8,'A','app/src/ar/gob/onti/firmador/exception/ChromeKeyStoreException.java',NULL,NULL,NULL,NULL),(77,8,'A','app/src/ar/gob/onti/firmador/exception/ChromeNotFoundException.java',NULL,NULL,NULL,NULL),(78,8,'A','app/src/ar/gob/onti/firmador/model/ChromeLinux.java',NULL,NULL,NULL,NULL),(79,8,'M','app/src/ar/gob/onti/firmador/model/Mozilla.java',NULL,NULL,NULL,NULL),(80,8,'M','app/src/ar/gob/onti/firmador/model/PropsConfig.java',NULL,NULL,NULL,NULL),(81,8,'M','app/src/ar/gob/onti/firmador/view/FirmaApplet.java',NULL,NULL,NULL,NULL),(82,9,'M','README',NULL,NULL,NULL,NULL),(83,10,'M','README',NULL,NULL,NULL,NULL),(84,10,'M','pom.xml',NULL,NULL,NULL,NULL);
/*!40000 ALTER TABLE `changes` ENABLE KEYS */;
UNLOCK TABLES;

--
-- Table structure for table `changeset_parents`
--

DROP TABLE IF EXISTS `changeset_parents`;
/*!40101 SET @saved_cs_client     = @@character_set_client */;
/*!40101 SET character_set_client = utf8 */;
CREATE TABLE `changeset_parents` (
  `changeset_id` int(11) NOT NULL,
  `parent_id` int(11) NOT NULL,
  KEY `changeset_parents_changeset_ids` (`changeset_id`),
  KEY `changeset_parents_parent_ids` (`parent_id`)
) ENGINE=InnoDB DEFAULT CHARSET=utf8 COLLATE=utf8_unicode_ci;
/*!40101 SET character_set_client = @saved_cs_client */;

--
-- Dumping data for table `changeset_parents`
--

LOCK TABLES `changeset_parents` WRITE;
/*!40000 ALTER TABLE `changeset_parents` DISABLE KEYS */;
INSERT INTO `changeset_parents` VALUES (7,6),(8,7),(9,8),(10,9);
/*!40000 ALTER TABLE `changeset_parents` ENABLE KEYS */;
UNLOCK TABLES;

--
-- Table structure for table `changesets`
--

DROP TABLE IF EXISTS `changesets`;
/*!40101 SET @saved_cs_client     = @@character_set_client */;
/*!40101 SET character_set_client = utf8 */;
CREATE TABLE `changesets` (
  `id` int(11) NOT NULL AUTO_INCREMENT,
  `repository_id` int(11) NOT NULL,
  `revision` varchar(255) COLLATE utf8_unicode_ci NOT NULL,
  `committer` varchar(255) COLLATE utf8_unicode_ci DEFAULT NULL,
  `committed_on` datetime NOT NULL,
  `comments` text COLLATE utf8_unicode_ci,
  `commit_date` date DEFAULT NULL,
  `scmid` varchar(255) COLLATE utf8_unicode_ci DEFAULT NULL,
  `user_id` int(11) DEFAULT NULL,
  PRIMARY KEY (`id`),
  UNIQUE KEY `changesets_repos_rev` (`repository_id`,`revision`),
  KEY `index_changesets_on_user_id` (`user_id`),
  KEY `index_changesets_on_repository_id` (`repository_id`),
  KEY `index_changesets_on_committed_on` (`committed_on`),
  KEY `changesets_repos_scmid` (`repository_id`,`scmid`)
) ENGINE=InnoDB AUTO_INCREMENT=11 DEFAULT CHARSET=utf8 COLLATE=utf8_unicode_ci;
/*!40101 SET character_set_client = @saved_cs_client */;

--
-- Dumping data for table `changesets`
--

LOCK TABLES `changesets` WRITE;
/*!40000 ALTER TABLE `changesets` DISABLE KEYS */;
INSERT INTO `changesets` VALUES (6,3,'9c5a9bfd4bdedfa8bcdc5e942e3b0aeea5f2a6eb','Andres Sosto <asosto@gmail.com>','2012-10-10 18:38:10','Initializing Firmador digital repository','2012-10-10','9c5a9bfd4bdedfa8bcdc5e942e3b0aeea5f2a6eb',NULL),(7,3,'6df9d8d73180292e8eb4af9dc27ec9b7328821d3','Andres Sosto <asosto@gmail.com>','2012-10-10 18:49:01','Initial project commit','2012-10-10','6df9d8d73180292e8eb4af9dc27ec9b7328821d3',NULL),(8,3,'c6a9d205efe718b2b6f27f2dd5ca470569194168','Fabian Collado <fabian@enyetech.com>','2012-10-15 17:14:48','Compatibilidad para Firefox 32 y 64 bit en Linux. Inicio de desarrollo de acceso de keystore para Chrome en Linux. Correcci?n de validaci?n de respuesta de servicio de output mediante status 200. Los archivos pdf en la carpeta temporal se graban con nombres random, para evitar conflictos al firmar documentos pdf consecutivos con el mismo nombre y abiertos en Acrobat Reader. Si falla el borrado del pdf temporal, igualmente continua, permite abrir el pdf con el Acrobat Reader y firmarlo al mismo tiempo','2012-10-15','c6a9d205efe718b2b6f27f2dd5ca470569194168',NULL),(9,3,'2a492d3b18c5c02afab84f2a61b5e0d85cf946d1','Fabian Collado <fabian@enyetech.com>','2012-10-17 13:16:49','Correccion del pom.xml para contemplar la configuraci?n del keystore','2012-10-17','2a492d3b18c5c02afab84f2a61b5e0d85cf946d1',NULL),(10,3,'53105af80fd65cd9404dbeecbaaa6b531be672fe','Fabian Collado <fabian@enyetech.com>','2012-10-18 17:06:33','Creacion de perfiles de compilaci?n para test y producci?n. Firmado mediante variables de entorno','2012-10-18','53105af80fd65cd9404dbeecbaaa6b531be672fe',NULL);
/*!40000 ALTER TABLE `changesets` ENABLE KEYS */;
UNLOCK TABLES;

--
-- Table structure for table `changesets_issues`
--

DROP TABLE IF EXISTS `changesets_issues`;
/*!40101 SET @saved_cs_client     = @@character_set_client */;
/*!40101 SET character_set_client = utf8 */;
CREATE TABLE `changesets_issues` (
  `changeset_id` int(11) NOT NULL,
  `issue_id` int(11) NOT NULL,
  UNIQUE KEY `changesets_issues_ids` (`changeset_id`,`issue_id`)
) ENGINE=InnoDB DEFAULT CHARSET=utf8 COLLATE=utf8_unicode_ci;
/*!40101 SET character_set_client = @saved_cs_client */;

--
-- Dumping data for table `changesets_issues`
--

LOCK TABLES `changesets_issues` WRITE;
/*!40000 ALTER TABLE `changesets_issues` DISABLE KEYS */;
/*!40000 ALTER TABLE `changesets_issues` ENABLE KEYS */;
UNLOCK TABLES;

--
-- Table structure for table `comments`
--

DROP TABLE IF EXISTS `comments`;
/*!40101 SET @saved_cs_client     = @@character_set_client */;
/*!40101 SET character_set_client = utf8 */;
CREATE TABLE `comments` (
  `id` int(11) NOT NULL AUTO_INCREMENT,
  `commented_type` varchar(30) COLLATE utf8_unicode_ci NOT NULL DEFAULT '',
  `commented_id` int(11) NOT NULL DEFAULT '0',
  `author_id` int(11) NOT NULL DEFAULT '0',
  `comments` text COLLATE utf8_unicode_ci,
  `created_on` datetime NOT NULL,
  `updated_on` datetime NOT NULL,
  PRIMARY KEY (`id`),
  KEY `index_comments_on_commented_id_and_commented_type` (`commented_id`,`commented_type`),
  KEY `index_comments_on_author_id` (`author_id`)
) ENGINE=InnoDB DEFAULT CHARSET=utf8 COLLATE=utf8_unicode_ci;
/*!40101 SET character_set_client = @saved_cs_client */;

--
-- Dumping data for table `comments`
--

LOCK TABLES `comments` WRITE;
/*!40000 ALTER TABLE `comments` DISABLE KEYS */;
/*!40000 ALTER TABLE `comments` ENABLE KEYS */;
UNLOCK TABLES;

--
-- Table structure for table `custom_fields`
--

DROP TABLE IF EXISTS `custom_fields`;
/*!40101 SET @saved_cs_client     = @@character_set_client */;
/*!40101 SET character_set_client = utf8 */;
CREATE TABLE `custom_fields` (
  `id` int(11) NOT NULL AUTO_INCREMENT,
  `type` varchar(30) COLLATE utf8_unicode_ci NOT NULL DEFAULT '',
  `name` varchar(30) COLLATE utf8_unicode_ci NOT NULL DEFAULT '',
  `field_format` varchar(30) COLLATE utf8_unicode_ci NOT NULL DEFAULT '',
  `possible_values` text COLLATE utf8_unicode_ci,
  `regexp` varchar(255) COLLATE utf8_unicode_ci DEFAULT '',
  `min_length` int(11) NOT NULL DEFAULT '0',
  `max_length` int(11) NOT NULL DEFAULT '0',
  `is_required` tinyint(1) NOT NULL DEFAULT '0',
  `is_for_all` tinyint(1) NOT NULL DEFAULT '0',
  `is_filter` tinyint(1) NOT NULL DEFAULT '0',
  `position` int(11) DEFAULT '1',
  `searchable` tinyint(1) DEFAULT '0',
  `default_value` text COLLATE utf8_unicode_ci,
  `editable` tinyint(1) DEFAULT '1',
  `visible` tinyint(1) NOT NULL DEFAULT '1',
  `multiple` tinyint(1) DEFAULT '0',
  PRIMARY KEY (`id`),
  KEY `index_custom_fields_on_id_and_type` (`id`,`type`)
) ENGINE=InnoDB AUTO_INCREMENT=6 DEFAULT CHARSET=utf8 COLLATE=utf8_unicode_ci;
/*!40101 SET character_set_client = @saved_cs_client */;

--
-- Dumping data for table `custom_fields`
--

LOCK TABLES `custom_fields` WRITE;
/*!40000 ALTER TABLE `custom_fields` DISABLE KEYS */;
INSERT INTO `custom_fields` VALUES (2,'ProjectCustomField','Funcionalidad','list','--- \n- \"001 Software de gesti\\xC3\\xB3n de datos | Gesti\\xC3\\xB3n de base de datos\"\n- \"002 Software de gesti\\xC3\\xB3n de datos | Modelado de base de datos\"\n- \"003 Software de gesti\\xC3\\xB3n de datos | Administraci\\xC3\\xB3n y an\\xC3\\xA1lisis de datos\"\n- \"004 Software de gesti\\xC3\\xB3n de datos | An\\xC3\\xA1lisis web\"\n- \"005 Software de gesti\\xC3\\xB3n de datos | Almac\\xC3\\xA9n de datos\"\n- \"006 Software de gesti\\xC3\\xB3n de datos | Business Intelligence\"\n- \"007 Gesti\\xC3\\xB3n de la informaci\\xC3\\xB3n | Portal\"\n- \"008 Gesti\\xC3\\xB3n de la informaci\\xC3\\xB3n | Gesti\\xC3\\xB3n de contenido web\"\n- \"009 Gesti\\xC3\\xB3n de la informaci\\xC3\\xB3n | Medios sociales\"\n- \"010 Gesti\\xC3\\xB3n de la informaci\\xC3\\xB3n | Administraci\\xC3\\xB3n de registros\"\n- \"011 Gesti\\xC3\\xB3n de la informaci\\xC3\\xB3n | Gesti\\xC3\\xB3n documental\"\n- \"012 Gesti\\xC3\\xB3n de la informaci\\xC3\\xB3n | Gesti\\xC3\\xB3n de activos digitales\"\n- \"013 Gesti\\xC3\\xB3n de la informaci\\xC3\\xB3n | Escaneo de documentos y reconocimiento de im\\xC3\\xA1genes\"\n- \"014 Gesti\\xC3\\xB3n de la informaci\\xC3\\xB3n | Acceso y b\\xC3\\xBAsqueda de informaci\\xC3\\xB3n\"\n- \"015 Gesti\\xC3\\xB3n de la informaci\\xC3\\xB3n | Flujo de trabajo y colaboraci\\xC3\\xB3n\"\n- \"016 Gesti\\xC3\\xB3n de la informaci\\xC3\\xB3n | Formulario electr\\xC3\\xB3nico\"\n- \"017 Gesti\\xC3\\xB3n de recursos corporativos | Administraci\\xC3\\xB3n de relaciones de clientes (CRM)\"\n- \"018 Gesti\\xC3\\xB3n de recursos corporativos | Planificaci\\xC3\\xB3n de recursos corporativos (ERP)\"\n- \"019 Gesti\\xC3\\xB3n de recursos corporativos | Preparaci\\xC3\\xB3n de presupuesto\"\n- \"020 Gesti\\xC3\\xB3n de recursos corporativos | Auditor\\xC3\\xADa financiera\"\n- \"021 Gesti\\xC3\\xB3n de recursos corporativos | Gerencia\"\n- \"022 Gesti\\xC3\\xB3n de recursos corporativos | Administraci\\xC3\\xB3n de adquisiciones y contratos\"\n- \"023 Gesti\\xC3\\xB3n de recursos corporativos | Administraci\\xC3\\xB3n de subsidios y contribuciones\"\n- \"024 Gesti\\xC3\\xB3n de recursos corporativos | Administraci\\xC3\\xB3n de inventario y activos\"\n- \"025 Gesti\\xC3\\xB3n de recursos corporativos | Administraci\\xC3\\xB3n de bibliotecas\"\n- \"026 Gesti\\xC3\\xB3n de recursos corporativos | Administraci\\xC3\\xB3n de pensiones\"\n- \"027 Gesti\\xC3\\xB3n de recursos corporativos | Administraci\\xC3\\xB3n de salarios y n\\xC3\\xB3minas\"\n- \"028 Gesti\\xC3\\xB3n de recursos corporativos | Evaluaci\\xC3\\xB3n, selecci\\xC3\\xB3n y administraci\\xC3\\xB3n de recursos humanos\"\n- \"029 Gesti\\xC3\\xB3n de recursos corporativos | Administraci\\xC3\\xB3n de proveedores\"\n- \"030 Gesti\\xC3\\xB3n de recursos corporativos | C\\xC3\\xB3digo de barras y rotulado\"\n- \"031 Software para la productividad | Calendario y planificaci\\xC3\\xB3n\"\n- \"032 Software para la productividad | Edici\\xC3\\xB3n\"\n- \"033 Software para la productividad | Correo electr\\xC3\\xB3nico y mensajer\\xC3\\xADa\"\n- \"034 Software para la productividad | Dise\\xC3\\xB1o gr\\xC3\\xA1fico y visualizaci\\xC3\\xB3n\"\n- 035 Software para la productividad | Audio y video\n- 036 Software para la productividad | Streaming multimedia\n- \"037 Software para la productividad | Ofim\\xC3\\xA1tica\"\n- \"038 Software para la productividad | Administraci\\xC3\\xB3n de informaci\\xC3\\xB3n personal\"\n- 039 Software para la productividad | Documentos portables\n- \"040 Software para la productividad | Administraci\\xC3\\xB3n de proyectos\"\n- \"041 Software para la productividad | Composici\\xC3\\xB3n de contenido estructurado\"\n- \"042 Software para la productividad | Educaci\\xC3\\xB3n y entrenamiento a distancia\"\n- \"043 Software para la productividad | Traducci\\xC3\\xB3n\"\n- 044 Software de infraestructura de red | Archivado\n- 045 Software de infraestructura de red | Copias de seguridad\n- \"046 Software de infraestructura de red | Migraci\\xC3\\xB3n de datos\"\n- \"047 Software de infraestructura de red | Servicios de archivos e impresi\\xC3\\xB3n\"\n- 048 Software de infraestructura de red | Comunicaciones en red\n- 049 Software de infraestructura de red | Almacenamiento en red\n- 050 Software de infraestructura de red | Escritorio remoto\n- 051 Software de infraestructura de red | Fax\n- 052 Software de infraestructura de red | Comunicaciones unificadas\n- 053 Software de seguridad | Anti-Malware\n- \"054 Software de seguridad | Biom\\xC3\\xA9trico\"\n- \"055 Software de seguridad | Prevenci\\xC3\\xB3n de p\\xC3\\xA9rdida de datos\"\n- 056 Software de seguridad | Cifrado\n- 057 Software de seguridad | Firewall\n- \"058 Software de seguridad | Gesti\\xC3\\xB3n de identidad\"\n- 059 Software de seguridad | Monitoreo, filtrado y control de acceso a internet\n- \"060 Software de seguridad | Prevenci\\xC3\\xB3n y detecci\\xC3\\xB3n de intrusiones\"\n- \"061 Software de seguridad | Gesti\\xC3\\xB3n de eventos de seguridad\"\n- \"062 Software de seguridad | Infraestructura de clave p\\xC3\\xBAblica\"\n- 063 Software de seguridad | Acceso remoto\n- \"064 Software de seguridad | Gesti\\xC3\\xB3n de amenazas unificado\"\n- \"065 Software cient\\xC3\\xADfico y de ingenier\\xC3\\xADa | Dise\\xC3\\xB1o, ingenier\\xC3\\xADa y manufactura asistidas por computadora (CAD, CAE, CAM)\"\n- \"066 Software cient\\xC3\\xADfico y de ingenier\\xC3\\xADa | Sistemas de control de equipamiento\"\n- \"067 Software cient\\xC3\\xADfico y de ingenier\\xC3\\xADa | Sistemas de informaci\\xC3\\xB3n geogr\\xC3\\xA1fica (GIS)\"\n- \"068 Software cient\\xC3\\xADfico y de ingenier\\xC3\\xADa | Equipamiento m\\xC3\\xA9dico y de laboratorio\"\n- \"069 Software cient\\xC3\\xADfico y de ingenier\\xC3\\xADa | Computacional y matem\\xC3\\xA1tico\"\n- \"070 Software cient\\xC3\\xADfico y de ingenier\\xC3\\xADa | An\\xC3\\xA1lisis estad\\xC3\\xADstico\"\n- \"071 Software para desarrollo | Gesti\\xC3\\xB3n de ciclo de vida\"\n- 072 Software para desarrollo | Testing de software\n- \"073 Software para desarrollo | Dise\\xC3\\xB1o de arquitectura\"\n- 074 Software para desarrollo | Desarrollo web\n- \"075 Middleware | Infraestructura de aplicaci\\xC3\\xB3n\"\n- \"076 Middleware | Integraci\\xC3\\xB3n y conectividad de aplicaciones\"\n- 077 Middleware | E-Commerce\n- 078 Middleware | Middleware orientado a mensajes (MOM)\n- 079 Middleware | Gobierno SOA\n','',0,0,0,0,0,1,1,'',1,1,1),(3,'ProjectCustomField','Es comunidad de aplicación','bool','--- []\n\n','',0,0,0,0,0,2,0,NULL,1,1,0),(4,'ProjectCustomField','Tipo de comunidad','list','--- \n- \"Comunidad de innovaci\\xC3\\xB3n\"\n- Comunidad funcional\n- \"Comunidad de aplicaci\\xC3\\xB3n\"\n','',0,0,1,0,0,3,1,'Comunidad de innovación',1,1,0),(5,'ProjectCustomField','Tecnología','list','--- \n- \"1001 Lenguaje de programaci\\xC3\\xB3n | ActionScript\"\n- \"1002 Lenguaje de programaci\\xC3\\xB3n | Ada\"\n- \"1003 Lenguaje de programaci\\xC3\\xB3n | Algol\"\n- \"1004 Lenguaje de programaci\\xC3\\xB3n | AppleScript\"\n- \"1005 Lenguaje de programaci\\xC3\\xB3n | ASP.NET\"\n- \"1006 Lenguaje de programaci\\xC3\\xB3n | Assembly\"\n- \"1007 Lenguaje de programaci\\xC3\\xB3n | AWK\"\n- \"1008 Lenguaje de programaci\\xC3\\xB3n | Bash\"\n- \"1009 Lenguaje de programaci\\xC3\\xB3n | BASIC\"\n- \"1010 Lenguaje de programaci\\xC3\\xB3n | Batch\"\n- \"1011 Lenguaje de programaci\\xC3\\xB3n | C\"\n- \"1012 Lenguaje de programaci\\xC3\\xB3n | C++\"\n- \"1013 Lenguaje de programaci\\xC3\\xB3n | C#\"\n- \"1014 Lenguaje de programaci\\xC3\\xB3n | Caml\"\n- \"1015 Lenguaje de programaci\\xC3\\xB3n | Clarion\"\n- \"1016 Lenguaje de programaci\\xC3\\xB3n | Clipper\"\n- \"1017 Lenguaje de programaci\\xC3\\xB3n | COBOL\"\n- \"1018 Lenguaje de programaci\\xC3\\xB3n | CobolScript\"\n- \"1019 Lenguaje de programaci\\xC3\\xB3n | ColdFusion\"\n- \"1020 Lenguaje de programaci\\xC3\\xB3n | Coq\"\n- \"1021 Lenguaje de programaci\\xC3\\xB3n | dBase\"\n- \"1022 Lenguaje de programaci\\xC3\\xB3n | Delphi\"\n- \"1023 Lenguaje de programaci\\xC3\\xB3n | Eiffel\"\n- \"1024 Lenguaje de programaci\\xC3\\xB3n | Erlang\"\n- \"1025 Lenguaje de programaci\\xC3\\xB3n | Fortran\"\n- \"1026 Lenguaje de programaci\\xC3\\xB3n | FoxBase\"\n- \"1027 Lenguaje de programaci\\xC3\\xB3n | FoxPro\"\n- \"1028 Lenguaje de programaci\\xC3\\xB3n | Go\"\n- \"1029 Lenguaje de programaci\\xC3\\xB3n | Haskell\"\n- \"1030 Lenguaje de programaci\\xC3\\xB3n | HyperTalk\"\n- \"1031 Lenguaje de programaci\\xC3\\xB3n | Java\"\n- \"1032 Lenguaje de programaci\\xC3\\xB3n | JavaScript\"\n- \"1033 Lenguaje de programaci\\xC3\\xB3n | JScript\"\n- \"1034 Lenguaje de programaci\\xC3\\xB3n | JavaFX Script\"\n- \"1035 Lenguaje de programaci\\xC3\\xB3n | LaTeX\"\n- \"1036 Lenguaje de programaci\\xC3\\xB3n | Lisp\"\n- \"1037 Lenguaje de programaci\\xC3\\xB3n | Lite-C\"\n- \"1038 Lenguaje de programaci\\xC3\\xB3n | LOGO\"\n- \"1039 Lenguaje de programaci\\xC3\\xB3n | Lua\"\n- \"1040 Lenguaje de programaci\\xC3\\xB3n | Lynx\"\n- \"1041 Lenguaje de programaci\\xC3\\xB3n | make\"\n- \"1042 Lenguaje de programaci\\xC3\\xB3n | Mathematica\"\n- \"1043 Lenguaje de programaci\\xC3\\xB3n | MATLAB\"\n- \"1044 Lenguaje de programaci\\xC3\\xB3n | Mesa\"\n- \"1045 Lenguaje de programaci\\xC3\\xB3n | Miranda\"\n- \"1046 Lenguaje de programaci\\xC3\\xB3n | ML\"\n- \"1047 Lenguaje de programaci\\xC3\\xB3n | Modula\"\n- \"1048 Lenguaje de programaci\\xC3\\xB3n | Objetive-C\"\n- \"1049 Lenguaje de programaci\\xC3\\xB3n | OCaml\"\n- \"1050 Lenguaje de programaci\\xC3\\xB3n | Octave\"\n- \"1051 Lenguaje de programaci\\xC3\\xB3n | Oxygene\"\n- \"1052 Lenguaje de programaci\\xC3\\xB3n | Pascal\"\n- \"1053 Lenguaje de programaci\\xC3\\xB3n | Perl\"\n- \"1054 Lenguaje de programaci\\xC3\\xB3n | PHP\"\n- \"1055 Lenguaje de programaci\\xC3\\xB3n | Postscript\"\n- \"1056 Lenguaje de programaci\\xC3\\xB3n | PowerBuilder\"\n- \"1057 Lenguaje de programaci\\xC3\\xB3n | Prolog\"\n- \"1058 Lenguaje de programaci\\xC3\\xB3n | Python\"\n- \"1059 Lenguaje de programaci\\xC3\\xB3n | Ruby\"\n- \"1060 Lenguaje de programaci\\xC3\\xB3n | Scala\"\n- \"1061 Lenguaje de programaci\\xC3\\xB3n | Script.NET\"\n- \"1062 Lenguaje de programaci\\xC3\\xB3n | Smalltalk\"\n- \"1063 Lenguaje de programaci\\xC3\\xB3n | Tcl\"\n- \"1064 Lenguaje de programaci\\xC3\\xB3n | TeX\"\n- \"1065 Lenguaje de programaci\\xC3\\xB3n | VBScript\"\n- \"1066 Lenguaje de programaci\\xC3\\xB3n | Verilog\"\n- \"1067 Lenguaje de programaci\\xC3\\xB3n | VHDL\"\n- \"1068 Lenguaje de programaci\\xC3\\xB3n | Visual Basic\"\n- \"1069 Lenguaje de programaci\\xC3\\xB3n | Visual Basic.NET\"\n- \"1070 Lenguaje de programaci\\xC3\\xB3n | Visual C#\"\n- \"1071 Lenguaje de programaci\\xC3\\xB3n | Visual FoxPro\"\n- 1072 Plataforma | Sistema operativo | Apple OSX\n- 1073 Plataforma | Sistema operativo | Windows 95\n- 1074 Plataforma | Sistema operativo | Windows 98\n- 1075 Plataforma | Sistema operativo | Windows ME\n- 1076 Plataforma | Sistema operativo | Windows NT 3\n- 1077 Plataforma | Sistema operativo | Windows NT 4\n- 1078 Plataforma | Sistema operativo | Windows 2000\n- 1079 Plataforma | Sistema operativo | Windows XP\n- 1080 Plataforma | Sistema operativo | Windows Server 2003\n- 1081 Plataforma | Sistema operativo | Windows Vista\n- 1082 Plataforma | Sistema operativo | Windows Server 2008\n- 1083 Plataforma | Sistema operativo | Windows 7\n- 1084 Plataforma | Sistema operativo | Windows 8\n- 1085 Plataforma | Sistema operativo | Windows 8 Server\n- 1086 Plataforma | Sistema operativo | Windows CE\n- 1087 Plataforma | Sistema operativo | Windows Phone\n- 1088 Plataforma | Sistema operativo | Windows Phone 8\n- 1089 Plataforma | Sistema operativo | Android\n- 1090 Plataforma | Sistema operativo | Linux\n- 1091 Plataforma | Sistema operativo | BSD\n- 1092 Plataforma | Sistema operativo | Otros\n','',0,0,0,0,0,4,0,'',1,1,1);
/*!40000 ALTER TABLE `custom_fields` ENABLE KEYS */;
UNLOCK TABLES;

--
-- Table structure for table `custom_fields_projects`
--

DROP TABLE IF EXISTS `custom_fields_projects`;
/*!40101 SET @saved_cs_client     = @@character_set_client */;
/*!40101 SET character_set_client = utf8 */;
CREATE TABLE `custom_fields_projects` (
  `custom_field_id` int(11) NOT NULL DEFAULT '0',
  `project_id` int(11) NOT NULL DEFAULT '0',
  KEY `index_custom_fields_projects_on_custom_field_id_and_project_id` (`custom_field_id`,`project_id`)
) ENGINE=InnoDB DEFAULT CHARSET=utf8 COLLATE=utf8_unicode_ci;
/*!40101 SET character_set_client = @saved_cs_client */;

--
-- Dumping data for table `custom_fields_projects`
--

LOCK TABLES `custom_fields_projects` WRITE;
/*!40000 ALTER TABLE `custom_fields_projects` DISABLE KEYS */;
/*!40000 ALTER TABLE `custom_fields_projects` ENABLE KEYS */;
UNLOCK TABLES;

--
-- Table structure for table `custom_fields_trackers`
--

DROP TABLE IF EXISTS `custom_fields_trackers`;
/*!40101 SET @saved_cs_client     = @@character_set_client */;
/*!40101 SET character_set_client = utf8 */;
CREATE TABLE `custom_fields_trackers` (
  `custom_field_id` int(11) NOT NULL DEFAULT '0',
  `tracker_id` int(11) NOT NULL DEFAULT '0',
  KEY `index_custom_fields_trackers_on_custom_field_id_and_tracker_id` (`custom_field_id`,`tracker_id`)
) ENGINE=InnoDB DEFAULT CHARSET=utf8 COLLATE=utf8_unicode_ci;
/*!40101 SET character_set_client = @saved_cs_client */;

--
-- Dumping data for table `custom_fields_trackers`
--

LOCK TABLES `custom_fields_trackers` WRITE;
/*!40000 ALTER TABLE `custom_fields_trackers` DISABLE KEYS */;
/*!40000 ALTER TABLE `custom_fields_trackers` ENABLE KEYS */;
UNLOCK TABLES;

--
-- Table structure for table `custom_values`
--

DROP TABLE IF EXISTS `custom_values`;
/*!40101 SET @saved_cs_client     = @@character_set_client */;
/*!40101 SET character_set_client = utf8 */;
CREATE TABLE `custom_values` (
  `id` int(11) NOT NULL AUTO_INCREMENT,
  `customized_type` varchar(30) COLLATE utf8_unicode_ci NOT NULL DEFAULT '',
  `customized_id` int(11) NOT NULL DEFAULT '0',
  `custom_field_id` int(11) NOT NULL DEFAULT '0',
  `value` text COLLATE utf8_unicode_ci,
  PRIMARY KEY (`id`),
  KEY `custom_values_customized` (`customized_type`,`customized_id`),
  KEY `index_custom_values_on_custom_field_id` (`custom_field_id`)
) ENGINE=InnoDB AUTO_INCREMENT=8 DEFAULT CHARSET=utf8 COLLATE=utf8_unicode_ci;
/*!40101 SET character_set_client = @saved_cs_client */;

--
-- Dumping data for table `custom_values`
--

LOCK TABLES `custom_values` WRITE;
/*!40000 ALTER TABLE `custom_values` DISABLE KEYS */;
INSERT INTO `custom_values` VALUES (1,'Project',55,3,'0'),(2,'Project',55,4,'Comunidad de innovación'),(4,'Project',55,2,'001 Software de gestión de datos | Gestión de base de datos'),(5,'Project',55,2,'002 Software de gestión de datos | Modelado de base de datos'),(6,'Project',55,2,'003 Software de gestión de datos | Administración y análisis de datos'),(7,'Project',55,5,'1059 Lenguaje de programación | Ruby');
/*!40000 ALTER TABLE `custom_values` ENABLE KEYS */;
UNLOCK TABLES;

--
-- Table structure for table `deployment_credentials`
--

DROP TABLE IF EXISTS `deployment_credentials`;
/*!40101 SET @saved_cs_client     = @@character_set_client */;
/*!40101 SET character_set_client = utf8 */;
CREATE TABLE `deployment_credentials` (
  `id` int(11) NOT NULL AUTO_INCREMENT,
  `repository_id` int(11) DEFAULT NULL,
  `gitolite_public_key_id` int(11) DEFAULT NULL,
  `user_id` int(11) DEFAULT NULL,
  `active` int(11) DEFAULT '1',
  `perm` varchar(255) COLLATE utf8_unicode_ci NOT NULL,
  PRIMARY KEY (`id`),
  KEY `index_deployment_credentials_on_repository_id` (`repository_id`),
  KEY `index_deployment_credentials_on_gitolite_public_key_id` (`gitolite_public_key_id`)
) ENGINE=InnoDB DEFAULT CHARSET=utf8 COLLATE=utf8_unicode_ci;
/*!40101 SET character_set_client = @saved_cs_client */;

--
-- Dumping data for table `deployment_credentials`
--

LOCK TABLES `deployment_credentials` WRITE;
/*!40000 ALTER TABLE `deployment_credentials` DISABLE KEYS */;
/*!40000 ALTER TABLE `deployment_credentials` ENABLE KEYS */;
UNLOCK TABLES;

--
-- Table structure for table `documents`
--

DROP TABLE IF EXISTS `documents`;
/*!40101 SET @saved_cs_client     = @@character_set_client */;
/*!40101 SET character_set_client = utf8 */;
CREATE TABLE `documents` (
  `id` int(11) NOT NULL AUTO_INCREMENT,
  `project_id` int(11) NOT NULL DEFAULT '0',
  `category_id` int(11) NOT NULL DEFAULT '0',
  `title` varchar(60) COLLATE utf8_unicode_ci NOT NULL DEFAULT '',
  `description` text COLLATE utf8_unicode_ci,
  `created_on` datetime DEFAULT NULL,
  PRIMARY KEY (`id`),
  KEY `documents_project_id` (`project_id`),
  KEY `index_documents_on_category_id` (`category_id`),
  KEY `index_documents_on_created_on` (`created_on`)
) ENGINE=InnoDB AUTO_INCREMENT=24 DEFAULT CHARSET=utf8 COLLATE=utf8_unicode_ci;
/*!40101 SET character_set_client = @saved_cs_client */;

--
-- Dumping data for table `documents`
--

LOCK TABLES `documents` WRITE;
/*!40000 ALTER TABLE `documents` DISABLE KEYS */;
INSERT INTO `documents` VALUES (1,2,2,'Definción funcional del firmador digital','Adjuntamos los requerimientos básicos para el desarrollo del firmador digital de escritorio.\r\nTDR Términos de Referencia ','2012-12-03 16:49:38'),(3,48,1,'Servicio de Información Universitario SIU','El SIU es un consorcio de 46 Universidades Públicas y está  financiado por la Secretaria de Políticas Universitarias del Ministerio de Educación de la Nación. ','2012-12-03 20:27:50'),(4,5,1,'Firmador Digital','Referencia para el desarrollo de un firmador digital para PCs escritorios desktop y laptop y dispositivos móviles con Android.\r\n','2012-12-03 20:32:12'),(5,7,2,'Cciclo de vida de los certificados PKI','La creciente demanda de implementación de procesos digitales (digitalización) en la Administración Pública Nacional, conlleva la necesidad de contar con una plataforma ágil e inteligente para la gestión de Certificados Digitales en la tramitación de la Firma Digital.\r\n\r\nEsta plataforma basada en software se encarga de administrar el ciclo de vida de los certificados digitales administrada por la ONTI.\r\n\r\nSe adjunta el documento qeu define los requerimientos a estos efectos.\r\n','2012-12-03 20:45:44'),(6,49,1,'Red digital del patrimonio cultural ','Proyecto de un Portal de la cultura patrimonial de la Provincia de Buenos Aires.\r\n','2012-12-03 21:00:38'),(7,50,1,'Hospital digital','El Cruce una experiencia en la implementación de un hospital digital publico.','2012-12-03 21:13:51'),(8,50,2,'Pliego técnico hospital digital','DIGITALIZACIÓN, ARCHIVO Y DISTRIBUCIÓN DE LAS IMÁGENES\r\nPRODUCIDAS POR EL SERVICIO DE DIAGNÓSTICO POR IMÁGENES DEL\r\nHOSPITAL “EL CRUCE” DE FLORENCIO VARELA','2012-12-03 21:17:15'),(9,51,1,'SIARH - Ideas fuerza','10 ideas fuerza del Sistema Integrado par la Administración de Recursos Humanos','2012-12-03 21:28:49'),(10,51,1,'SIARH ','El SIARH es un sistema para la gestión de recursos humanos. Esta compuesto por dos módulos que se integran operativamente: el correspondiente a  las tramitaciones que hacen a  Gestión del Personal y los procesos que corresponden a  Liquidación de Haberes.','2012-12-03 21:29:20'),(11,10,1,'SIPRO','Documento base sobre los requerimientos funcionales del Sistema de Proveedores','2012-12-03 21:36:26'),(12,52,1,'Sistema de bienes y servicios - SIBYS -','Descripción funcional de un Sistema para la catalogación de Bienes y Servicios.','2012-12-03 21:38:36'),(13,53,1,'PAC','Descripción funcional para un Sistema de Plan Anual de Contrataciones.','2012-12-03 21:42:38'),(14,54,1,'Comunas Digitales','15 Comunas porteñas 15 centros para una ciudadanía digital','2012-12-03 22:04:17'),(15,8,2,'Arquitectura del Sistema Ar-compra','Documento que describe la arquitectura del Ar-compra','2012-12-03 22:12:05'),(16,8,1,'Etapa de finalziación','Documento que describe el proceso de \"Etapa de finalización\" que permite producir los requerimientos funcionales de este componente y los casos de uso.\r\n','2012-12-03 22:15:09'),(17,36,1,'Política de Certificación AC ONTI y Resolución aprobatoria','Política de Certificación de la Autoridad Certificante de la ONTI y Resolución aprobatoria','2012-12-05 09:50:24'),(18,36,1,'Manual de Procedimientos AC ONTI','','2012-12-05 09:53:10'),(19,35,1,'Notas de Conformacion de Autoridad de Registro (APN)','','2012-12-05 11:52:32'),(20,35,1,'NOTAS Tipo para conformar la AR en el Sector Público','','2012-12-05 11:56:14'),(21,35,1,'Nota tipo asignacion de dominios','Una vez conformada la Autoridad de Registro, debe informar los dominios de correo a fin de poder utilizar la Aplicacion de la Autoridad Certificante.','2012-12-05 11:59:14'),(23,35,1,'Pasos conformación AR','','2012-12-07 13:59:12');
/*!40000 ALTER TABLE `documents` ENABLE KEYS */;
UNLOCK TABLES;

--
-- Table structure for table `enabled_modules`
--

DROP TABLE IF EXISTS `enabled_modules`;
/*!40101 SET @saved_cs_client     = @@character_set_client */;
/*!40101 SET character_set_client = utf8 */;
CREATE TABLE `enabled_modules` (
  `id` int(11) NOT NULL AUTO_INCREMENT,
  `project_id` int(11) DEFAULT NULL,
  `name` varchar(255) COLLATE utf8_unicode_ci NOT NULL,
  PRIMARY KEY (`id`),
  KEY `enabled_modules_project_id` (`project_id`)
) ENGINE=InnoDB AUTO_INCREMENT=551 DEFAULT CHARSET=utf8 COLLATE=utf8_unicode_ci;
/*!40101 SET character_set_client = @saved_cs_client */;

--
-- Dumping data for table `enabled_modules`
--

LOCK TABLES `enabled_modules` WRITE;
/*!40000 ALTER TABLE `enabled_modules` DISABLE KEYS */;
INSERT INTO `enabled_modules` VALUES (11,2,'issue_tracking'),(12,2,'time_tracking'),(13,2,'news'),(14,2,'documents'),(15,2,'files'),(16,2,'wiki'),(17,2,'repository'),(18,2,'boards'),(19,2,'calendar'),(20,2,'gantt'),(21,3,'issue_tracking'),(22,3,'time_tracking'),(23,3,'news'),(24,3,'documents'),(25,3,'files'),(26,3,'wiki'),(27,3,'repository'),(28,3,'boards'),(29,3,'calendar'),(30,3,'gantt'),(31,4,'issue_tracking'),(32,4,'time_tracking'),(33,4,'news'),(34,4,'documents'),(35,4,'files'),(36,4,'wiki'),(37,4,'repository'),(38,4,'boards'),(39,4,'calendar'),(40,4,'gantt'),(41,5,'issue_tracking'),(42,5,'time_tracking'),(43,5,'news'),(44,5,'documents'),(45,5,'files'),(46,5,'wiki'),(47,5,'repository'),(48,5,'boards'),(49,5,'calendar'),(50,5,'gantt'),(51,6,'issue_tracking'),(52,6,'time_tracking'),(53,6,'news'),(54,6,'documents'),(55,6,'files'),(56,6,'wiki'),(57,6,'repository'),(58,6,'boards'),(59,6,'calendar'),(60,6,'gantt'),(61,7,'issue_tracking'),(62,7,'time_tracking'),(63,7,'news'),(64,7,'documents'),(65,7,'files'),(66,7,'wiki'),(67,7,'repository'),(68,7,'boards'),(69,7,'calendar'),(70,7,'gantt'),(71,8,'issue_tracking'),(72,8,'time_tracking'),(73,8,'news'),(74,8,'documents'),(75,8,'files'),(76,8,'wiki'),(77,8,'repository'),(78,8,'boards'),(79,8,'calendar'),(80,8,'gantt'),(81,9,'issue_tracking'),(82,9,'time_tracking'),(83,9,'news'),(84,9,'documents'),(85,9,'files'),(86,9,'wiki'),(87,9,'repository'),(88,9,'boards'),(89,9,'calendar'),(90,9,'gantt'),(91,10,'issue_tracking'),(92,10,'time_tracking'),(93,10,'news'),(94,10,'documents'),(95,10,'files'),(96,10,'wiki'),(97,10,'repository'),(98,10,'boards'),(99,10,'calendar'),(100,10,'gantt'),(101,11,'issue_tracking'),(102,11,'time_tracking'),(103,11,'news'),(104,11,'documents'),(105,11,'files'),(106,11,'wiki'),(107,11,'repository'),(108,11,'boards'),(109,11,'calendar'),(110,11,'gantt'),(111,12,'issue_tracking'),(112,12,'time_tracking'),(113,12,'news'),(114,12,'documents'),(115,12,'files'),(116,12,'wiki'),(117,12,'repository'),(118,12,'boards'),(119,12,'calendar'),(120,12,'gantt'),(121,13,'issue_tracking'),(122,13,'time_tracking'),(123,13,'news'),(124,13,'documents'),(125,13,'files'),(126,13,'wiki'),(127,13,'repository'),(128,13,'boards'),(129,13,'calendar'),(130,13,'gantt'),(131,14,'issue_tracking'),(132,14,'time_tracking'),(133,14,'news'),(134,14,'documents'),(135,14,'files'),(136,14,'wiki'),(137,14,'repository'),(138,14,'boards'),(139,14,'calendar'),(140,14,'gantt'),(141,15,'issue_tracking'),(142,15,'time_tracking'),(143,15,'news'),(144,15,'documents'),(145,15,'files'),(146,15,'wiki'),(147,15,'repository'),(148,15,'boards'),(149,15,'calendar'),(150,15,'gantt'),(151,16,'issue_tracking'),(152,16,'time_tracking'),(153,16,'news'),(154,16,'documents'),(155,16,'files'),(156,16,'wiki'),(157,16,'repository'),(158,16,'boards'),(159,16,'calendar'),(160,16,'gantt'),(161,17,'issue_tracking'),(162,17,'time_tracking'),(163,17,'news'),(164,17,'documents'),(165,17,'files'),(166,17,'wiki'),(167,17,'repository'),(168,17,'boards'),(169,17,'calendar'),(170,17,'gantt'),(171,18,'issue_tracking'),(172,18,'time_tracking'),(173,18,'news'),(174,18,'documents'),(175,18,'files'),(176,18,'wiki'),(177,18,'repository'),(178,18,'boards'),(179,18,'calendar'),(180,18,'gantt'),(181,19,'issue_tracking'),(182,19,'time_tracking'),(183,19,'news'),(184,19,'documents'),(185,19,'files'),(186,19,'wiki'),(187,19,'repository'),(188,19,'boards'),(189,19,'calendar'),(190,19,'gantt'),(191,20,'issue_tracking'),(192,20,'time_tracking'),(193,20,'news'),(194,20,'documents'),(195,20,'files'),(196,20,'wiki'),(197,20,'repository'),(198,20,'boards'),(199,20,'calendar'),(200,20,'gantt'),(201,21,'issue_tracking'),(202,21,'time_tracking'),(203,21,'news'),(204,21,'documents'),(205,21,'files'),(206,21,'wiki'),(207,21,'repository'),(208,21,'boards'),(209,21,'calendar'),(210,21,'gantt'),(211,22,'issue_tracking'),(212,22,'time_tracking'),(213,22,'news'),(214,22,'documents'),(215,22,'files'),(216,22,'wiki'),(217,22,'repository'),(218,22,'boards'),(219,22,'calendar'),(220,22,'gantt'),(221,23,'issue_tracking'),(222,23,'time_tracking'),(223,23,'news'),(224,23,'documents'),(225,23,'files'),(226,23,'wiki'),(227,23,'repository'),(228,23,'boards'),(229,23,'calendar'),(230,23,'gantt'),(231,24,'issue_tracking'),(232,24,'time_tracking'),(233,24,'news'),(234,24,'documents'),(235,24,'files'),(236,24,'wiki'),(237,24,'repository'),(238,24,'boards'),(239,24,'calendar'),(240,24,'gantt'),(241,25,'issue_tracking'),(242,25,'time_tracking'),(243,25,'news'),(244,25,'documents'),(245,25,'files'),(246,25,'wiki'),(247,25,'repository'),(248,25,'boards'),(249,25,'calendar'),(250,25,'gantt'),(251,26,'issue_tracking'),(252,26,'time_tracking'),(253,26,'news'),(254,26,'documents'),(255,26,'files'),(256,26,'wiki'),(257,26,'repository'),(258,26,'boards'),(259,26,'calendar'),(260,26,'gantt'),(261,27,'issue_tracking'),(262,27,'time_tracking'),(263,27,'news'),(264,27,'documents'),(265,27,'files'),(266,27,'wiki'),(267,27,'repository'),(268,27,'boards'),(269,27,'calendar'),(270,27,'gantt'),(271,28,'issue_tracking'),(272,28,'time_tracking'),(273,28,'news'),(274,28,'documents'),(275,28,'files'),(276,28,'wiki'),(277,28,'repository'),(278,28,'boards'),(279,28,'calendar'),(280,28,'gantt'),(281,29,'issue_tracking'),(282,29,'time_tracking'),(283,29,'news'),(284,29,'documents'),(285,29,'files'),(286,29,'wiki'),(287,29,'repository'),(288,29,'boards'),(289,29,'calendar'),(290,29,'gantt'),(291,30,'issue_tracking'),(292,30,'time_tracking'),(293,30,'news'),(294,30,'documents'),(295,30,'files'),(296,30,'wiki'),(297,30,'repository'),(298,30,'boards'),(299,30,'calendar'),(300,30,'gantt'),(301,31,'issue_tracking'),(302,31,'time_tracking'),(303,31,'news'),(304,31,'documents'),(305,31,'files'),(306,31,'wiki'),(307,31,'repository'),(308,31,'boards'),(309,31,'calendar'),(310,31,'gantt'),(311,32,'issue_tracking'),(312,32,'time_tracking'),(313,32,'news'),(314,32,'documents'),(315,32,'files'),(316,32,'wiki'),(317,32,'repository'),(318,32,'boards'),(319,32,'calendar'),(320,32,'gantt'),(321,33,'issue_tracking'),(322,33,'time_tracking'),(323,33,'news'),(324,33,'documents'),(325,33,'files'),(326,33,'wiki'),(327,33,'repository'),(328,33,'boards'),(329,33,'calendar'),(330,33,'gantt'),(331,34,'issue_tracking'),(332,34,'time_tracking'),(333,34,'news'),(334,34,'documents'),(335,34,'files'),(336,34,'wiki'),(337,34,'repository'),(338,34,'boards'),(339,34,'calendar'),(340,34,'gantt'),(341,35,'issue_tracking'),(342,35,'time_tracking'),(343,35,'news'),(344,35,'documents'),(345,35,'files'),(346,35,'wiki'),(347,35,'repository'),(348,35,'boards'),(349,35,'calendar'),(350,35,'gantt'),(351,36,'issue_tracking'),(352,36,'time_tracking'),(353,36,'news'),(354,36,'documents'),(355,36,'files'),(356,36,'wiki'),(357,36,'repository'),(358,36,'boards'),(359,36,'calendar'),(360,36,'gantt'),(361,37,'issue_tracking'),(362,37,'time_tracking'),(363,37,'news'),(364,37,'documents'),(365,37,'files'),(366,37,'wiki'),(367,37,'repository'),(368,37,'boards'),(369,37,'calendar'),(370,37,'gantt'),(371,38,'issue_tracking'),(372,38,'time_tracking'),(373,38,'news'),(374,38,'documents'),(375,38,'files'),(376,38,'wiki'),(377,38,'repository'),(378,38,'boards'),(379,38,'calendar'),(380,38,'gantt'),(381,39,'issue_tracking'),(382,39,'time_tracking'),(383,39,'news'),(384,39,'documents'),(385,39,'files'),(386,39,'wiki'),(387,39,'repository'),(388,39,'boards'),(389,39,'calendar'),(390,39,'gantt'),(391,40,'issue_tracking'),(392,40,'time_tracking'),(393,40,'news'),(394,40,'documents'),(395,40,'files'),(396,40,'wiki'),(397,40,'repository'),(398,40,'boards'),(399,40,'calendar'),(400,40,'gantt'),(411,42,'issue_tracking'),(412,42,'time_tracking'),(413,42,'news'),(414,42,'documents'),(415,42,'files'),(416,42,'wiki'),(417,42,'repository'),(418,42,'boards'),(419,42,'calendar'),(420,42,'gantt'),(421,43,'issue_tracking'),(422,43,'time_tracking'),(423,43,'news'),(424,43,'documents'),(425,43,'files'),(426,43,'wiki'),(427,43,'repository'),(428,43,'boards'),(429,43,'calendar'),(430,43,'gantt'),(431,44,'issue_tracking'),(432,44,'time_tracking'),(433,44,'news'),(434,44,'documents'),(435,44,'files'),(436,44,'wiki'),(437,44,'repository'),(438,44,'boards'),(439,44,'calendar'),(440,44,'gantt'),(441,45,'issue_tracking'),(442,45,'time_tracking'),(443,45,'news'),(444,45,'documents'),(445,45,'files'),(446,45,'wiki'),(447,45,'repository'),(448,45,'boards'),(449,45,'calendar'),(450,45,'gantt'),(451,46,'issue_tracking'),(452,46,'time_tracking'),(453,46,'news'),(454,46,'documents'),(455,46,'files'),(456,46,'wiki'),(457,46,'repository'),(458,46,'boards'),(459,46,'calendar'),(460,46,'gantt'),(461,47,'issue_tracking'),(462,47,'time_tracking'),(463,47,'news'),(464,47,'documents'),(465,47,'files'),(466,47,'wiki'),(467,47,'repository'),(468,47,'boards'),(469,47,'calendar'),(470,47,'gantt'),(471,48,'issue_tracking'),(472,48,'time_tracking'),(473,48,'news'),(474,48,'documents'),(475,48,'files'),(476,48,'wiki'),(477,48,'repository'),(478,48,'boards'),(479,48,'calendar'),(480,48,'gantt'),(481,49,'issue_tracking'),(482,49,'time_tracking'),(483,49,'news'),(484,49,'documents'),(485,49,'files'),(486,49,'wiki'),(487,49,'repository'),(488,49,'boards'),(489,49,'calendar'),(490,49,'gantt'),(491,50,'issue_tracking'),(492,50,'time_tracking'),(493,50,'news'),(494,50,'documents'),(495,50,'files'),(496,50,'wiki'),(497,50,'repository'),(498,50,'boards'),(499,50,'calendar'),(500,50,'gantt'),(501,51,'issue_tracking'),(502,51,'time_tracking'),(503,51,'news'),(504,51,'documents'),(505,51,'files'),(506,51,'wiki'),(507,51,'repository'),(508,51,'boards'),(509,51,'calendar'),(510,51,'gantt'),(511,52,'issue_tracking'),(512,52,'time_tracking'),(513,52,'news'),(514,52,'documents'),(515,52,'files'),(516,52,'wiki'),(517,52,'repository'),(518,52,'boards'),(519,52,'calendar'),(520,52,'gantt'),(521,53,'issue_tracking'),(522,53,'time_tracking'),(523,53,'news'),(524,53,'documents'),(525,53,'files'),(526,53,'wiki'),(527,53,'repository'),(528,53,'boards'),(529,53,'calendar'),(530,53,'gantt'),(531,54,'issue_tracking'),(532,54,'time_tracking'),(533,54,'news'),(534,54,'documents'),(535,54,'files'),(536,54,'wiki'),(537,54,'repository'),(538,54,'boards'),(539,54,'calendar'),(540,54,'gantt'),(541,55,'issue_tracking'),(542,55,'time_tracking'),(543,55,'news'),(544,55,'documents'),(545,55,'files'),(546,55,'wiki'),(547,55,'repository'),(548,55,'boards'),(549,55,'calendar'),(550,55,'gantt');
/*!40000 ALTER TABLE `enabled_modules` ENABLE KEYS */;
UNLOCK TABLES;

--
-- Table structure for table `enumerations`
--

DROP TABLE IF EXISTS `enumerations`;
/*!40101 SET @saved_cs_client     = @@character_set_client */;
/*!40101 SET character_set_client = utf8 */;
CREATE TABLE `enumerations` (
  `id` int(11) NOT NULL AUTO_INCREMENT,
  `name` varchar(30) COLLATE utf8_unicode_ci NOT NULL DEFAULT '',
  `position` int(11) DEFAULT '1',
  `is_default` tinyint(1) NOT NULL DEFAULT '0',
  `type` varchar(255) COLLATE utf8_unicode_ci DEFAULT NULL,
  `active` tinyint(1) NOT NULL DEFAULT '1',
  `project_id` int(11) DEFAULT NULL,
  `parent_id` int(11) DEFAULT NULL,
  PRIMARY KEY (`id`),
  KEY `index_enumerations_on_project_id` (`project_id`),
  KEY `index_enumerations_on_id_and_type` (`id`,`type`)
) ENGINE=InnoDB AUTO_INCREMENT=10 DEFAULT CHARSET=utf8 COLLATE=utf8_unicode_ci;
/*!40101 SET character_set_client = @saved_cs_client */;

--
-- Dumping data for table `enumerations`
--

LOCK TABLES `enumerations` WRITE;
/*!40000 ALTER TABLE `enumerations` DISABLE KEYS */;
INSERT INTO `enumerations` VALUES (1,'Documentación de usuario',1,0,'DocumentCategory',1,NULL,NULL),(2,'Documentación técnica',2,0,'DocumentCategory',1,NULL,NULL),(3,'Baja',1,0,'IssuePriority',1,NULL,NULL),(4,'Normal',2,1,'IssuePriority',1,NULL,NULL),(5,'Alta',3,0,'IssuePriority',1,NULL,NULL),(6,'Urgente',4,0,'IssuePriority',1,NULL,NULL),(7,'Inmediata',5,0,'IssuePriority',1,NULL,NULL),(8,'Diseño',1,0,'TimeEntryActivity',1,NULL,NULL),(9,'Desarrollo',2,0,'TimeEntryActivity',1,NULL,NULL);
/*!40000 ALTER TABLE `enumerations` ENABLE KEYS */;
UNLOCK TABLES;

--
-- Table structure for table `git_caches`
--

DROP TABLE IF EXISTS `git_caches`;
/*!40101 SET @saved_cs_client     = @@character_set_client */;
/*!40101 SET character_set_client = utf8 */;
CREATE TABLE `git_caches` (
  `id` int(11) NOT NULL AUTO_INCREMENT,
  `command` text COLLATE utf8_unicode_ci,
  `command_output` blob,
  `repo_identifier` varchar(255) COLLATE utf8_unicode_ci DEFAULT NULL,
  `created_at` datetime DEFAULT NULL,
  `updated_at` datetime DEFAULT NULL,
  PRIMARY KEY (`id`)
) ENGINE=InnoDB AUTO_INCREMENT=8396 DEFAULT CHARSET=utf8 COLLATE=utf8_unicode_ci;
/*!40101 SET character_set_client = @saved_cs_client */;

--
-- Dumping data for table `git_caches`
--

LOCK TABLES `git_caches` WRITE;
/*!40000 ALTER TABLE `git_caches` DISABLE KEYS */;
INSERT INTO `git_caches` VALUES (8295,'\'/opt/redmine-1.4/vendor/plugins/redmine_git_hosting/bin/run_git_as_git_user\' \'--git-dir\' \'repositories/cluster-innovacion/firma-digital/firmador-digital.git\' \'log\' \'--no-color\' \'--encoding=UTF-8\' \'--raw\' \'--date=iso\' \'--pretty=fuller\' \'--parents\' \'--stdin\' \'-n\' \'10\' \'--\' \'test/src/ar/gob/onti\'\nmaster\n','commit 6df9d8d73180292e8eb4af9dc27ec9b7328821d3\nAuthor:     Andres Sosto <asosto@gmail.com>\nAuthorDate: 2012-10-10 18:49:01 -0300\nCommit:     Andres Sosto <asosto@gmail.com>\nCommitDate: 2012-10-10 18:49:01 -0300\n\n    Initial project commit\n\n:000000 100644 0000000... 4fd44ba... A	test/src/ar/gob/onti/firmador/controler/test/FirmaControlerTest.java\n:000000 100644 0000000... a2826b4... A	test/src/ar/gob/onti/firmador/controler/test/PdfControlerTest.java\n:000000 100644 0000000... 5ad7c19... A	test/src/ar/gob/onti/firmador/model/certificatelist/test/StoreDctnryTest.java\n:000000 100644 0000000... 7461580... A	test/src/ar/gob/onti/firmador/model/test/HttpFileDownLoaderTest.java\n:000000 100644 0000000... 56aa888... A	test/src/ar/gob/onti/firmador/model/test/HttpFileUploaderTest.java\n:000000 100644 0000000... 05cd8b1... A	test/src/ar/gob/onti/firmador/model/test/MozillaTest.java\n:000000 100644 0000000... 538512b... A	test/src/ar/gob/onti/firmador/model/test/PropsConfigTest.java\n','firmador-digital','2013-02-08 09:41:40','2013-02-08 09:41:40'),(8296,'\'/opt/redmine-1.4/vendor/plugins/redmine_git_hosting/bin/run_git_as_git_user\' \'--git-dir\' \'repositories/cluster-innovacion/firma-digital/firmador-digital.git\' \'log\' \'--no-color\' \'--encoding=UTF-8\' \'--date=iso\' \'--pretty=fuller\' \'--no-merges\' \'-n\' \'1\' \'master\' \'--\' \'test/src/ar/gob/onti/firmador/controler\'','commit 6df9d8d73180292e8eb4af9dc27ec9b7328821d3\nAuthor:     Andres Sosto <asosto@gmail.com>\nAuthorDate: 2012-10-10 18:49:01 -0300\nCommit:     Andres Sosto <asosto@gmail.com>\nCommitDate: 2012-10-10 18:49:01 -0300\n\n    Initial project commit\n','firmador-digital','2013-02-08 09:41:41','2013-02-08 09:41:41'),(8297,'\'/opt/redmine-1.4/vendor/plugins/redmine_git_hosting/bin/run_git_as_git_user\' \'--git-dir\' \'repositories/cluster-innovacion/firma-digital/firmador-digital.git\' \'log\' \'--no-color\' \'--encoding=UTF-8\' \'--date=iso\' \'--pretty=fuller\' \'--no-merges\' \'-n\' \'1\' \'master\' \'--\' \'test/src/ar/gob/onti/firmador/model\'','commit 6df9d8d73180292e8eb4af9dc27ec9b7328821d3\nAuthor:     Andres Sosto <asosto@gmail.com>\nAuthorDate: 2012-10-10 18:49:01 -0300\nCommit:     Andres Sosto <asosto@gmail.com>\nCommitDate: 2012-10-10 18:49:01 -0300\n\n    Initial project commit\n','firmador-digital','2013-02-08 09:41:41','2013-02-08 09:41:41'),(8298,'\'/opt/redmine-1.4/vendor/plugins/redmine_git_hosting/bin/run_git_as_git_user\' \'--git-dir\' \'repositories/cluster-innovacion/firma-digital/firmador-digital.git\' \'ls-tree\' \'-l\' \'master:test/src/ar/gob/onti/firmador\'','040000 tree 0f4be59538b7cda09dbeb078c1c6b02f8d7147e8       -	controler\n040000 tree 2382c49125368d89154c1fa0c524b2327517e1b4       -	model\n','firmador-digital','2013-02-08 09:41:41','2013-02-08 09:41:41'),(8299,'\'/opt/redmine-1.4/vendor/plugins/redmine_git_hosting/bin/run_git_as_git_user\' \'--git-dir\' \'repositories/cluster-innovacion/firma-digital/firmador-digital.git\' \'log\' \'--no-color\' \'--encoding=UTF-8\' \'--raw\' \'--date=iso\' \'--pretty=fuller\' \'--parents\' \'--stdin\' \'-n\' \'10\' \'--\' \'test/src/ar/gob/onti/firmador\'\nmaster\n','commit 6df9d8d73180292e8eb4af9dc27ec9b7328821d3\nAuthor:     Andres Sosto <asosto@gmail.com>\nAuthorDate: 2012-10-10 18:49:01 -0300\nCommit:     Andres Sosto <asosto@gmail.com>\nCommitDate: 2012-10-10 18:49:01 -0300\n\n    Initial project commit\n\n:000000 100644 0000000... 4fd44ba... A	test/src/ar/gob/onti/firmador/controler/test/FirmaControlerTest.java\n:000000 100644 0000000... a2826b4... A	test/src/ar/gob/onti/firmador/controler/test/PdfControlerTest.java\n:000000 100644 0000000... 5ad7c19... A	test/src/ar/gob/onti/firmador/model/certificatelist/test/StoreDctnryTest.java\n:000000 100644 0000000... 7461580... A	test/src/ar/gob/onti/firmador/model/test/HttpFileDownLoaderTest.java\n:000000 100644 0000000... 56aa888... A	test/src/ar/gob/onti/firmador/model/test/HttpFileUploaderTest.java\n:000000 100644 0000000... 05cd8b1... A	test/src/ar/gob/onti/firmador/model/test/MozillaTest.java\n:000000 100644 0000000... 538512b... A	test/src/ar/gob/onti/firmador/model/test/PropsConfigTest.java\n','firmador-digital','2013-02-08 09:41:41','2013-02-08 09:41:41'),(8300,'\'/opt/redmine-1.4/vendor/plugins/redmine_git_hosting/bin/run_git_as_git_user\' \'--git-dir\' \'repositories/cluster-innovacion/firma-digital/firmador-digital.git\' \'log\' \'--no-color\' \'--encoding=UTF-8\' \'--date=iso\' \'--pretty=fuller\' \'--no-merges\' \'-n\' \'1\' \'master\' \'--\' \'test/src/ar/gob/onti/firmador/controler/test\'','commit 6df9d8d73180292e8eb4af9dc27ec9b7328821d3\nAuthor:     Andres Sosto <asosto@gmail.com>\nAuthorDate: 2012-10-10 18:49:01 -0300\nCommit:     Andres Sosto <asosto@gmail.com>\nCommitDate: 2012-10-10 18:49:01 -0300\n\n    Initial project commit\n','firmador-digital','2013-02-08 09:41:44','2013-02-08 09:41:44'),(8301,'\'/opt/redmine-1.4/vendor/plugins/redmine_git_hosting/bin/run_git_as_git_user\' \'--git-dir\' \'repositories/cluster-innovacion/firma-digital/firmador-digital.git\' \'ls-tree\' \'-l\' \'master:test/src/ar/gob/onti/firmador/controler\'','040000 tree c556ce159203377134b81dffefa2ba585724d3a8       -	test\n','firmador-digital','2013-02-08 09:41:44','2013-02-08 09:41:44'),(8302,'\'/opt/redmine-1.4/vendor/plugins/redmine_git_hosting/bin/run_git_as_git_user\' \'--git-dir\' \'repositories/cluster-innovacion/firma-digital/firmador-digital.git\' \'log\' \'--no-color\' \'--encoding=UTF-8\' \'--raw\' \'--date=iso\' \'--pretty=fuller\' \'--parents\' \'--stdin\' \'-n\' \'10\' \'--\' \'test/src/ar/gob/onti/firmador/controler\'\nmaster\n','commit 6df9d8d73180292e8eb4af9dc27ec9b7328821d3\nAuthor:     Andres Sosto <asosto@gmail.com>\nAuthorDate: 2012-10-10 18:49:01 -0300\nCommit:     Andres Sosto <asosto@gmail.com>\nCommitDate: 2012-10-10 18:49:01 -0300\n\n    Initial project commit\n\n:000000 100644 0000000... 4fd44ba... A	test/src/ar/gob/onti/firmador/controler/test/FirmaControlerTest.java\n:000000 100644 0000000... a2826b4... A	test/src/ar/gob/onti/firmador/controler/test/PdfControlerTest.java\n','firmador-digital','2013-02-08 09:41:44','2013-02-08 09:41:44'),(8303,'\'/opt/redmine-1.4/vendor/plugins/redmine_git_hosting/bin/run_git_as_git_user\' \'--git-dir\' \'repositories/cluster-innovacion/firma-digital/firmador-digital.git\' \'log\' \'--no-color\' \'--encoding=UTF-8\' \'--date=iso\' \'--pretty=fuller\' \'--no-merges\' \'-n\' \'1\' \'master\' \'--\' \'test/src/ar/gob/onti/firmador/controler/test/FirmaControlerTest.java\'','commit 6df9d8d73180292e8eb4af9dc27ec9b7328821d3\nAuthor:     Andres Sosto <asosto@gmail.com>\nAuthorDate: 2012-10-10 18:49:01 -0300\nCommit:     Andres Sosto <asosto@gmail.com>\nCommitDate: 2012-10-10 18:49:01 -0300\n\n    Initial project commit\n','firmador-digital','2013-02-08 09:41:46','2013-02-08 09:41:46'),(8304,'\'/opt/redmine-1.4/vendor/plugins/redmine_git_hosting/bin/run_git_as_git_user\' \'--git-dir\' \'repositories/cluster-innovacion/firma-digital/firmador-digital.git\' \'log\' \'--no-color\' \'--encoding=UTF-8\' \'--date=iso\' \'--pretty=fuller\' \'--no-merges\' \'-n\' \'1\' \'master\' \'--\' \'test/src/ar/gob/onti/firmador/controler/test/PdfControlerTest.java\'','commit 6df9d8d73180292e8eb4af9dc27ec9b7328821d3\nAuthor:     Andres Sosto <asosto@gmail.com>\nAuthorDate: 2012-10-10 18:49:01 -0300\nCommit:     Andres Sosto <asosto@gmail.com>\nCommitDate: 2012-10-10 18:49:01 -0300\n\n    Initial project commit\n','firmador-digital','2013-02-08 09:41:46','2013-02-08 09:41:46'),(8305,'\'/opt/redmine-1.4/vendor/plugins/redmine_git_hosting/bin/run_git_as_git_user\' \'--git-dir\' \'repositories/cluster-innovacion/firma-digital/firmador-digital.git\' \'ls-tree\' \'-l\' \'master:test/src/ar/gob/onti/firmador/controler/test\'','100644 blob 4fd44bac75f9d0295d11a812b5d39810e7b4bc0c    8853	FirmaControlerTest.java\n100644 blob a2826b466096782d9ed2bcd81b271e4e826e23d8   10180	PdfControlerTest.java\n','firmador-digital','2013-02-08 09:41:46','2013-02-08 09:41:46'),(8306,'\'/opt/redmine-1.4/vendor/plugins/redmine_git_hosting/bin/run_git_as_git_user\' \'--git-dir\' \'repositories/cluster-innovacion/firma-digital/firmador-digital.git\' \'log\' \'--no-color\' \'--encoding=UTF-8\' \'--raw\' \'--date=iso\' \'--pretty=fuller\' \'--parents\' \'--stdin\' \'-n\' \'10\' \'--\' \'test/src/ar/gob/onti/firmador/controler/test\'\nmaster\n','commit 6df9d8d73180292e8eb4af9dc27ec9b7328821d3\nAuthor:     Andres Sosto <asosto@gmail.com>\nAuthorDate: 2012-10-10 18:49:01 -0300\nCommit:     Andres Sosto <asosto@gmail.com>\nCommitDate: 2012-10-10 18:49:01 -0300\n\n    Initial project commit\n\n:000000 100644 0000000... 4fd44ba... A	test/src/ar/gob/onti/firmador/controler/test/FirmaControlerTest.java\n:000000 100644 0000000... a2826b4... A	test/src/ar/gob/onti/firmador/controler/test/PdfControlerTest.java\n','firmador-digital','2013-02-08 09:41:46','2013-02-08 09:41:46'),(8307,'\'/opt/redmine-1.4/vendor/plugins/redmine_git_hosting/bin/run_git_as_git_user\' \'--git-dir\' \'repositories/cluster-innovacion/firma-digital/firmador-digital.git\' \'log\' \'--no-color\' \'--encoding=UTF-8\' \'--raw\' \'--date=iso\' \'--pretty=fuller\' \'--parents\' \'--stdin\' \'-n\' \'100\' \'--\' \'test/src/ar/gob/onti/firmador/controler/test/FirmaControlerTest.java\'\nmaster\n','commit 6df9d8d73180292e8eb4af9dc27ec9b7328821d3\nAuthor:     Andres Sosto <asosto@gmail.com>\nAuthorDate: 2012-10-10 18:49:01 -0300\nCommit:     Andres Sosto <asosto@gmail.com>\nCommitDate: 2012-10-10 18:49:01 -0300\n\n    Initial project commit\n\n:000000 100644 0000000... 4fd44ba... A	test/src/ar/gob/onti/firmador/controler/test/FirmaControlerTest.java\n','firmador-digital','2013-02-08 09:41:53','2013-02-08 09:41:53'),(8308,'\'/opt/redmine-1.4/vendor/plugins/redmine_git_hosting/bin/run_git_as_git_user\' \'--git-dir\' \'repositories/cluster-innovacion/firma-digital/firmador-digital.git\' \'show\' \'--no-color\' \'master:test/src/ar/gob/onti/firmador/controler/test/FirmaControlerTest.java\'','package ar.gob.onti.firmador.controler.test;\r\n\r\nimport static org.junit.Assert.assertEquals;\r\nimport static org.junit.Assert.assertFalse;\r\nimport static org.junit.Assert.assertTrue;\r\nimport static org.junit.Assert.fail;\r\n\r\nimport java.awt.Container;\r\nimport java.io.File;\r\nimport java.io.FileInputStream;\r\nimport java.io.FileNotFoundException;\r\nimport java.io.FileOutputStream;\r\nimport java.io.IOException;\r\nimport java.io.OutputStream;\r\nimport java.net.URISyntaxException;\r\nimport java.net.URL;\r\nimport java.security.KeyStore;\r\nimport java.security.KeyStoreException;\r\nimport java.security.NoSuchAlgorithmException;\r\nimport java.security.PrivateKey;\r\nimport java.security.UnrecoverableKeyException;\r\nimport java.security.cert.Certificate;\r\nimport java.security.cert.CertificateException;\r\nimport java.util.Date;\r\n\r\nimport javax.swing.JFrame;\r\n\r\nimport org.junit.After;\r\nimport org.junit.Before;\r\nimport org.junit.Test;\r\n\r\nimport ar.gob.onti.firmador.controler.FirmaControler;\r\nimport ar.gob.onti.firmador.controler.PdfControler;\r\nimport ar.gob.onti.firmador.controler.conection.HttpFileDownLoader;\r\nimport ar.gob.onti.firmador.model.PropsConfig;\r\nimport ar.gob.onti.firmador.view.FirmaApplet;\r\nimport ar.gob.onti.firmador.view.VentanaPrincipal;\r\n\r\nimport com.itextpdf.text.Document;\r\nimport com.itextpdf.text.Paragraph;\r\nimport com.itextpdf.text.pdf.PdfWriter;\r\n\r\npublic class FirmaControlerTest {\r\n	private FirmaControler firmaControler;\r\n	@Before\r\n	public void setUp() throws Exception {\r\n		\r\n		firmaControler=inicializar(true);\r\n	}\r\n	 @After\r\n	   public void tearDown() throws Exception {\r\n		 firmaControler.closeLogFile();\r\n	   }\r\n	private void crearPdf(String nombreFile){\r\n		 try {\r\n	            OutputStream file = new FileOutputStream(nombreFile);\r\n	            Document document = new Document();\r\n	            PdfWriter.getInstance(document, file);\r\n	            document.open();\r\n	            document.add(new Paragraph(\"Hola a todos!\"));\r\n	            document.add(new Paragraph(new Date().toString()));\r\n	            document.close();\r\n	            file.close();\r\n	        } catch (Exception e) {\r\n	        	fail(e.getMessage());\r\n	        }\r\n	}\r\n	private FirmaControler getControler(){\r\n		return firmaControler;\r\n	}\r\n	private PdfControler getPdfControler(){\r\n		PdfControler pdfControler = null;\r\n		try {\r\n			pdfControler = new PdfControler();\r\n		} catch (NoSuchAlgorithmException e1) {\r\n			fail(e1.getMessage());\r\n		}\r\n		ClassLoader cl = this.getClass().getClassLoader();\r\n		URL url=  cl.getResource(\"Cert_test.pfx\");\r\n		\r\n		try {\r\n			KeyStore ks = KeyStore.getInstance(\"pkcs12\");\r\n			ks.load(new FileInputStream(new File(url.toURI())), \"caycay\".toCharArray());\r\n			String alias = (String)ks.aliases().nextElement();\r\n			Certificate[] chain = ks.getCertificateChain(alias);\r\n			PrivateKey key = (PrivateKey)ks.getKey(alias, \"caycay\".toCharArray());\r\n			 pdfControler.setKeyStore(ks);\r\n			 pdfControler.setKeySign(key);\r\n			  pdfControler.setChain(chain.clone());\r\n			  pdfControler.setProps(PropsConfig.getInstance());\r\n		} catch (NoSuchAlgorithmException e) {\r\n			fail(e.getMessage());\r\n		} catch (CertificateException e) {\r\n			fail(e.getMessage());\r\n		} catch (FileNotFoundException e) {\r\n			fail(e.getMessage());\r\n		} catch (IOException e) {\r\n			fail(e.getMessage());\r\n		} catch (URISyntaxException e) {\r\n			fail(e.getMessage());\r\n		} catch (KeyStoreException e) {\r\n			fail(e.getMessage());\r\n		} catch (UnrecoverableKeyException e) {\r\n			fail(e.getMessage());\r\n		}\r\n     return pdfControler;\r\n	}\r\n	private FirmaControler inicializar(boolean pdfControler){\r\n		JFrame jFrame= new JFrame();\r\n		  PropsConfig.getInstance().setBrowser(FirmaApplet.IEXPLORER);\r\n		JFrame container= new JFrame();\r\n		VentanaPrincipal principal=new VentanaPrincipal(container, \"IEXPLORER\");\r\n		principal.inicializar();\r\n		if(pdfControler){\r\n		principal.setpdfControler(getPdfControler());\r\n		principal.initLogFile(jFrame );\r\n		principal.initProps(jFrame );\r\n		principal.initLogFile(jFrame );\r\n		}\r\n		else{\r\n			PdfControler controler = null;\r\n			try {\r\n				controler = new PdfControler();\r\n			} catch (NoSuchAlgorithmException e) {\r\n				fail(e.getMessage());\r\n			}\r\n			controler.setProps(PropsConfig.getInstance());\r\n			PropsConfig.getInstance().setVisible(false);\r\n			principal.setpdfControler(controler);\r\n		}\r\n\r\n		principal.setCodigo(\"RQVMJGPTU589IWSDdfdknv\");\r\n		principal.setObjetoDominio(\"RQVMJGPTU589IWSDdfdknv\");\r\n		principal.setTipoArchivo(\"SDLFKJSDF675878sjdlsdj\");\r\n		PropsConfig.getInstance().readProps();\r\n		PropsConfig.getInstance().setDownloadURL(\"http://www.sundaycrosswords.com/ccpuz/ShockTreatment.pdf\");\r\n		PropsConfig.getInstance().setUploadURL(\"http://assertserver.dyndns.org:8280/ecom/resources/file/upload\");\r\n		crearPdf(PropsConfig.getInstance().getSourceDir()+File.separator+\"test.pdf\");\r\n		crearPdf(PropsConfig.getInstance().getSourceDir()+File.separator+\"test_firmado.pdf\");\r\n		principal.setArchivoParaFirmar(new File(PropsConfig.getInstance().getSourceDir()+File.separator+\"test.pdf\"));\r\n		principal.setArchivoFirmado(new File(PropsConfig.getInstance().getSourceDir()+File.separator+\"test_firmado.pdf\"));\r\n		FirmaControler controler= new FirmaControler(principal){\r\n			@Override\r\n			public void mostrarMensajesError(Container container,String mensaje,Exception exception){\r\n				this.setError(mensaje);		\r\n			}\r\n			@Override\r\n			public void mostrarMensajesOk(Container container,String mensaje,String titulo){\r\n				this.setError(\"\");	\r\n			}\r\n		};\r\n		\r\n		return controler;\r\n	}\r\n	@Test\r\n	public final void testFirmarDocumento() {\r\n		FirmaControler firmaControler=	getControler();\r\n		firmaControler.firmarDocumento(new JFrame());\r\n		assertTrue(firmaControler.getError().isEmpty());\r\n	}\r\n	@Test\r\n	public final void testPreguntarPinToken() {\r\n		FirmaControler firmaControler=	getControler();\r\n		PropsConfig.getInstance().setVisible(false);\r\n		firmaControler.preguntarPinToken(new JFrame());\r\n		assertEquals(firmaControler.getError(),\"No se ha ingresado el PIN del token\");\r\n	}\r\n	@Test\r\n	public final void testErrorUrlValidaSubirDocumento() {\r\n		FirmaControler firmaControler=	getControler();\r\n		firmaControler.subirDocumento(new JFrame());\r\n		assertTrue(firmaControler.getError().contains(\"Se han producido errores al enviar el archivo al server\"));\r\n	}\r\n	@Test\r\n	public final void testErrorUrlInValidaSubirDocumento() {\r\n		FirmaControler firmaControler=	getControler();\r\n		PropsConfig.getInstance().setUploadURL(\"http://www.invalida.url\");\r\n		firmaControler.subirDocumento(new JFrame());\r\n		assertTrue(firmaControler.getError().contains(\"Se han producido errores al enviar el archivo al server\"));\r\n	}\r\n	@Test\r\n	public final void testCargarArbolDeCertificados() {\r\n		FirmaControler firmaControler=	inicializar(false);\r\n		PropsConfig.getInstance().setVisible(false);\r\n		assertFalse(firmaControler.cargarArbolDeCertificados(new JFrame()));\r\n		assertTrue(firmaControler.getError().isEmpty());\r\n	}\r\n\r\n	\r\n\r\n	@Test\r\n	public final void testUploadDoc() {\r\n		FirmaControler firmaControler=	getControler();\r\n		assertFalse(firmaControler.uploadDoc(new JFrame()));\r\n		assertTrue(firmaControler.getError().contains(\"Se han producido errores al enviar el archivo al server\"));\r\n				}\r\n\r\n	@Test\r\n	public final void testAgregarParametroUrl() {\r\n		FirmaControler firmaControler=	getControler();\r\n		HttpFileDownLoader fileDownLoader=new HttpFileDownLoader();\r\n		assertEquals(firmaControler.agregarParametroUrl(new JFrame(), \"http://localhost:8080/appletServlet\",fileDownLoader),\"http://localhost:8080/appletServlet?idDominio=RQVMJGPTU589IWSDdfdknv&tipoDeArchivo=SDLFKJSDF675878sjdlsdj\");\r\n	}\r\n\r\n	@Test\r\n	public final void testErrorUrlValidaDescargarDocumentoParaFirmar() {\r\n		FirmaControler firmaControler=	getControler();\r\n		PropsConfig.getInstance().setNombreArchivo(null);\r\n		firmaControler.descargarDocumentoParaFirmar(new JFrame());\r\n		firmaControler.getError().contains(\"No se ha podido descargar el documento a firmar\"); \r\n	}\r\n	@Test\r\n	public final void testErrorUrlInValidaDescargarDocumentoParaFirmar() {\r\n		FirmaControler firmaControler=	getControler();\r\n		PropsConfig.getInstance().setNombreArchivo(null);\r\n		PropsConfig.getInstance().setDownloadURL(\"http://www.invalida.url\");\r\n		firmaControler.descargarDocumentoParaFirmar(new JFrame());\r\n		assertTrue(firmaControler.getError().contains(\"No se ha podido descargar el documento a firmar\")); \r\n	}\r\n	@Test\r\n	public final void testGetNombreArchivoFirmado() {\r\n		FirmaControler firmaControler=	getControler();\r\n		assertEquals(firmaControler.getNombreArchivoFirmado(),\"test_firmado.pdf\");\r\n	}\r\n	@Test\r\n	public final void testVisualizarDocumento() {\r\n		FirmaControler firmaControler=	getControler();\r\n		firmaControler.visualizarDocumento(new JFrame(), new File(\"\"));\r\n		assertEquals(firmaControler.getError(),\"visualizarDocumento()Ha ocurrido un error al intentar visualizar el documento\");\r\n	}\r\n\r\n}\r\n','firmador-digital','2013-02-08 09:41:54','2013-02-08 09:41:54'),(8309,'\'/opt/redmine-1.4/vendor/plugins/redmine_git_hosting/bin/run_git_as_git_user\' \'--git-dir\' \'repositories/cluster-innovacion/firma-digital/firmador-digital.git\' \'log\' \'--no-color\' \'--encoding=UTF-8\' \'--date=iso\' \'--pretty=fuller\' \'--no-merges\' \'-n\' \'1\' \'master\' \'--\' \'test/resource/Cert_test.pfx\'','commit 6df9d8d73180292e8eb4af9dc27ec9b7328821d3\nAuthor:     Andres Sosto <asosto@gmail.com>\nAuthorDate: 2012-10-10 18:49:01 -0300\nCommit:     Andres Sosto <asosto@gmail.com>\nCommitDate: 2012-10-10 18:49:01 -0300\n\n    Initial project commit\n','firmador-digital','2013-02-08 09:43:54','2013-02-08 09:43:54'),(8310,'\'/opt/redmine-1.4/vendor/plugins/redmine_git_hosting/bin/run_git_as_git_user\' \'--git-dir\' \'repositories/cluster-innovacion/firma-digital/firmador-digital.git\' \'log\' \'--no-color\' \'--encoding=UTF-8\' \'--date=iso\' \'--pretty=fuller\' \'--no-merges\' \'-n\' \'1\' \'master\' \'--\' \'test/resource/caceresCer.pfx\'','commit 6df9d8d73180292e8eb4af9dc27ec9b7328821d3\nAuthor:     Andres Sosto <asosto@gmail.com>\nAuthorDate: 2012-10-10 18:49:01 -0300\nCommit:     Andres Sosto <asosto@gmail.com>\nCommitDate: 2012-10-10 18:49:01 -0300\n\n    Initial project commit\n','firmador-digital','2013-02-08 09:43:54','2013-02-08 09:43:54'),(8311,'\'/opt/redmine-1.4/vendor/plugins/redmine_git_hosting/bin/run_git_as_git_user\' \'--git-dir\' \'repositories/cluster-innovacion/firma-digital/firmador-digital.git\' \'log\' \'--no-color\' \'--encoding=UTF-8\' \'--date=iso\' \'--pretty=fuller\' \'--no-merges\' \'-n\' \'1\' \'master\' \'--\' \'test/resource/secoptesteo.pfx\'','commit 6df9d8d73180292e8eb4af9dc27ec9b7328821d3\nAuthor:     Andres Sosto <asosto@gmail.com>\nAuthorDate: 2012-10-10 18:49:01 -0300\nCommit:     Andres Sosto <asosto@gmail.com>\nCommitDate: 2012-10-10 18:49:01 -0300\n\n    Initial project commit\n','firmador-digital','2013-02-08 09:43:54','2013-02-08 09:43:54'),(8312,'\'/opt/redmine-1.4/vendor/plugins/redmine_git_hosting/bin/run_git_as_git_user\' \'--git-dir\' \'repositories/cluster-innovacion/firma-digital/firmador-digital.git\' \'ls-tree\' \'-l\' \'master:test/resource\'','100644 blob ac6b50fd83dde2f55e5496960f91e77f29987b90    3210	Cert_test.pfx\n100644 blob bb4d4b85946366b262df766c5e3bd9e99b53329f    3932	caceresCer.pfx\n100644 blob db280ec36429af617b93ba3a444aef83a379fd90    4002	secoptesteo.pfx\n','firmador-digital','2013-02-08 09:43:54','2013-02-08 09:43:54'),(8313,'\'/opt/redmine-1.4/vendor/plugins/redmine_git_hosting/bin/run_git_as_git_user\' \'--git-dir\' \'repositories/cluster-innovacion/firma-digital/firmador-digital.git\' \'ls-tree\' \'-l\' \'master:test/resource\'','100644 blob ac6b50fd83dde2f55e5496960f91e77f29987b90    3210	Cert_test.pfx\n100644 blob bb4d4b85946366b262df766c5e3bd9e99b53329f    3932	caceresCer.pfx\n100644 blob db280ec36429af617b93ba3a444aef83a379fd90    4002	secoptesteo.pfx\n','firmador-digital','2013-02-08 09:43:54','2013-02-08 09:43:54'),(8314,'\'/opt/redmine-1.4/vendor/plugins/redmine_git_hosting/bin/run_git_as_git_user\' \'--git-dir\' \'repositories/cluster-innovacion/firma-digital/firmador-digital.git\' \'log\' \'--no-color\' \'--encoding=UTF-8\' \'--raw\' \'--date=iso\' \'--pretty=fuller\' \'--parents\' \'--stdin\' \'-n\' \'10\' \'--\' \'test/resource\'\nmaster\n','commit 6df9d8d73180292e8eb4af9dc27ec9b7328821d3\nAuthor:     Andres Sosto <asosto@gmail.com>\nAuthorDate: 2012-10-10 18:49:01 -0300\nCommit:     Andres Sosto <asosto@gmail.com>\nCommitDate: 2012-10-10 18:49:01 -0300\n\n    Initial project commit\n\n:000000 100644 0000000... ac6b50f... A	test/resource/Cert_test.pfx\n:000000 100644 0000000... bb4d4b8... A	test/resource/caceresCer.pfx\n:000000 100644 0000000... db280ec... A	test/resource/secoptesteo.pfx\n','firmador-digital','2013-02-08 09:43:54','2013-02-08 09:43:54'),(8315,'\'/opt/redmine-1.4/vendor/plugins/redmine_git_hosting/bin/run_git_as_git_user\' \'--git-dir\' \'repositories/cluster-innovacion/firma-digital/firmador-digital.git\' \'log\' \'--no-color\' \'--encoding=UTF-8\' \'--raw\' \'--date=iso\' \'--pretty=fuller\' \'--parents\' \'--stdin\' \'-n\' \'10\' \'--\' \'test/resource\'\nmaster\n','commit 6df9d8d73180292e8eb4af9dc27ec9b7328821d3\nAuthor:     Andres Sosto <asosto@gmail.com>\nAuthorDate: 2012-10-10 18:49:01 -0300\nCommit:     Andres Sosto <asosto@gmail.com>\nCommitDate: 2012-10-10 18:49:01 -0300\n\n    Initial project commit\n\n:000000 100644 0000000... ac6b50f... A	test/resource/Cert_test.pfx\n:000000 100644 0000000... bb4d4b8... A	test/resource/caceresCer.pfx\n:000000 100644 0000000... db280ec... A	test/resource/secoptesteo.pfx\n','firmador-digital','2013-02-08 09:43:54','2013-02-08 09:43:54'),(8316,'\'/opt/redmine-1.4/vendor/plugins/redmine_git_hosting/bin/run_git_as_git_user\' \'--git-dir\' \'repositories/cluster-innovacion/firma-digital/firmador-digital.git\' \'log\' \'--no-color\' \'--encoding=UTF-8\' \'--raw\' \'--date=iso\' \'--pretty=fuller\' \'--parents\' \'--stdin\' \'-n\' \'100\' \'--\' \'test/resource/Cert_test.pfx\'\nmaster\n','commit 6df9d8d73180292e8eb4af9dc27ec9b7328821d3\nAuthor:     Andres Sosto <asosto@gmail.com>\nAuthorDate: 2012-10-10 18:49:01 -0300\nCommit:     Andres Sosto <asosto@gmail.com>\nCommitDate: 2012-10-10 18:49:01 -0300\n\n    Initial project commit\n\n:000000 100644 0000000... ac6b50f... A	test/resource/Cert_test.pfx\n','firmador-digital','2013-02-08 09:44:04','2013-02-08 09:44:04'),(8317,'\'/opt/redmine-1.4/vendor/plugins/redmine_git_hosting/bin/run_git_as_git_user\' \'--git-dir\' \'repositories/cluster-innovacion/firma-digital/firmador-digital.git\' \'show\' \'--no-color\' \'master:test/resource/Cert_test.pfx\'','00B	*H\r3/0+0	*H\r00*H\r\n00\n*H\r0>r*JOٱ\r^Lȡ3䦟Yc9CGh>\nx]a/TоY\\UߪLA=խ(AI}+v\0T3dFW\nq唺`Zؖ[G-h)M&s3o^5_\nT(7x)I\'\ZVEZ)?\'ÈFFk	|BTKCx}[*]tfKg&Mp&QV8+qq2SCdwЕ}fPgSi=6)76ߎGp1?#y_PQ!QG9s̳udM\"Ifԍ:\"|\"9F&MJB~9j-G3HГsI[$7}Npf:O{aRބ RT8s[Pٝ3يкUz%TdS˄b26$f	o\"c8@{~l\\/ӝv.\'\ZcYjVrw\ZN#7%QԬ(g`{Z@%62_Kw88ބU$<*^Qppr6\n8`b$U|c}+Mn?LٛD_B\0ғ M(-10	*H\r	1\0\0\00[	*H\r	1NL\0{\09\07\0D\0E\08\0B\0C\08\0-\0C\0B\0E\05\0-\04\01\0F\01\0-\0B\09\0D\04\0-\03\02\03\08\07\00\01\0F\08\0E\0F\0A\0}0c	+71VT\0M\0i\0c\0r\0o\0s\0o\0f\0t\0 \0B\0a\0s\0e\0 \0C\0r\0y\0p\0t\0o\0g\0r\0a\0p\0h\0i\0c\0 \0P\0r\0o\0v\0i\0d\0e\0r\0 \0v\01\0.\000g	*H\rX0T\00M	*H\r0\n*H\r0p0KlЀ Lq澐?ÉI ij\nuS*hDD%nnOini8ࣽ,y$\Z:Zh̸w\0c[TFR=Ii>f[wp4a~a3\ZAw$63\Zo(p?xF:L,giI,-jo~<8\0MU*,}7\ZƝi>E6W\\}#T95B\Z&B3N͙y$H},	q-H5:.C;wT-4`ZuMbI\\=V{䙷\Z8_ʧ $xYp4HDTRP\\[]jCzl@+ݬ	ik	2GvʀII%,MTqp!]8DIo!v8E5AdbY8)PU}\\b*V)9)=ϩ#`$SɮoEv\Z@:)-[\r|2YR`T/\'Dd6	l 7u`P?\Zݙ3 0uD{Y]\0-L^<<g	ji<spYr18F酝}|G0opPvJH]&w_d]o7hBMѫlzULD	w|b@1ǔ`CS?:*Ӟ_IP`	7/R0-W {>5y˭d9Z-g0kXO#L#jU514!~zV̎/Z6	oX*)0d!ͽwDs f7AtH\n~YՃ]֟NpД}\'/[L3k뗱=l0XN6<Չ鴄,[Q2J.\rᦇ	M뢕e5j\rS64#GXz5[`gv̢25e7#3\\=ͱ8\\[&l}/l8lYaK918O!ty4\r\"dƚuxqgx{LJ׈G.V| lr.1\0`e^wkҀ.gȷv_\Z\nM=3l)0W{ o.Ta[횲@\Z%X?E!٬ާ/hOO!rfbՖD|2,U\Z$4_s!:=uvY%-rյsx5m}(HV6k[`F\np(sɤ\ZIIWŞ\Z{| b.@1X.6&|%0Rk~X&fRM1	4*atJasxъu3ocx\ZڑY?EI :.K\Z©O5?ು~Z?s;Ed*	;ђp/M^e<25MWpu	GI9W,UN`7\'y|q0^:@S6*e58q\"lP&[&վ*+;f\njbئs\0cΨG=dJqXsc*\nItD{6\r;*I(_h25tiı<\'=lQKmۯ.OwtC\nB.@[Nx0Bܝx\\iqJ􏌙64ک\ZCc#-IN?rY]^\nuEԙS%%6e~R%zP\n?ܠ\'Mα4H- 䥽fq;hz}k2~y vzpVEMv.T!ڢ>͞)*_CD?=WNi\r*,FҦwɶ>y^55\'{\\jUI\Zjf9KyI3\'W#cJMX!\08\\<@+c[ɬ5˻9\nEwk\\Zm	PO0\Z?탒kgJ_V\rx#I	0;00+\Zn@}}^rXW)2&0Wh1t','firmador-digital','2013-02-08 09:44:14','2013-02-08 09:44:14'),(8318,'\'/opt/redmine-1.4/vendor/plugins/redmine_git_hosting/bin/run_git_as_git_user\' \'--git-dir\' \'repositories/cluster-innovacion/firma-digital/firmador-digital.git\' \'log\' \'--no-color\' \'--encoding=UTF-8\' \'--date=iso\' \'--pretty=fuller\' \'--no-merges\' \'-n\' \'1\' \'master\' \'--\' \'app/resource\'','commit c6a9d205efe718b2b6f27f2dd5ca470569194168\nAuthor:     Fabian Collado <fabian@enyetech.com>\nAuthorDate: 2012-10-15 17:14:48 -0300\nCommit:     Fabian Collado <fabian@enyetech.com>\nCommitDate: 2012-10-15 17:14:48 -0300\n\n    Compatibilidad para Firefox 32 y 64 bit en Linux. Inicio de desarrollo de acceso de keystore para Chrome en Linux. Correccin de validacin de respuesta de servicio de output mediante status 200. Los archivos pdf en la carpeta temporal se graban con nombres random, para evitar conflictos al firmar documentos pdf consecutivos con el mismo nombre y abiertos en Acrobat Reader. Si falla el borrado del pdf temporal, igualmente continua, permite abrir el pdf con el Acrobat Reader y firmarlo al mismo tiempo\n','firmador-digital','2013-02-08 09:45:28','2013-02-08 09:45:28'),(8319,'\'/opt/redmine-1.4/vendor/plugins/redmine_git_hosting/bin/run_git_as_git_user\' \'--git-dir\' \'repositories/cluster-innovacion/firma-digital/firmador-digital.git\' \'log\' \'--no-color\' \'--encoding=UTF-8\' \'--date=iso\' \'--pretty=fuller\' \'--no-merges\' \'-n\' \'1\' \'master\' \'--\' \'app/src\'','commit c6a9d205efe718b2b6f27f2dd5ca470569194168\nAuthor:     Fabian Collado <fabian@enyetech.com>\nAuthorDate: 2012-10-15 17:14:48 -0300\nCommit:     Fabian Collado <fabian@enyetech.com>\nCommitDate: 2012-10-15 17:14:48 -0300\n\n    Compatibilidad para Firefox 32 y 64 bit en Linux. Inicio de desarrollo de acceso de keystore para Chrome en Linux. Correccin de validacin de respuesta de servicio de output mediante status 200. Los archivos pdf en la carpeta temporal se graban con nombres random, para evitar conflictos al firmar documentos pdf consecutivos con el mismo nombre y abiertos en Acrobat Reader. Si falla el borrado del pdf temporal, igualmente continua, permite abrir el pdf con el Acrobat Reader y firmarlo al mismo tiempo\n','firmador-digital','2013-02-08 09:45:28','2013-02-08 09:45:28'),(8320,'\'/opt/redmine-1.4/vendor/plugins/redmine_git_hosting/bin/run_git_as_git_user\' \'--git-dir\' \'repositories/cluster-innovacion/firma-digital/firmador-digital.git\' \'ls-tree\' \'-l\' \'master:app\'','040000 tree 7c6bce1452563867136447dd38e6858f1e6494a3       -	resource\n040000 tree 4f24278eb9494118942abda09e82ca949eaa7e4f       -	src\n','firmador-digital','2013-02-08 09:45:28','2013-02-08 09:45:28'),(8321,'\'/opt/redmine-1.4/vendor/plugins/redmine_git_hosting/bin/run_git_as_git_user\' \'--git-dir\' \'repositories/cluster-innovacion/firma-digital/firmador-digital.git\' \'log\' \'--no-color\' \'--encoding=UTF-8\' \'--raw\' \'--date=iso\' \'--pretty=fuller\' \'--parents\' \'--stdin\' \'-n\' \'10\' \'--\' \'app\'\nmaster\n','commit c6a9d205efe718b2b6f27f2dd5ca470569194168 6df9d8d73180292e8eb4af9dc27ec9b7328821d3\nAuthor:     Fabian Collado <fabian@enyetech.com>\nAuthorDate: 2012-10-15 17:14:48 -0300\nCommit:     Fabian Collado <fabian@enyetech.com>\nCommitDate: 2012-10-15 17:14:48 -0300\n\n    Compatibilidad para Firefox 32 y 64 bit en Linux. Inicio de desarrollo de acceso de keystore para Chrome en Linux. Correccin de validacin de respuesta de servicio de output mediante status 200. Los archivos pdf en la carpeta temporal se graban con nombres random, para evitar conflictos al firmar documentos pdf consecutivos con el mismo nombre y abiertos en Acrobat Reader. Si falla el borrado del pdf temporal, igualmente continua, permite abrir el pdf con el Acrobat Reader y firmarlo al mismo tiempo\n\n:100644 100644 c05df36... b6bae6a... M	app/resource/properties/firma.properties\n:100644 100644 d47ab6d... 89356ad... M	app/resource/properties/firma_es_AR - copia.properties\n:100644 100644 d47ab6d... 89356ad... M	app/resource/properties/firma_es_AR.properties\n:100644 100644 324d5f5... d1d53ad... M	app/src/ar/gob/onti/firmador/controler/FileSystem.java\n:100644 100644 d3ee718... 9356c04... M	app/src/ar/gob/onti/firmador/controler/FirmaControler.java\n:100644 100644 d29ce3d... 1306d18... M	app/src/ar/gob/onti/firmador/controler/PdfControler.java\n:100644 100644 f6b966a... 6347f15... M	app/src/ar/gob/onti/firmador/controler/conection/HttpFileUploader.java\n:000000 100644 0000000... dcc025c... A	app/src/ar/gob/onti/firmador/exception/ChromeKeyStoreException.java\n:000000 100644 0000000... a9a1122... A	app/src/ar/gob/onti/firmador/exception/ChromeNotFoundException.java\n:000000 100644 0000000... 02bb9fb... A	app/src/ar/gob/onti/firmador/model/ChromeLinux.java\n:100644 100644 18f8992... ea9ca43... M	app/src/ar/gob/onti/firmador/model/Mozilla.java\n:100644 100644 4e0d2b9... 75c2cfb... M	app/src/ar/gob/onti/firmador/model/PropsConfig.java\n:100644 100644 54eb289... 186df2e... M	app/src/ar/gob/onti/firmador/view/FirmaApplet.java\n\ncommit 6df9d8d73180292e8eb4af9dc27ec9b7328821d3\nAuthor:     Andres Sosto <asosto@gmail.com>\nAuthorDate: 2012-10-10 18:49:01 -0300\nCommit:     Andres Sosto <asosto@gmail.com>\nCommitDate: 2012-10-10 18:49:01 -0300\n\n    Initial project commit\n\n:000000 100644 0000000... 43410f9... A	app/resource/images/ErrorCircle-64.png\n:000000 100644 0000000... c8fd0cc... A	app/resource/images/Help-32.png\n:000000 100644 0000000... 35ec436... A	app/resource/images/InfoBox-64.png\n:000000 100644 0000000... 1e1bdf3... A	app/resource/images/OKShield-64.png\n:000000 100644 0000000... 2b01d52... A	app/resource/images/flecha-derecha.png\n:000000 100644 0000000... 65cc840... A	app/resource/images/folder_new.png\n:000000 100644 0000000... e078f01... A	app/resource/images/fondo.jpg\n:000000 100644 0000000... e0d98e6... A	app/resource/images/logo_jgm.gif\n:000000 100644 0000000... 66337aa... A	app/resource/images/ok.png\n:000000 100644 0000000... 0fd6224... A	app/resource/images/sign.png\n:000000 100644 0000000... 274f635... A	app/resource/images/view.png\n:000000 100644 0000000... 119aa0e... A	app/resource/images/watermark.jpg\n:000000 100644 0000000... 2ed5182... A	app/resource/images/watermark.png\n:000000 100644 0000000... c05df36... A	app/resource/properties/firma.properties\n:000000 100644 0000000... d47ab6d... A	app/resource/properties/firma_es_AR - copia.properties\n:000000 100644 0000000... d47ab6d... A	app/resource/properties/firma_es_AR.properties\n:000000 100644 0000000... 324d5f5... A	app/src/ar/gob/onti/firmador/controler/FileSystem.java\n:000000 100644 0000000... d3ee718... A	app/src/ar/gob/onti/firmador/controler/FirmaControler.java\n:000000 100644 0000000... d29ce3d... A	app/src/ar/gob/onti/firmador/controler/PdfControler.java\n:000000 100644 0000000... 9bef0eb... A	app/src/ar/gob/onti/firmador/controler/StoreDctnry.java\n:000000 100644 0000000... 01527d7... A	app/src/ar/gob/onti/firmador/controler/conection/HttpFileConnection.java\n:000000 100644 0000000... da13be6... A	app/src/ar/gob/onti/firmador/controler/conection/HttpFileDownLoader.java\n:000000 100644 0000000... f6b966a... A	app/src/ar/gob/onti/firmador/controler/conection/HttpFileUploader.java\n:000000 100644 0000000... 90b276c... A	app/src/ar/gob/onti/firmador/exception/MozillaKeyStoreException.java\n:000000 100644 0000000... 955cf88... A	app/src/ar/gob/onti/firmador/exception/MozillaNotFoundException.java\n:000000 100644 0000000... 70a431c... A	app/src/ar/gob/onti/firmador/model/AppleSafari.java\n:000000 100644 0000000... e766bab... A	app/src/ar/gob/onti/firmador/model/CRLInfo.java\n:000000 100644 0000000... 18f8992... A	app/src/ar/gob/onti/firmador/model/Mozilla.java\n:000000 100644 0000000... ef9d07f... A	app/src/ar/gob/onti/firmador/model/PreguntaRespuesta.java\n:000000 100644 0000000... 1635b65... A	app/src/ar/gob/onti/firmador/model/PreguntasRespuestas.java\n:000000 100644 0000000... 4e0d2b9... A	app/src/ar/gob/onti/firmador/model/PropsConfig.java\n:000000 100644 0000000... cfb323f... A	app/src/ar/gob/onti/firmador/model/Proxy.java\n:000000 100644 0000000... e7abf25... A	app/src/ar/gob/onti/firmador/model/RegQuery.java\n:000000 100644 0000000... 6dd5c2f... A	app/src/ar/gob/onti/firmador/model/certificatelist/AbstractTreeTableModel.java\n:000000 100644 0000000... 74d799f... A	app/src/ar/gob/onti/firmador/model/certificatelist/CertifsModel.java\n:000000 100644 0000000... b2bb0d7... A	app/src/ar/gob/onti/firmador/model/certificatelist/ComparatorAliasCert.java\n:000000 100644 0000000... ad77304... A	app/src/ar/gob/onti/firmador/model/certificatelist/TreeTableModel.java\n:000000 100644 0000000... 27dce93... A	app/src/ar/gob/onti/firmador/util/Util.java\n:000000 100644 0000000... 51f4955... A	app/src/ar/gob/onti/firmador/view/DialogSecure.java\n:000000 100644 0000000... 54eb289... A	app/src/ar/gob/onti/firmador/view/FirmaApplet.java\n:000000 100644 0000000... 89930e2... A	app/src/ar/gob/onti/firmador/view/JSCommands.java\n:000000 100644 0000000... d68e36f... A	app/src/ar/gob/onti/firmador/view/PanelPrincipal.java\n:000000 100644 0000000... 0775e79... A	app/src/ar/gob/onti/firmador/view/VentanaPrincipal.java\n:000000 100644 0000000... e45298d... A	app/src/ar/gob/onti/firmador/view/certificatelist/AbstractCellEditor.java\n:000000 100644 0000000... 9b7a6e5... A	app/src/ar/gob/onti/firmador/view/certificatelist/CertsTreeTable.java\n:000000 100644 0000000... 69ac73a... A	app/src/ar/gob/onti/firmador/view/certificatelist/JTreeTable.java\n:000000 100644 0000000... 9190922... A	app/src/ar/gob/onti/firmador/view/certificatelist/TreeTableModelAdapter.java\n:000000 100644 0000000... fdf6308... A	app/src/ar/gob/onti/firmador/view/questionlist/QuestionList.java\n','firmador-digital','2013-02-08 09:45:28','2013-02-08 09:45:28'),(8322,'\'/opt/redmine-1.4/vendor/plugins/redmine_git_hosting/bin/run_git_as_git_user\' \'--git-dir\' \'repositories/cluster-innovacion/firma-digital/firmador-digital.git\' \'log\' \'--no-color\' \'--encoding=UTF-8\' \'--raw\' \'--date=iso\' \'--pretty=fuller\' \'--parents\' \'--stdin\' \'-n\' \'100\' \'--\' \'app/resource/properties/firma_es_AR - copia.properties\'\nmaster\n','commit c6a9d205efe718b2b6f27f2dd5ca470569194168 6df9d8d73180292e8eb4af9dc27ec9b7328821d3\nAuthor:     Fabian Collado <fabian@enyetech.com>\nAuthorDate: 2012-10-15 17:14:48 -0300\nCommit:     Fabian Collado <fabian@enyetech.com>\nCommitDate: 2012-10-15 17:14:48 -0300\n\n    Compatibilidad para Firefox 32 y 64 bit en Linux. Inicio de desarrollo de acceso de keystore para Chrome en Linux. Correccin de validacin de respuesta de servicio de output mediante status 200. Los archivos pdf en la carpeta temporal se graban con nombres random, para evitar conflictos al firmar documentos pdf consecutivos con el mismo nombre y abiertos en Acrobat Reader. Si falla el borrado del pdf temporal, igualmente continua, permite abrir el pdf con el Acrobat Reader y firmarlo al mismo tiempo\n\n:100644 100644 d47ab6d... 89356ad... M	app/resource/properties/firma_es_AR - copia.properties\n\ncommit 6df9d8d73180292e8eb4af9dc27ec9b7328821d3\nAuthor:     Andres Sosto <asosto@gmail.com>\nAuthorDate: 2012-10-10 18:49:01 -0300\nCommit:     Andres Sosto <asosto@gmail.com>\nCommitDate: 2012-10-10 18:49:01 -0300\n\n    Initial project commit\n\n:000000 100644 0000000... d47ab6d... A	app/resource/properties/firma_es_AR - copia.properties\n','firmador-digital','2013-02-08 09:47:09','2013-02-08 09:47:09'),(8323,'\'/opt/redmine-1.4/vendor/plugins/redmine_git_hosting/bin/run_git_as_git_user\' \'--git-dir\' \'repositories/cluster-innovacion/firma-digital/firmador-digital.git\' \'show\' \'--no-color\' \'master:app/resource/properties/firma_es_AR - copia.properties\'','################################################################################################\r\n# FD: Firmante Digital\r\n# Configuracion general\r\n################################################################################################\r\nUploadBoundary=*****\r\n#### Certificados\r\n### Valores por default de atributos que deberian especificarse\r\n### localmente en cada maquina via archivo etaps.props\r\n## StoreType dnde se aloja el almacen de certificados\r\n# {Token/Browser}\r\nStoreType=Browser\r\nProvName=eToken\r\nProvLib=eTPKCS11\r\neTPKCS11=eTPKCS11.dll\r\nsystem32=system32\r\n# Correo\r\n#IssuerCN=AC de la Subsecretar\r\n# AC ONTI\r\n#IssuerCN=Oficina Nacional de Tecnolo\r\nIssuerCN1=AC de la Subsecretara de la Gestin Pblica para Certificados de Correo Electrnico\r\nIssuerCN2=Oficina Nacional de Tecnologas de Informacin\r\nIssuerCN3=Autoridad Certificante de Firma Digital\r\n\r\n#### Propiedades Firma PDF\r\ntitulo=<html><font color=#dedede size=5>Aplicacin de firma digital de la Subsecretara de Tecnologas de Gestin</font></html>\"\r\ndocumento=Documento\r\nsubirPdf=Paso 2: Enviar\r\nvisualizar=Visualizar\r\nfirmar=Paso 1: Firmar\r\ntokenPin=Token PIN\r\ningreseToken=Ingreso de Token PIN\r\nmsjDescargaOK=El documento ha sido descargado exitosamente\r\nmensajeFirmaOk=<html><div align=\"center\"><font style=\"text-align:center\" color=\"#A0A0A0\" size=5>La firma digital del  documento se ha realizado exitosamente</font></div></html>\r\ndescargaDictamen=Descarga de documentos\r\nfirmaOK=El documento ha sido firmado exitosamente\r\nfirmaDictamenes=Firma de documentos\r\nenvioDictamenes=Envo de documentos\r\nrepoCert=Repositorio de certificados\r\nseleccionar=Firmar\r\ncancelar=Cancelar\r\ncertificados=Certificados\r\ninformacion=Informacin\r\ninformacionCertificado=Al seleccionar un certificado le aparecer la informacin del mismo\r\nselectCertificado=Seleccione un certificado\r\nselectCertifYFirmar=Seleccione el certificado deseado y haga clic en el bot\\u00F3n firmar \r\narchivoEnviadoExtosamente=El documento ha sido enviado exitosamente\r\nconfirmacionEnvio=Confirmacin de envo\r\nmensajeConfirmacionEnvio= Est seguro de enviar el documento firmado a la aplicacin ?\r\n# ------------------------  ERRORES  ------------------------------------\r\nerror=Error\r\nerrorSeleccion=Error Seleccin\r\nerrorDirectorioTemporal=No se ha podido encontrar un directorio temporal para el proceso de firma digital\r\nerrorUrl=No se puede agregar el parametro a la URL\r\nerrorCertPersonal1=Debe seleccionar un certificado personal y no un certificado de AC \\n ( CERTIFICADO )\r\nerrorCertPersonal2=Por favor, seleccione un certificado personal\r\nerrorDescargarDoc=No se ha podido descargar el documento a firmar \\n\r\nerrorConexionServidor=No se ha podido establecer la conexi\\u00F3n con el servidor\\n\r\nerrorVerDocumento=Ha ocurrido un error al intentar visualizar el documento\r\ntituloErrorVerDocumento=Error visualizacin documento\r\nerrorArchivoParaFirmarInexistente=No se encuentra el documento para ser firmado en el directorio temporal\r\nerrorArchivoFirmadoInexistente=No se encuentra el documento firmado en el directorio temporal\r\nprocesandoDoc=Procesando Documento \r\nerrorFirma=M\\u00E9todo PdfControler.SignFile()\\: Error en la firma del documento\r\nerrorSeleccionArchivo= Error seleccin archivo\r\nerrorArchivoProtegido=Archivo protegido contra escritura\r\nerrorFalloBorrado=Fallo la operacin de borrado\r\nerrorArchivoNoExistente=El archivo seleccionado no existe \\u00F3 no es un archivo v\\u00E1lido\\nPor favor, seleccione otro archivo\r\nerrorSeleccin=Error Seleccin\r\nerrorPinToken=No se ha ingresado el PIN del token\r\nerrorAlSeleccionarArchivo=Error al seleccionar archivo (no existe \\u00F3 no v\\u00E1lido) \r\nerrorEliminandoFirmado=El archivo firmado no ha podido ser eliminado del directorio local\r\nerrorEliminandoSinFirmar=El archivo para ser firmado no ha podido ser eliminado del directorio local\r\nerrorEnvioServer=Se han producido errores al enviar el archivo al server\\n\r\nerrorEnvioDictamenServer=Error al intentar enviar el dictamen firmado al servidor\r\nerrorVisualizar=Error al intentar visualizar\r\nerrorBrowseCerts=Mtodo MainWindow.browseCerts(): Error al intentar recuperar los certificados del almacn\r\nerrorcertificadoExpirado=Ha expirado el per\\u00EDodo de validez del certificado emitido por la AC-ONTI.\\nEl mismo corresponde a (\r\nerrorDigest=Mtodo FirmaPdfHandler.getMDFileToSign(): No se ha informado el nombre del archivo del que quiere calcularse el digesto\r\nerrorHash=Mtodo FirmaPdfHandler.getMDFileToSign(): Error en el clculo de hash del archivo que quiere firmarse\r\nerrorKeyStore=Mtodo FirmaPdfHandler.keyStoreOpen():\r\nerrorAlmacen=Error en la apertura del almacn de certificados\r\nerrorAlmacenFirefox=Error el almacn de certificados de Firefox esta siendo utilizado por otra sesin del Applet, reinicie su navegador\r\nerrorAlmacenChromeLinux=Error el almacn de certificados de Chrome esta siendo utilizado por otra sesin del Applet, reinicie su navegador\r\nerrorDirectorio=Mtodo PdfControler.SignFile(): No se ha informado el directorio  el nombre del archivo que quiere firmarse\r\nerrorArchivoDestino=Mtodo PdfControler.SignFile(): No se ha informado el nombre del archivo destino de la firma\r\nerrorURLCrlCA=ERROR 09, No se pudo realizar la conexin con la Autoridad Certicante\r\nerrorGetCrlUrls=ERROR 10, No es posible acceder a la url de descarga de las CRLs de la Autoridad Certificante\r\nerrorInitCrls=ERROR 11, No es posible descargar la lista de certificados revocados de la Autoridad Certificante\r\nerrorvalidarCRL=ERROR 12, No es posible validar si su certificado fue  revocado por  la Autoridad Certificante\r\nerrorCertRevocado=Su certificado ha sido revocado por\\: \r\nerrorCertRevocadoFecha=Fecha de revocacin:\r\nerrorURL=Error en la creacin del objeto URL (\r\n#------------------------MENSAJE AYUDA-----------------------------\r\ntituloAyuda= Ayuda\r\ntextoDeAyuda=<html><style>span{color:#272727;font-size:11px;font-weight:normal}h1{font-size:13px;color:#000;font-weight:bold}</style><br><h1>Los pasos para firmar  el documento  son:</h1><p><span>-<strong>Primer paso: </strong>Al hacer clic en <strong>Firmar</strong> podr visualizar  los </span></p><p><span>certificados instalados</span><span>  en su </span><span>navegador, seleccione el certificado con el que desea </span></p><p><span> firmar el documento  y luego confirme la operacin</span>.</p><p><br>    <span>-<strong>Segundo  paso:</strong>  Deber  hacer click en <strong>Enviar </strong> para</span></p><p><span> enviar el documento  firmado  a la aplicacin que est utilizando.</span></p><p><br>    <span>-  Puede  hacer click en <strong>Visualizar </strong>para ver el documento antes o despus de firmar.</span></p><p><span><br></span></p></html>\r\n','firmador-digital','2013-02-08 09:47:13','2013-02-08 09:47:13'),(8324,'\'/opt/redmine-1.4/vendor/plugins/redmine_git_hosting/bin/run_git_as_git_user\' \'--git-dir\' \'repositories/cluster-innovacion/firma-digital/firmador-digital.git\' \'log\' \'--no-color\' \'--encoding=UTF-8\' \'--date=iso\' \'--pretty=fuller\' \'--no-merges\' \'-n\' \'1\' \'53105af80fd65cd9404dbeecbaaa6b531be672fe\' \'--\' \'test/resource\'','commit 6df9d8d73180292e8eb4af9dc27ec9b7328821d3\nAuthor:     Andres Sosto <asosto@gmail.com>\nAuthorDate: 2012-10-10 18:49:01 -0300\nCommit:     Andres Sosto <asosto@gmail.com>\nCommitDate: 2012-10-10 18:49:01 -0300\n\n    Initial project commit\n','firmador-digital','2013-02-08 12:28:09','2013-02-08 12:28:09'),(8325,'\'/opt/redmine-1.4/vendor/plugins/redmine_git_hosting/bin/run_git_as_git_user\' \'--git-dir\' \'repositories/cluster-innovacion/firma-digital/firmador-digital.git\' \'log\' \'--no-color\' \'--encoding=UTF-8\' \'--date=iso\' \'--pretty=fuller\' \'--no-merges\' \'-n\' \'1\' \'53105af80fd65cd9404dbeecbaaa6b531be672fe\' \'--\' \'test/src\'','commit 6df9d8d73180292e8eb4af9dc27ec9b7328821d3\nAuthor:     Andres Sosto <asosto@gmail.com>\nAuthorDate: 2012-10-10 18:49:01 -0300\nCommit:     Andres Sosto <asosto@gmail.com>\nCommitDate: 2012-10-10 18:49:01 -0300\n\n    Initial project commit\n','firmador-digital','2013-02-08 12:28:09','2013-02-08 12:28:09'),(8326,'\'/opt/redmine-1.4/vendor/plugins/redmine_git_hosting/bin/run_git_as_git_user\' \'--git-dir\' \'repositories/cluster-innovacion/firma-digital/firmador-digital.git\' \'ls-tree\' \'-l\' \'53105af80fd65cd9404dbeecbaaa6b531be672fe:test\'','040000 tree b6a25a4e1c4c16f9c0d79cd4d4e58e77c153b394       -	resource\n040000 tree 7422d8412b6bd1927d78a03850a4a2ec4f45ce1d       -	src\n','firmador-digital','2013-02-08 12:28:09','2013-02-08 12:28:09'),(8327,'\'/opt/redmine-1.4/vendor/plugins/redmine_git_hosting/bin/run_git_as_git_user\' \'--git-dir\' \'repositories/cluster-innovacion/firma-digital/firmador-digital.git\' \'log\' \'--no-color\' \'--encoding=UTF-8\' \'--raw\' \'--date=iso\' \'--pretty=fuller\' \'--parents\' \'--stdin\' \'-n\' \'10\' \'--\' \'test\'\n53105af80fd65cd9404dbeecbaaa6b531be672fe\n','commit 6df9d8d73180292e8eb4af9dc27ec9b7328821d3\nAuthor:     Andres Sosto <asosto@gmail.com>\nAuthorDate: 2012-10-10 18:49:01 -0300\nCommit:     Andres Sosto <asosto@gmail.com>\nCommitDate: 2012-10-10 18:49:01 -0300\n\n    Initial project commit\n\n:000000 100644 0000000... ac6b50f... A	test/resource/Cert_test.pfx\n:000000 100644 0000000... bb4d4b8... A	test/resource/caceresCer.pfx\n:000000 100644 0000000... db280ec... A	test/resource/secoptesteo.pfx\n:000000 100644 0000000... 4fd44ba... A	test/src/ar/gob/onti/firmador/controler/test/FirmaControlerTest.java\n:000000 100644 0000000... a2826b4... A	test/src/ar/gob/onti/firmador/controler/test/PdfControlerTest.java\n:000000 100644 0000000... 5ad7c19... A	test/src/ar/gob/onti/firmador/model/certificatelist/test/StoreDctnryTest.java\n:000000 100644 0000000... 7461580... A	test/src/ar/gob/onti/firmador/model/test/HttpFileDownLoaderTest.java\n:000000 100644 0000000... 56aa888... A	test/src/ar/gob/onti/firmador/model/test/HttpFileUploaderTest.java\n:000000 100644 0000000... 05cd8b1... A	test/src/ar/gob/onti/firmador/model/test/MozillaTest.java\n:000000 100644 0000000... 538512b... A	test/src/ar/gob/onti/firmador/model/test/PropsConfigTest.java\n','firmador-digital','2013-02-08 12:28:09','2013-02-08 12:28:09'),(8328,'\'/opt/redmine-1.4/vendor/plugins/redmine_git_hosting/bin/run_git_as_git_user\' \'--git-dir\' \'repositories/cluster-innovacion/firma-digital/firmador-digital.git\' \'log\' \'--no-color\' \'--encoding=UTF-8\' \'--date=iso\' \'--pretty=fuller\' \'--no-merges\' \'-n\' \'1\' \'c6a9d205efe718b2b6f27f2dd5ca470569194168\' \'--\' \'app/src/ar/gob\'','commit c6a9d205efe718b2b6f27f2dd5ca470569194168\nAuthor:     Fabian Collado <fabian@enyetech.com>\nAuthorDate: 2012-10-15 17:14:48 -0300\nCommit:     Fabian Collado <fabian@enyetech.com>\nCommitDate: 2012-10-15 17:14:48 -0300\n\n    Compatibilidad para Firefox 32 y 64 bit en Linux. Inicio de desarrollo de acceso de keystore para Chrome en Linux. Correccin de validacin de respuesta de servicio de output mediante status 200. Los archivos pdf en la carpeta temporal se graban con nombres random, para evitar conflictos al firmar documentos pdf consecutivos con el mismo nombre y abiertos en Acrobat Reader. Si falla el borrado del pdf temporal, igualmente continua, permite abrir el pdf con el Acrobat Reader y firmarlo al mismo tiempo\n','firmador-digital','2013-02-08 12:28:20','2013-02-08 12:28:20'),(8329,'\'/opt/redmine-1.4/vendor/plugins/redmine_git_hosting/bin/run_git_as_git_user\' \'--git-dir\' \'repositories/cluster-innovacion/firma-digital/firmador-digital.git\' \'ls-tree\' \'-l\' \'c6a9d205efe718b2b6f27f2dd5ca470569194168:app/src/ar\'','040000 tree 72e325186a098ddef38a8176cc6d8820ad5b266b       -	gob\n','firmador-digital','2013-02-08 12:28:20','2013-02-08 12:28:20'),(8330,'\'/opt/redmine-1.4/vendor/plugins/redmine_git_hosting/bin/run_git_as_git_user\' \'--git-dir\' \'repositories/cluster-innovacion/firma-digital/firmador-digital.git\' \'log\' \'--no-color\' \'--encoding=UTF-8\' \'--raw\' \'--date=iso\' \'--pretty=fuller\' \'--parents\' \'--stdin\' \'-n\' \'10\' \'--\' \'app/src/ar\'\nc6a9d205efe718b2b6f27f2dd5ca470569194168\n','commit c6a9d205efe718b2b6f27f2dd5ca470569194168 6df9d8d73180292e8eb4af9dc27ec9b7328821d3\nAuthor:     Fabian Collado <fabian@enyetech.com>\nAuthorDate: 2012-10-15 17:14:48 -0300\nCommit:     Fabian Collado <fabian@enyetech.com>\nCommitDate: 2012-10-15 17:14:48 -0300\n\n    Compatibilidad para Firefox 32 y 64 bit en Linux. Inicio de desarrollo de acceso de keystore para Chrome en Linux. Correccin de validacin de respuesta de servicio de output mediante status 200. Los archivos pdf en la carpeta temporal se graban con nombres random, para evitar conflictos al firmar documentos pdf consecutivos con el mismo nombre y abiertos en Acrobat Reader. Si falla el borrado del pdf temporal, igualmente continua, permite abrir el pdf con el Acrobat Reader y firmarlo al mismo tiempo\n\n:100644 100644 324d5f5... d1d53ad... M	app/src/ar/gob/onti/firmador/controler/FileSystem.java\n:100644 100644 d3ee718... 9356c04... M	app/src/ar/gob/onti/firmador/controler/FirmaControler.java\n:100644 100644 d29ce3d... 1306d18... M	app/src/ar/gob/onti/firmador/controler/PdfControler.java\n:100644 100644 f6b966a... 6347f15... M	app/src/ar/gob/onti/firmador/controler/conection/HttpFileUploader.java\n:000000 100644 0000000... dcc025c... A	app/src/ar/gob/onti/firmador/exception/ChromeKeyStoreException.java\n:000000 100644 0000000... a9a1122... A	app/src/ar/gob/onti/firmador/exception/ChromeNotFoundException.java\n:000000 100644 0000000... 02bb9fb... A	app/src/ar/gob/onti/firmador/model/ChromeLinux.java\n:100644 100644 18f8992... ea9ca43... M	app/src/ar/gob/onti/firmador/model/Mozilla.java\n:100644 100644 4e0d2b9... 75c2cfb... M	app/src/ar/gob/onti/firmador/model/PropsConfig.java\n:100644 100644 54eb289... 186df2e... M	app/src/ar/gob/onti/firmador/view/FirmaApplet.java\n\ncommit 6df9d8d73180292e8eb4af9dc27ec9b7328821d3\nAuthor:     Andres Sosto <asosto@gmail.com>\nAuthorDate: 2012-10-10 18:49:01 -0300\nCommit:     Andres Sosto <asosto@gmail.com>\nCommitDate: 2012-10-10 18:49:01 -0300\n\n    Initial project commit\n\n:000000 100644 0000000... 324d5f5... A	app/src/ar/gob/onti/firmador/controler/FileSystem.java\n:000000 100644 0000000... d3ee718... A	app/src/ar/gob/onti/firmador/controler/FirmaControler.java\n:000000 100644 0000000... d29ce3d... A	app/src/ar/gob/onti/firmador/controler/PdfControler.java\n:000000 100644 0000000... 9bef0eb... A	app/src/ar/gob/onti/firmador/controler/StoreDctnry.java\n:000000 100644 0000000... 01527d7... A	app/src/ar/gob/onti/firmador/controler/conection/HttpFileConnection.java\n:000000 100644 0000000... da13be6... A	app/src/ar/gob/onti/firmador/controler/conection/HttpFileDownLoader.java\n:000000 100644 0000000... f6b966a... A	app/src/ar/gob/onti/firmador/controler/conection/HttpFileUploader.java\n:000000 100644 0000000... 90b276c... A	app/src/ar/gob/onti/firmador/exception/MozillaKeyStoreException.java\n:000000 100644 0000000... 955cf88... A	app/src/ar/gob/onti/firmador/exception/MozillaNotFoundException.java\n:000000 100644 0000000... 70a431c... A	app/src/ar/gob/onti/firmador/model/AppleSafari.java\n:000000 100644 0000000... e766bab... A	app/src/ar/gob/onti/firmador/model/CRLInfo.java\n:000000 100644 0000000... 18f8992... A	app/src/ar/gob/onti/firmador/model/Mozilla.java\n:000000 100644 0000000... ef9d07f... A	app/src/ar/gob/onti/firmador/model/PreguntaRespuesta.java\n:000000 100644 0000000... 1635b65... A	app/src/ar/gob/onti/firmador/model/PreguntasRespuestas.java\n:000000 100644 0000000... 4e0d2b9... A	app/src/ar/gob/onti/firmador/model/PropsConfig.java\n:000000 100644 0000000... cfb323f... A	app/src/ar/gob/onti/firmador/model/Proxy.java\n:000000 100644 0000000... e7abf25... A	app/src/ar/gob/onti/firmador/model/RegQuery.java\n:000000 100644 0000000... 6dd5c2f... A	app/src/ar/gob/onti/firmador/model/certificatelist/AbstractTreeTableModel.java\n:000000 100644 0000000... 74d799f... A	app/src/ar/gob/onti/firmador/model/certificatelist/CertifsModel.java\n:000000 100644 0000000... b2bb0d7... A	app/src/ar/gob/onti/firmador/model/certificatelist/ComparatorAliasCert.java\n:000000 100644 0000000... ad77304... A	app/src/ar/gob/onti/firmador/model/certificatelist/TreeTableModel.java\n:000000 100644 0000000... 27dce93... A	app/src/ar/gob/onti/firmador/util/Util.java\n:000000 100644 0000000... 51f4955... A	app/src/ar/gob/onti/firmador/view/DialogSecure.java\n:000000 100644 0000000... 54eb289... A	app/src/ar/gob/onti/firmador/view/FirmaApplet.java\n:000000 100644 0000000... 89930e2... A	app/src/ar/gob/onti/firmador/view/JSCommands.java\n:000000 100644 0000000... d68e36f... A	app/src/ar/gob/onti/firmador/view/PanelPrincipal.java\n:000000 100644 0000000... 0775e79... A	app/src/ar/gob/onti/firmador/view/VentanaPrincipal.java\n:000000 100644 0000000... e45298d... A	app/src/ar/gob/onti/firmador/view/certificatelist/AbstractCellEditor.java\n:000000 100644 0000000... 9b7a6e5... A	app/src/ar/gob/onti/firmador/view/certificatelist/CertsTreeTable.java\n:000000 100644 0000000... 69ac73a... A	app/src/ar/gob/onti/firmador/view/certificatelist/JTreeTable.java\n:000000 100644 0000000... 9190922... A	app/src/ar/gob/onti/firmador/view/certificatelist/TreeTableModelAdapter.java\n:000000 100644 0000000... fdf6308... A	app/src/ar/gob/onti/firmador/view/questionlist/QuestionList.java\n','firmador-digital','2013-02-08 12:28:20','2013-02-08 12:28:20'),(8331,'\'/opt/redmine-1.4/vendor/plugins/redmine_git_hosting/bin/run_git_as_git_user\' \'--git-dir\' \'repositories/cluster-innovacion/firma-digital/firmador-digital.git\' \'show\' \'--no-color\' \'master:app/src/ar/gob/onti/firmador/model/CRLInfo.java\'','package ar.gob.onti.firmador.model;\r\n\r\nimport java.io.IOException;\r\nimport java.io.InputStream;\r\nimport java.net.URL;\r\nimport java.security.NoSuchProviderException;\r\nimport java.security.Security;\r\nimport java.security.cert.CRL;\r\nimport java.security.cert.CRLException;\r\nimport java.security.cert.Certificate;\r\nimport java.security.cert.CertificateException;\r\nimport java.security.cert.CertificateFactory;\r\nimport java.security.cert.X509CRL;\r\nimport java.security.cert.X509Certificate;\r\nimport java.util.HashSet;\r\nimport java.util.Set;\r\n\r\nimport org.apache.commons.io.input.CountingInputStream;\r\nimport org.bouncycastle.asn1.DERString;\r\nimport org.bouncycastle.asn1.x509.CRLDistPoint;\r\nimport org.bouncycastle.asn1.x509.DistributionPoint;\r\nimport org.bouncycastle.asn1.x509.DistributionPointName;\r\nimport org.bouncycastle.asn1.x509.GeneralName;\r\nimport org.bouncycastle.asn1.x509.GeneralNames;\r\nimport org.bouncycastle.asn1.x509.X509Extensions;\r\nimport org.bouncycastle.jce.provider.BouncyCastleProvider;\r\nimport org.bouncycastle.x509.extension.X509ExtensionUtil;\r\n\r\nimport ar.gob.onti.firmador.controler.conection.HttpFileConnection;\r\n\r\n/**\r\n * Helper bean for holding CRL related data.\r\n * \r\n * @author Josef Cacek\r\n * \r\n */\r\npublic class CRLInfo {\r\n\r\n	private CRL[] crls;\r\n	private long byteCount = 0L;\r\n	private Certificate[] certChain;\r\n	private Proxy proxy;\r\n\r\n	private Set<X509CRL> crlSet ;\r\n	private Set<String> urls;\r\n    private String errorCRLInfo=\"\";\r\n    private PropsConfig myProps = null;\r\n	public Proxy getProxy() {\r\n		return proxy;\r\n	}\r\n\r\n	public void setProxy(Proxy proxy) {\r\n		this.proxy = proxy;\r\n	}\r\n\r\n	public String getErrorCRLInfo() {\r\n		return errorCRLInfo;\r\n	}\r\n\r\n	public void setErrorCRLInfo(String errorCRLInfo) {\r\n		this.errorCRLInfo = errorCRLInfo;\r\n	}\r\n\r\n	public Set<X509CRL> getCrlSet() throws IOException{\r\n		initCrls();\r\n		return crlSet;\r\n	}\r\n\r\n	public void setCrlSet(Set<X509CRL> crlSet) {\r\n		this.crlSet = crlSet;\r\n	}\r\n\r\n	public CRLInfo(Certificate[] certChain) {\r\n		super();\r\n		this.myProps=PropsConfig.getInstance();\r\n		Security.addProvider(new BouncyCastleProvider());\r\n		this.certChain = certChain.clone();\r\n		this.proxy=null;\r\n		crlSet= new HashSet<X509CRL>();\r\n		urls= new HashSet<String>();\r\n	}\r\n\r\n	/**\r\n	 * Returns CRLs for the certificate chain.\r\n	 * \r\n	 * @return\r\n	 * @throws IOException \r\n	 */\r\n	public CRL[] getCrls() throws IOException {\r\n		return crls.clone();\r\n	}\r\n\r\n	/**\r\n	 * Returns byte count, which should\r\n	 * \r\n	 * @return\r\n	 * @throws IOException \r\n	 */\r\n	public long getByteCount() throws IOException {\r\n		return byteCount;\r\n	}\r\n	\r\n	public Set<String> getCrlUrls(){\r\n		initUrls();\r\n		return urls;\r\n	}\r\n	public void initUrls() {\r\n		if(urls.isEmpty()){\r\n			for (Certificate cert : certChain) {\r\n				if (cert instanceof X509Certificate) {\r\n					urls.addAll(getCrlUrls((X509Certificate) cert));\r\n				}\r\n			}\r\n		}\r\n	}\r\n	/**\r\n	 * Initialize CRLs (load URLs from certificates and download the CRLs).\r\n	 * @throws IOException \r\n	 */\r\n	public void initCrls() throws IOException  {\r\n		InputStream inputStream=null;\r\n		CountingInputStream inStream =null;\r\n		initUrls();\r\n		if(this.crlSet.isEmpty()){\r\n			for (final String urlStr : urls) {\r\n				try {\r\n					final URL tmpUrl = new URL(urlStr);\r\n					inputStream=tmpUrl.openConnection(HttpFileConnection.createProxy(this.proxy)).getInputStream();\r\n					inStream = new CountingInputStream(inputStream);\r\n					final CertificateFactory cf = CertificateFactory.getInstance(\"X.509\",\"BC\");\r\n					final X509CRL crl = (X509CRL) cf.generateCRL(inStream);\r\n					final long tmpBytesRead = inStream.getByteCount();\r\n					if (!crlSet.contains(crl)) {\r\n						byteCount += tmpBytesRead;\r\n						crlSet.add(crl);\r\n					} \r\n					\r\n				}catch (NoSuchProviderException e) {\r\n					cargarError(e);\r\n				} catch (CertificateException e) {\r\n					cargarError(e);\r\n				} catch (CRLException e) {\r\n					cargarError(e);\r\n				}\r\n				finally{\r\n					if(inStream!=null){\r\n					inStream.close();\r\n					}\r\n				}\r\n			}\r\n		}\r\n		crls = crlSet.toArray(new CRL[crlSet.size()]);\r\n	}\r\n   private void cargarError(Exception e){\r\n	   errorCRLInfo+=myProps.getString(\"errorInitCrls\");\r\n		if (e.getMessage() != null) {\r\n			errorCRLInfo += \"\\nMensaje JVM: \" + e.getMessage();\r\n		}\r\n    }\r\n	/**\r\n	 * Returns (initialized, but maybe empty) set of URLs of CRLs for given\r\n	 * certificate.\r\n	 * \r\n	 * @param aCert\r\n	 *            X509 certificate.\r\n	 * @return\r\n	 */\r\n	public Set<String> getCrlUrls(final X509Certificate aCert) {\r\n		final Set<String> tmpResult = new HashSet<String>();\r\n		final byte[] crlDPExtension = aCert.getExtensionValue(X509Extensions.CRLDistributionPoints.getId());\r\n		if (crlDPExtension != null) {\r\n			CRLDistPoint crlDistPoints = null;\r\n			try {\r\n				crlDistPoints = CRLDistPoint.getInstance(X509ExtensionUtil.fromExtensionValue(crlDPExtension));\r\n			} catch (IOException e) {\r\n				  errorCRLInfo+=myProps.getString(\"errorGetCrlUrls\");\r\n				if (e.getMessage() != null) {\r\n					errorCRLInfo += \"\\nMensaje JVM: \" + e.getMessage();\r\n				}\r\n				\r\n			}\r\n			if (crlDistPoints != null) {\r\n				getCrlDistPoints(tmpResult, crlDistPoints);\r\n			}\r\n		} \r\n		return tmpResult;\r\n	}\r\n\r\n	private void getCrlDistPoints(final Set<String> tmpResult,\r\n			CRLDistPoint crlDistPoints) {\r\n		final DistributionPoint[] distPoints = crlDistPoints.getDistributionPoints();\r\n		distPoint: for (DistributionPoint dp : distPoints) {\r\n			final DistributionPointName dpName = dp.getDistributionPoint();\r\n			final GeneralNames generalNames = (GeneralNames) dpName.getName();\r\n			if (generalNames != null) {\r\n				final GeneralName[] generalNameArr = generalNames.getNames();\r\n				if (generalNameArr != null) {\r\n					for (final GeneralName generalName : generalNameArr) {\r\n						if (generalName.getTagNo() == GeneralName.uniformResourceIdentifier) {\r\n							final DERString derString = (DERString) generalName.getName();\r\n							final String uri = derString.getString();\r\n							if (uri != null && uri.startsWith(\"http\")) {\r\n								// ||uri.startsWith(\"ftp\")\r\n								tmpResult.add(uri);\r\n								continue distPoint;\r\n							}\r\n						}\r\n					}\r\n				}\r\n\r\n			}\r\n		}\r\n	}\r\n	\r\n}\r\n','firmador-digital','2013-02-08 14:28:52','2013-02-08 14:28:52'),(8332,'\'/opt/redmine-1.4/vendor/plugins/redmine_git_hosting/bin/run_git_as_git_user\' \'--git-dir\' \'repositories/cluster-innovacion/firma-digital/firmador-digital.git\' \'log\' \'--no-color\' \'--encoding=UTF-8\' \'--date=iso\' \'--pretty=fuller\' \'--no-merges\' \'-n\' \'1\' \'master\' \'--\' \'README\'','commit 53105af80fd65cd9404dbeecbaaa6b531be672fe\nAuthor:     Fabian Collado <fabian@enyetech.com>\nAuthorDate: 2012-10-18 17:06:33 -0300\nCommit:     Fabian Collado <fabian@enyetech.com>\nCommitDate: 2012-10-18 17:06:33 -0300\n\n    Creacion de perfiles de compilacin para test y produccin. Firmado mediante variables de entorno\n','firmador-digital','2013-02-08 14:59:45','2013-02-08 14:59:45'),(8333,'\'/opt/redmine-1.4/vendor/plugins/redmine_git_hosting/bin/run_git_as_git_user\' \'--git-dir\' \'repositories/cluster-innovacion/firma-digital/firmador-digital.git\' \'log\' \'--no-color\' \'--encoding=UTF-8\' \'--date=iso\' \'--pretty=fuller\' \'--no-merges\' \'-n\' \'1\' \'master\' \'--\' \'VERSION\'','commit 6df9d8d73180292e8eb4af9dc27ec9b7328821d3\nAuthor:     Andres Sosto <asosto@gmail.com>\nAuthorDate: 2012-10-10 18:49:01 -0300\nCommit:     Andres Sosto <asosto@gmail.com>\nCommitDate: 2012-10-10 18:49:01 -0300\n\n    Initial project commit\n','firmador-digital','2013-02-08 14:59:45','2013-02-08 14:59:45'),(8334,'\'/opt/redmine-1.4/vendor/plugins/redmine_git_hosting/bin/run_git_as_git_user\' \'--git-dir\' \'repositories/cluster-innovacion/firma-digital/firmador-digital.git\' \'log\' \'--no-color\' \'--encoding=UTF-8\' \'--date=iso\' \'--pretty=fuller\' \'--no-merges\' \'-n\' \'1\' \'master\' \'--\' \'app\'','commit c6a9d205efe718b2b6f27f2dd5ca470569194168\nAuthor:     Fabian Collado <fabian@enyetech.com>\nAuthorDate: 2012-10-15 17:14:48 -0300\nCommit:     Fabian Collado <fabian@enyetech.com>\nCommitDate: 2012-10-15 17:14:48 -0300\n\n    Compatibilidad para Firefox 32 y 64 bit en Linux. Inicio de desarrollo de acceso de keystore para Chrome en Linux. Correccin de validacin de respuesta de servicio de output mediante status 200. Los archivos pdf en la carpeta temporal se graban con nombres random, para evitar conflictos al firmar documentos pdf consecutivos con el mismo nombre y abiertos en Acrobat Reader. Si falla el borrado del pdf temporal, igualmente continua, permite abrir el pdf con el Acrobat Reader y firmarlo al mismo tiempo\n','firmador-digital','2013-02-08 14:59:45','2013-02-08 14:59:45'),(8335,'\'/opt/redmine-1.4/vendor/plugins/redmine_git_hosting/bin/run_git_as_git_user\' \'--git-dir\' \'repositories/cluster-innovacion/firma-digital/firmador-digital.git\' \'log\' \'--no-color\' \'--encoding=UTF-8\' \'--date=iso\' \'--pretty=fuller\' \'--no-merges\' \'-n\' \'1\' \'master\' \'--\' \'pom.xml\'','commit 53105af80fd65cd9404dbeecbaaa6b531be672fe\nAuthor:     Fabian Collado <fabian@enyetech.com>\nAuthorDate: 2012-10-18 17:06:33 -0300\nCommit:     Fabian Collado <fabian@enyetech.com>\nCommitDate: 2012-10-18 17:06:33 -0300\n\n    Creacion de perfiles de compilacin para test y produccin. Firmado mediante variables de entorno\n','firmador-digital','2013-02-08 14:59:45','2013-02-08 14:59:45'),(8336,'\'/opt/redmine-1.4/vendor/plugins/redmine_git_hosting/bin/run_git_as_git_user\' \'--git-dir\' \'repositories/cluster-innovacion/firma-digital/firmador-digital.git\' \'log\' \'--no-color\' \'--encoding=UTF-8\' \'--date=iso\' \'--pretty=fuller\' \'--no-merges\' \'-n\' \'1\' \'master\' \'--\' \'pom_parents.xml\'','commit 6df9d8d73180292e8eb4af9dc27ec9b7328821d3\nAuthor:     Andres Sosto <asosto@gmail.com>\nAuthorDate: 2012-10-10 18:49:01 -0300\nCommit:     Andres Sosto <asosto@gmail.com>\nCommitDate: 2012-10-10 18:49:01 -0300\n\n    Initial project commit\n','firmador-digital','2013-02-08 14:59:45','2013-02-08 14:59:45'),(8337,'\'/opt/redmine-1.4/vendor/plugins/redmine_git_hosting/bin/run_git_as_git_user\' \'--git-dir\' \'repositories/cluster-innovacion/firma-digital/firmador-digital.git\' \'log\' \'--no-color\' \'--encoding=UTF-8\' \'--date=iso\' \'--pretty=fuller\' \'--no-merges\' \'-n\' \'1\' \'master\' \'--\' \'readme.txt\'','commit 9c5a9bfd4bdedfa8bcdc5e942e3b0aeea5f2a6eb\nAuthor:     Andres Sosto <asosto@gmail.com>\nAuthorDate: 2012-10-10 18:38:10 -0300\nCommit:     Andres Sosto <asosto@gmail.com>\nCommitDate: 2012-10-10 18:38:10 -0300\n\n    Initializing Firmador digital repository\n','firmador-digital','2013-02-08 14:59:45','2013-02-08 14:59:45'),(8338,'\'/opt/redmine-1.4/vendor/plugins/redmine_git_hosting/bin/run_git_as_git_user\' \'--git-dir\' \'repositories/cluster-innovacion/firma-digital/firmador-digital.git\' \'log\' \'--no-color\' \'--encoding=UTF-8\' \'--date=iso\' \'--pretty=fuller\' \'--no-merges\' \'-n\' \'1\' \'master\' \'--\' \'test\'','commit 6df9d8d73180292e8eb4af9dc27ec9b7328821d3\nAuthor:     Andres Sosto <asosto@gmail.com>\nAuthorDate: 2012-10-10 18:49:01 -0300\nCommit:     Andres Sosto <asosto@gmail.com>\nCommitDate: 2012-10-10 18:49:01 -0300\n\n    Initial project commit\n','firmador-digital','2013-02-08 14:59:46','2013-02-08 14:59:46'),(8339,'\'/opt/redmine-1.4/vendor/plugins/redmine_git_hosting/bin/run_git_as_git_user\' \'--git-dir\' \'repositories/cluster-innovacion/firma-digital/firmador-digital.git\' \'ls-tree\' \'-l\' \'master:\'','100644 blob b6f457f092de0347b103574413f4915b1888a7a8    1902	README\n100644 blob afaf360d37fb71bcfa8cc082882f910ac2628bda       5	VERSION\n040000 tree b86247f2950d344609013f40d0bf245a5b498e41       -	app\n100644 blob c42ce0a8be972d1db1bfc96a821c3c7838460b52    4180	pom.xml\n100644 blob 536ba37e408276b7159d9c1690cf791b08d6536b    1487	pom_parents.xml\n100644 blob e69de29bb2d1d6434b8b29ae775ad8c2e48c5391       0	readme.txt\n040000 tree 7b73c8fd3bed55e635009ee8e8f30e7fa1e1a561       -	test\n','firmador-digital','2013-02-08 14:59:46','2013-02-08 14:59:46'),(8340,'\'/opt/redmine-1.4/vendor/plugins/redmine_git_hosting/bin/run_git_as_git_user\' \'--git-dir\' \'repositories/cluster-innovacion/firma-digital/firmador-digital.git\' \'log\' \'--no-color\' \'--encoding=UTF-8\' \'--raw\' \'--date=iso\' \'--pretty=fuller\' \'--parents\' \'--stdin\' \'-n\' \'10\'\nmaster\n','commit 53105af80fd65cd9404dbeecbaaa6b531be672fe 2a492d3b18c5c02afab84f2a61b5e0d85cf946d1\nAuthor:     Fabian Collado <fabian@enyetech.com>\nAuthorDate: 2012-10-18 17:06:33 -0300\nCommit:     Fabian Collado <fabian@enyetech.com>\nCommitDate: 2012-10-18 17:06:33 -0300\n\n    Creacion de perfiles de compilacin para test y produccin. Firmado mediante variables de entorno\n\n:100644 100644 4111263... b6f457f... M	README\n:100644 100644 5ef89d3... c42ce0a... M	pom.xml\n\ncommit 2a492d3b18c5c02afab84f2a61b5e0d85cf946d1 c6a9d205efe718b2b6f27f2dd5ca470569194168\nAuthor:     Fabian Collado <fabian@enyetech.com>\nAuthorDate: 2012-10-17 13:16:49 -0300\nCommit:     Fabian Collado <fabian@enyetech.com>\nCommitDate: 2012-10-17 13:16:49 -0300\n\n    Correccion del pom.xml para contemplar la configuracin del keystore\n\n:100644 100644 2a9c462... 4111263... M	README\n\ncommit c6a9d205efe718b2b6f27f2dd5ca470569194168 6df9d8d73180292e8eb4af9dc27ec9b7328821d3\nAuthor:     Fabian Collado <fabian@enyetech.com>\nAuthorDate: 2012-10-15 17:14:48 -0300\nCommit:     Fabian Collado <fabian@enyetech.com>\nCommitDate: 2012-10-15 17:14:48 -0300\n\n    Compatibilidad para Firefox 32 y 64 bit en Linux. Inicio de desarrollo de acceso de keystore para Chrome en Linux. Correccin de validacin de respuesta de servicio de output mediante status 200. Los archivos pdf en la carpeta temporal se graban con nombres random, para evitar conflictos al firmar documentos pdf consecutivos con el mismo nombre y abiertos en Acrobat Reader. Si falla el borrado del pdf temporal, igualmente continua, permite abrir el pdf con el Acrobat Reader y firmarlo al mismo tiempo\n\n:100644 100644 c05df36... b6bae6a... M	app/resource/properties/firma.properties\n:100644 100644 d47ab6d... 89356ad... M	app/resource/properties/firma_es_AR - copia.properties\n:100644 100644 d47ab6d... 89356ad... M	app/resource/properties/firma_es_AR.properties\n:100644 100644 324d5f5... d1d53ad... M	app/src/ar/gob/onti/firmador/controler/FileSystem.java\n:100644 100644 d3ee718... 9356c04... M	app/src/ar/gob/onti/firmador/controler/FirmaControler.java\n:100644 100644 d29ce3d... 1306d18... M	app/src/ar/gob/onti/firmador/controler/PdfControler.java\n:100644 100644 f6b966a... 6347f15... M	app/src/ar/gob/onti/firmador/controler/conection/HttpFileUploader.java\n:000000 100644 0000000... dcc025c... A	app/src/ar/gob/onti/firmador/exception/ChromeKeyStoreException.java\n:000000 100644 0000000... a9a1122... A	app/src/ar/gob/onti/firmador/exception/ChromeNotFoundException.java\n:000000 100644 0000000... 02bb9fb... A	app/src/ar/gob/onti/firmador/model/ChromeLinux.java\n:100644 100644 18f8992... ea9ca43... M	app/src/ar/gob/onti/firmador/model/Mozilla.java\n:100644 100644 4e0d2b9... 75c2cfb... M	app/src/ar/gob/onti/firmador/model/PropsConfig.java\n:100644 100644 54eb289... 186df2e... M	app/src/ar/gob/onti/firmador/view/FirmaApplet.java\n\ncommit 6df9d8d73180292e8eb4af9dc27ec9b7328821d3 9c5a9bfd4bdedfa8bcdc5e942e3b0aeea5f2a6eb\nAuthor:     Andres Sosto <asosto@gmail.com>\nAuthorDate: 2012-10-10 18:49:01 -0300\nCommit:     Andres Sosto <asosto@gmail.com>\nCommitDate: 2012-10-10 18:49:01 -0300\n\n    Initial project commit\n\n:000000 100644 0000000... 2a9c462... A	README\n:000000 100644 0000000... afaf360... A	VERSION\n:000000 100644 0000000... 43410f9... A	app/resource/images/ErrorCircle-64.png\n:000000 100644 0000000... c8fd0cc... A	app/resource/images/Help-32.png\n:000000 100644 0000000... 35ec436... A	app/resource/images/InfoBox-64.png\n:000000 100644 0000000... 1e1bdf3... A	app/resource/images/OKShield-64.png\n:000000 100644 0000000... 2b01d52... A	app/resource/images/flecha-derecha.png\n:000000 100644 0000000... 65cc840... A	app/resource/images/folder_new.png\n:000000 100644 0000000... e078f01... A	app/resource/images/fondo.jpg\n:000000 100644 0000000... e0d98e6... A	app/resource/images/logo_jgm.gif\n:000000 100644 0000000... 66337aa... A	app/resource/images/ok.png\n:000000 100644 0000000... 0fd6224... A	app/resource/images/sign.png\n:000000 100644 0000000... 274f635... A	app/resource/images/view.png\n:000000 100644 0000000... 119aa0e... A	app/resource/images/watermark.jpg\n:000000 100644 0000000... 2ed5182... A	app/resource/images/watermark.png\n:000000 100644 0000000... c05df36... A	app/resource/properties/firma.properties\n:000000 100644 0000000... d47ab6d... A	app/resource/properties/firma_es_AR - copia.properties\n:000000 100644 0000000... d47ab6d... A	app/resource/properties/firma_es_AR.properties\n:000000 100644 0000000... 324d5f5... A	app/src/ar/gob/onti/firmador/controler/FileSystem.java\n:000000 100644 0000000... d3ee718... A	app/src/ar/gob/onti/firmador/controler/FirmaControler.java\n:000000 100644 0000000... d29ce3d... A	app/src/ar/gob/onti/firmador/controler/PdfControler.java\n:000000 100644 0000000... 9bef0eb... A	app/src/ar/gob/onti/firmador/controler/StoreDctnry.java\n:000000 100644 0000000... 01527d7... A	app/src/ar/gob/onti/firmador/controler/conection/HttpFileConnection.java\n:000000 100644 0000000... da13be6... A	app/src/ar/gob/onti/firmador/controler/conection/HttpFileDownLoader.java\n:000000 100644 0000000... f6b966a... A	app/src/ar/gob/onti/firmador/controler/conection/HttpFileUploader.java\n:000000 100644 0000000... 90b276c... A	app/src/ar/gob/onti/firmador/exception/MozillaKeyStoreException.java\n:000000 100644 0000000... 955cf88... A	app/src/ar/gob/onti/firmador/exception/MozillaNotFoundException.java\n:000000 100644 0000000... 70a431c... A	app/src/ar/gob/onti/firmador/model/AppleSafari.java\n:000000 100644 0000000... e766bab... A	app/src/ar/gob/onti/firmador/model/CRLInfo.java\n:000000 100644 0000000... 18f8992... A	app/src/ar/gob/onti/firmador/model/Mozilla.java\n:000000 100644 0000000... ef9d07f... A	app/src/ar/gob/onti/firmador/model/PreguntaRespuesta.java\n:000000 100644 0000000... 1635b65... A	app/src/ar/gob/onti/firmador/model/PreguntasRespuestas.java\n:000000 100644 0000000... 4e0d2b9... A	app/src/ar/gob/onti/firmador/model/PropsConfig.java\n:000000 100644 0000000... cfb323f... A	app/src/ar/gob/onti/firmador/model/Proxy.java\n:000000 100644 0000000... e7abf25... A	app/src/ar/gob/onti/firmador/model/RegQuery.java\n:000000 100644 0000000... 6dd5c2f... A	app/src/ar/gob/onti/firmador/model/certificatelist/AbstractTreeTableModel.java\n:000000 100644 0000000... 74d799f... A	app/src/ar/gob/onti/firmador/model/certificatelist/CertifsModel.java\n:000000 100644 0000000... b2bb0d7... A	app/src/ar/gob/onti/firmador/model/certificatelist/ComparatorAliasCert.java\n:000000 100644 0000000... ad77304... A	app/src/ar/gob/onti/firmador/model/certificatelist/TreeTableModel.java\n:000000 100644 0000000... 27dce93... A	app/src/ar/gob/onti/firmador/util/Util.java\n:000000 100644 0000000... 51f4955... A	app/src/ar/gob/onti/firmador/view/DialogSecure.java\n:000000 100644 0000000... 54eb289... A	app/src/ar/gob/onti/firmador/view/FirmaApplet.java\n:000000 100644 0000000... 89930e2... A	app/src/ar/gob/onti/firmador/view/JSCommands.java\n:000000 100644 0000000... d68e36f... A	app/src/ar/gob/onti/firmador/view/PanelPrincipal.java\n:000000 100644 0000000... 0775e79... A	app/src/ar/gob/onti/firmador/view/VentanaPrincipal.java\n:000000 100644 0000000... e45298d... A	app/src/ar/gob/onti/firmador/view/certificatelist/AbstractCellEditor.java\n:000000 100644 0000000... 9b7a6e5... A	app/src/ar/gob/onti/firmador/view/certificatelist/CertsTreeTable.java\n:000000 100644 0000000... 69ac73a... A	app/src/ar/gob/onti/firmador/view/certificatelist/JTreeTable.java\n:000000 100644 0000000... 9190922... A	app/src/ar/gob/onti/firmador/view/certificatelist/TreeTableModelAdapter.java\n:000000 100644 0000000... fdf6308... A	app/src/ar/gob/onti/firmador/view/questionlist/QuestionList.java\n:000000 100644 0000000... 5ef89d3... A	pom.xml\n:000000 100644 0000000... 536ba37... A	pom_parents.xml\n:000000 100644 0000000... ac6b50f... A	test/resource/Cert_test.pfx\n:000000 100644 0000000... bb4d4b8... A	test/resource/caceresCer.pfx\n:000000 100644 0000000... db280ec... A	test/resource/secoptesteo.pfx\n:000000 100644 0000000... 4fd44ba... A	test/src/ar/gob/onti/firmador/controler/test/FirmaControlerTest.java\n:000000 100644 0000000... a2826b4... A	test/src/ar/gob/onti/firmador/controler/test/PdfControlerTest.java\n:000000 100644 0000000... 5ad7c19... A	test/src/ar/gob/onti/firmador/model/certificatelist/test/StoreDctnryTest.java\n:000000 100644 0000000... 7461580... A	test/src/ar/gob/onti/firmador/model/test/HttpFileDownLoaderTest.java\n:000000 100644 0000000... 56aa888... A	test/src/ar/gob/onti/firmador/model/test/HttpFileUploaderTest.java\n:000000 100644 0000000... 05cd8b1... A	test/src/ar/gob/onti/firmador/model/test/MozillaTest.java\n:000000 100644 0000000... 538512b... A	test/src/ar/gob/onti/firmador/model/test/PropsConfigTest.java\n\ncommit 9c5a9bfd4bdedfa8bcdc5e942e3b0aeea5f2a6eb\nAuthor:     Andres Sosto <asosto@gmail.com>\nAuthorDate: 2012-10-10 18:38:10 -0300\nCommit:     Andres Sosto <asosto@gmail.com>\nCommitDate: 2012-10-10 18:38:10 -0300\n\n    Initializing Firmador digital repository\n\n:000000 100644 0000000... e69de29... A	readme.txt\n','firmador-digital','2013-02-08 14:59:46','2013-02-08 14:59:46'),(8341,'\'/opt/redmine-1.4/vendor/plugins/redmine_git_hosting/bin/run_git_as_git_user\' \'--git-dir\' \'repositories/cluster-innovacion/firma-digital/firmador-digital.git\' \'tag\'','','firmador-digital','2013-02-08 14:59:46','2013-02-08 14:59:46'),(8342,'\'/opt/redmine-1.4/vendor/plugins/redmine_git_hosting/bin/run_git_as_git_user\' \'--git-dir\' \'repositories/cluster-innovacion/firma-digital/firmador-digital.git\' \'ls-tree\' \'-l\' \'2a492d3b18c5c02afab84f2a61b5e0d85cf946d1:app/resource/images\'','100644 blob 43410f9770e5f427303a408a7972207e0a68d518    6645	ErrorCircle-64.png\n100644 blob c8fd0cc1cdc480156deef6c9dd0275fe0bb2e722    4904	Help-32.png\n100644 blob 35ec436af6bbb3047a57d9c125a4633b24b02800    3253	InfoBox-64.png\n100644 blob 1e1bdf347d92b0afe1bf780adf93b0b8a88dfc1e    7015	OKShield-64.png\n100644 blob 2b01d52c655fc7905b3933a8e48b584671e62a30   23587	flecha-derecha.png\n100644 blob 65cc840856a4e76d79bac5b94e0c2e6ed963e9c1    2098	folder_new.png\n100644 blob e078f01eab3e964660058142a3457862bc924d10   17896	fondo.jpg\n100644 blob e0d98e6987b00beb0eb0d39d067ac09746d20f11    3292	logo_jgm.gif\n100644 blob 66337aa750c1e5fcc0cb1d0316757c05522a6edd   30576	ok.png\n100644 blob 0fd6224e81904526f6f6ea2e75e4dac56cdb5ae4    4672	sign.png\n100644 blob 274f6357a9d53fcbc03f3e5e2686710bf71635bf    2134	view.png\n100644 blob 119aa0e31dfaffc165ab80c45ffd2274b9b276f8  190568	watermark.jpg\n100644 blob 2ed5182d3f78fd9333b9e811b882762576ca7401  379136	watermark.png\n','firmador-digital','2013-02-09 07:11:57','2013-02-09 07:11:57'),(8343,'\'/opt/redmine-1.4/vendor/plugins/redmine_git_hosting/bin/run_git_as_git_user\' \'--git-dir\' \'repositories/cluster-innovacion/firma-digital/firmador-digital.git\' \'log\' \'--no-color\' \'--encoding=UTF-8\' \'--raw\' \'--date=iso\' \'--pretty=fuller\' \'--parents\' \'--stdin\' \'-n\' \'100\' \'--\' \'app/resource/images/sign.png\'\n2a492d3b18c5c02afab84f2a61b5e0d85cf946d1\n','commit 6df9d8d73180292e8eb4af9dc27ec9b7328821d3\nAuthor:     Andres Sosto <asosto@gmail.com>\nAuthorDate: 2012-10-10 18:49:01 -0300\nCommit:     Andres Sosto <asosto@gmail.com>\nCommitDate: 2012-10-10 18:49:01 -0300\n\n    Initial project commit\n\n:000000 100644 0000000... 0fd6224... A	app/resource/images/sign.png\n','firmador-digital','2013-02-09 07:11:57','2013-02-09 07:11:57'),(8344,'\'/opt/redmine-1.4/vendor/plugins/redmine_git_hosting/bin/run_git_as_git_user\' \'--git-dir\' \'repositories/cluster-innovacion/firma-digital/firmador-digital.git\' \'log\' \'--no-color\' \'--encoding=UTF-8\' \'--date=iso\' \'--pretty=fuller\' \'--no-merges\' \'-n\' \'1\' \'c6a9d205efe718b2b6f27f2dd5ca470569194168\' \'--\' \'app/src/ar/gob/onti/firmador/controler/FileSystem.java\'','commit c6a9d205efe718b2b6f27f2dd5ca470569194168\nAuthor:     Fabian Collado <fabian@enyetech.com>\nAuthorDate: 2012-10-15 17:14:48 -0300\nCommit:     Fabian Collado <fabian@enyetech.com>\nCommitDate: 2012-10-15 17:14:48 -0300\n\n    Compatibilidad para Firefox 32 y 64 bit en Linux. Inicio de desarrollo de acceso de keystore para Chrome en Linux. Correccin de validacin de respuesta de servicio de output mediante status 200. Los archivos pdf en la carpeta temporal se graban con nombres random, para evitar conflictos al firmar documentos pdf consecutivos con el mismo nombre y abiertos en Acrobat Reader. Si falla el borrado del pdf temporal, igualmente continua, permite abrir el pdf con el Acrobat Reader y firmarlo al mismo tiempo\n','firmador-digital','2013-02-09 10:53:38','2013-02-09 10:53:38'),(8345,'\'/opt/redmine-1.4/vendor/plugins/redmine_git_hosting/bin/run_git_as_git_user\' \'--git-dir\' \'repositories/cluster-innovacion/firma-digital/firmador-digital.git\' \'log\' \'--no-color\' \'--encoding=UTF-8\' \'--date=iso\' \'--pretty=fuller\' \'--no-merges\' \'-n\' \'1\' \'c6a9d205efe718b2b6f27f2dd5ca470569194168\' \'--\' \'app/src/ar/gob/onti/firmador/controler/FirmaControler.java\'','commit c6a9d205efe718b2b6f27f2dd5ca470569194168\nAuthor:     Fabian Collado <fabian@enyetech.com>\nAuthorDate: 2012-10-15 17:14:48 -0300\nCommit:     Fabian Collado <fabian@enyetech.com>\nCommitDate: 2012-10-15 17:14:48 -0300\n\n    Compatibilidad para Firefox 32 y 64 bit en Linux. Inicio de desarrollo de acceso de keystore para Chrome en Linux. Correccin de validacin de respuesta de servicio de output mediante status 200. Los archivos pdf en la carpeta temporal se graban con nombres random, para evitar conflictos al firmar documentos pdf consecutivos con el mismo nombre y abiertos en Acrobat Reader. Si falla el borrado del pdf temporal, igualmente continua, permite abrir el pdf con el Acrobat Reader y firmarlo al mismo tiempo\n','firmador-digital','2013-02-09 10:53:38','2013-02-09 10:53:38'),(8346,'\'/opt/redmine-1.4/vendor/plugins/redmine_git_hosting/bin/run_git_as_git_user\' \'--git-dir\' \'repositories/cluster-innovacion/firma-digital/firmador-digital.git\' \'log\' \'--no-color\' \'--encoding=UTF-8\' \'--date=iso\' \'--pretty=fuller\' \'--no-merges\' \'-n\' \'1\' \'c6a9d205efe718b2b6f27f2dd5ca470569194168\' \'--\' \'app/src/ar/gob/onti/firmador/controler/PdfControler.java\'','commit c6a9d205efe718b2b6f27f2dd5ca470569194168\nAuthor:     Fabian Collado <fabian@enyetech.com>\nAuthorDate: 2012-10-15 17:14:48 -0300\nCommit:     Fabian Collado <fabian@enyetech.com>\nCommitDate: 2012-10-15 17:14:48 -0300\n\n    Compatibilidad para Firefox 32 y 64 bit en Linux. Inicio de desarrollo de acceso de keystore para Chrome en Linux. Correccin de validacin de respuesta de servicio de output mediante status 200. Los archivos pdf en la carpeta temporal se graban con nombres random, para evitar conflictos al firmar documentos pdf consecutivos con el mismo nombre y abiertos en Acrobat Reader. Si falla el borrado del pdf temporal, igualmente continua, permite abrir el pdf con el Acrobat Reader y firmarlo al mismo tiempo\n','firmador-digital','2013-02-09 10:53:38','2013-02-09 10:53:38'),(8347,'\'/opt/redmine-1.4/vendor/plugins/redmine_git_hosting/bin/run_git_as_git_user\' \'--git-dir\' \'repositories/cluster-innovacion/firma-digital/firmador-digital.git\' \'log\' \'--no-color\' \'--encoding=UTF-8\' \'--date=iso\' \'--pretty=fuller\' \'--no-merges\' \'-n\' \'1\' \'c6a9d205efe718b2b6f27f2dd5ca470569194168\' \'--\' \'app/src/ar/gob/onti/firmador/controler/StoreDctnry.java\'','commit 6df9d8d73180292e8eb4af9dc27ec9b7328821d3\nAuthor:     Andres Sosto <asosto@gmail.com>\nAuthorDate: 2012-10-10 18:49:01 -0300\nCommit:     Andres Sosto <asosto@gmail.com>\nCommitDate: 2012-10-10 18:49:01 -0300\n\n    Initial project commit\n','firmador-digital','2013-02-09 10:53:39','2013-02-09 10:53:39'),(8348,'\'/opt/redmine-1.4/vendor/plugins/redmine_git_hosting/bin/run_git_as_git_user\' \'--git-dir\' \'repositories/cluster-innovacion/firma-digital/firmador-digital.git\' \'log\' \'--no-color\' \'--encoding=UTF-8\' \'--date=iso\' \'--pretty=fuller\' \'--no-merges\' \'-n\' \'1\' \'c6a9d205efe718b2b6f27f2dd5ca470569194168\' \'--\' \'app/src/ar/gob/onti/firmador/controler/conection\'','commit c6a9d205efe718b2b6f27f2dd5ca470569194168\nAuthor:     Fabian Collado <fabian@enyetech.com>\nAuthorDate: 2012-10-15 17:14:48 -0300\nCommit:     Fabian Collado <fabian@enyetech.com>\nCommitDate: 2012-10-15 17:14:48 -0300\n\n    Compatibilidad para Firefox 32 y 64 bit en Linux. Inicio de desarrollo de acceso de keystore para Chrome en Linux. Correccin de validacin de respuesta de servicio de output mediante status 200. Los archivos pdf en la carpeta temporal se graban con nombres random, para evitar conflictos al firmar documentos pdf consecutivos con el mismo nombre y abiertos en Acrobat Reader. Si falla el borrado del pdf temporal, igualmente continua, permite abrir el pdf con el Acrobat Reader y firmarlo al mismo tiempo\n','firmador-digital','2013-02-09 10:53:39','2013-02-09 10:53:39'),(8349,'\'/opt/redmine-1.4/vendor/plugins/redmine_git_hosting/bin/run_git_as_git_user\' \'--git-dir\' \'repositories/cluster-innovacion/firma-digital/firmador-digital.git\' \'ls-tree\' \'-l\' \'c6a9d205efe718b2b6f27f2dd5ca470569194168:app/src/ar/gob/onti/firmador/controler\'','100644 blob d1d53ad325d42bffc0315fff584fc3344d3bf14c    1964	FileSystem.java\n100644 blob 9356c043ae4bfbae33ce3e6cfb0c308841e5719c   18861	FirmaControler.java\n100644 blob 1306d18a9ed8ac4d47f2dab2ea13594e429750df   29726	PdfControler.java\n100644 blob 9bef0eb84bbaba8be79f23cc85904bcf571bdd1e    5020	StoreDctnry.java\n040000 tree 726492bc35983ba14652f7e3cc734566aac019f6       -	conection\n','firmador-digital','2013-02-09 10:53:39','2013-02-09 10:53:39'),(8350,'\'/opt/redmine-1.4/vendor/plugins/redmine_git_hosting/bin/run_git_as_git_user\' \'--git-dir\' \'repositories/cluster-innovacion/firma-digital/firmador-digital.git\' \'log\' \'--no-color\' \'--encoding=UTF-8\' \'--raw\' \'--date=iso\' \'--pretty=fuller\' \'--parents\' \'--stdin\' \'-n\' \'10\' \'--\' \'app/src/ar/gob/onti/firmador/controler\'\nc6a9d205efe718b2b6f27f2dd5ca470569194168\n','commit c6a9d205efe718b2b6f27f2dd5ca470569194168 6df9d8d73180292e8eb4af9dc27ec9b7328821d3\nAuthor:     Fabian Collado <fabian@enyetech.com>\nAuthorDate: 2012-10-15 17:14:48 -0300\nCommit:     Fabian Collado <fabian@enyetech.com>\nCommitDate: 2012-10-15 17:14:48 -0300\n\n    Compatibilidad para Firefox 32 y 64 bit en Linux. Inicio de desarrollo de acceso de keystore para Chrome en Linux. Correccin de validacin de respuesta de servicio de output mediante status 200. Los archivos pdf en la carpeta temporal se graban con nombres random, para evitar conflictos al firmar documentos pdf consecutivos con el mismo nombre y abiertos en Acrobat Reader. Si falla el borrado del pdf temporal, igualmente continua, permite abrir el pdf con el Acrobat Reader y firmarlo al mismo tiempo\n\n:100644 100644 324d5f5... d1d53ad... M	app/src/ar/gob/onti/firmador/controler/FileSystem.java\n:100644 100644 d3ee718... 9356c04... M	app/src/ar/gob/onti/firmador/controler/FirmaControler.java\n:100644 100644 d29ce3d... 1306d18... M	app/src/ar/gob/onti/firmador/controler/PdfControler.java\n:100644 100644 f6b966a... 6347f15... M	app/src/ar/gob/onti/firmador/controler/conection/HttpFileUploader.java\n\ncommit 6df9d8d73180292e8eb4af9dc27ec9b7328821d3\nAuthor:     Andres Sosto <asosto@gmail.com>\nAuthorDate: 2012-10-10 18:49:01 -0300\nCommit:     Andres Sosto <asosto@gmail.com>\nCommitDate: 2012-10-10 18:49:01 -0300\n\n    Initial project commit\n\n:000000 100644 0000000... 324d5f5... A	app/src/ar/gob/onti/firmador/controler/FileSystem.java\n:000000 100644 0000000... d3ee718... A	app/src/ar/gob/onti/firmador/controler/FirmaControler.java\n:000000 100644 0000000... d29ce3d... A	app/src/ar/gob/onti/firmador/controler/PdfControler.java\n:000000 100644 0000000... 9bef0eb... A	app/src/ar/gob/onti/firmador/controler/StoreDctnry.java\n:000000 100644 0000000... 01527d7... A	app/src/ar/gob/onti/firmador/controler/conection/HttpFileConnection.java\n:000000 100644 0000000... da13be6... A	app/src/ar/gob/onti/firmador/controler/conection/HttpFileDownLoader.java\n:000000 100644 0000000... f6b966a... A	app/src/ar/gob/onti/firmador/controler/conection/HttpFileUploader.java\n','firmador-digital','2013-02-09 10:53:39','2013-02-09 10:53:39'),(8351,'\'/opt/redmine-1.4/vendor/plugins/redmine_git_hosting/bin/run_git_as_git_user\' \'--git-dir\' \'repositories/cluster-innovacion/firma-digital/firmador-digital.git\' \'log\' \'--no-color\' \'--encoding=UTF-8\' \'--date=iso\' \'--pretty=fuller\' \'--no-merges\' \'-n\' \'1\' \'c6a9d205efe718b2b6f27f2dd5ca470569194168\' \'--\' \'app/src/ar/gob/onti/firmador/exception/ChromeKeyStoreException.java\'','commit c6a9d205efe718b2b6f27f2dd5ca470569194168\nAuthor:     Fabian Collado <fabian@enyetech.com>\nAuthorDate: 2012-10-15 17:14:48 -0300\nCommit:     Fabian Collado <fabian@enyetech.com>\nCommitDate: 2012-10-15 17:14:48 -0300\n\n    Compatibilidad para Firefox 32 y 64 bit en Linux. Inicio de desarrollo de acceso de keystore para Chrome en Linux. Correccin de validacin de respuesta de servicio de output mediante status 200. Los archivos pdf en la carpeta temporal se graban con nombres random, para evitar conflictos al firmar documentos pdf consecutivos con el mismo nombre y abiertos en Acrobat Reader. Si falla el borrado del pdf temporal, igualmente continua, permite abrir el pdf con el Acrobat Reader y firmarlo al mismo tiempo\n','firmador-digital','2013-02-09 11:35:03','2013-02-09 11:35:03'),(8352,'\'/opt/redmine-1.4/vendor/plugins/redmine_git_hosting/bin/run_git_as_git_user\' \'--git-dir\' \'repositories/cluster-innovacion/firma-digital/firmador-digital.git\' \'log\' \'--no-color\' \'--encoding=UTF-8\' \'--date=iso\' \'--pretty=fuller\' \'--no-merges\' \'-n\' \'1\' \'c6a9d205efe718b2b6f27f2dd5ca470569194168\' \'--\' \'app/src/ar/gob/onti/firmador/exception/ChromeNotFoundException.java\'','commit c6a9d205efe718b2b6f27f2dd5ca470569194168\nAuthor:     Fabian Collado <fabian@enyetech.com>\nAuthorDate: 2012-10-15 17:14:48 -0300\nCommit:     Fabian Collado <fabian@enyetech.com>\nCommitDate: 2012-10-15 17:14:48 -0300\n\n    Compatibilidad para Firefox 32 y 64 bit en Linux. Inicio de desarrollo de acceso de keystore para Chrome en Linux. Correccin de validacin de respuesta de servicio de output mediante status 200. Los archivos pdf en la carpeta temporal se graban con nombres random, para evitar conflictos al firmar documentos pdf consecutivos con el mismo nombre y abiertos en Acrobat Reader. Si falla el borrado del pdf temporal, igualmente continua, permite abrir el pdf con el Acrobat Reader y firmarlo al mismo tiempo\n','firmador-digital','2013-02-09 11:35:03','2013-02-09 11:35:03'),(8353,'\'/opt/redmine-1.4/vendor/plugins/redmine_git_hosting/bin/run_git_as_git_user\' \'--git-dir\' \'repositories/cluster-innovacion/firma-digital/firmador-digital.git\' \'log\' \'--no-color\' \'--encoding=UTF-8\' \'--date=iso\' \'--pretty=fuller\' \'--no-merges\' \'-n\' \'1\' \'c6a9d205efe718b2b6f27f2dd5ca470569194168\' \'--\' \'app/src/ar/gob/onti/firmador/exception/MozillaKeyStoreException.java\'','commit 6df9d8d73180292e8eb4af9dc27ec9b7328821d3\nAuthor:     Andres Sosto <asosto@gmail.com>\nAuthorDate: 2012-10-10 18:49:01 -0300\nCommit:     Andres Sosto <asosto@gmail.com>\nCommitDate: 2012-10-10 18:49:01 -0300\n\n    Initial project commit\n','firmador-digital','2013-02-09 11:35:04','2013-02-09 11:35:04'),(8354,'\'/opt/redmine-1.4/vendor/plugins/redmine_git_hosting/bin/run_git_as_git_user\' \'--git-dir\' \'repositories/cluster-innovacion/firma-digital/firmador-digital.git\' \'log\' \'--no-color\' \'--encoding=UTF-8\' \'--date=iso\' \'--pretty=fuller\' \'--no-merges\' \'-n\' \'1\' \'c6a9d205efe718b2b6f27f2dd5ca470569194168\' \'--\' \'app/src/ar/gob/onti/firmador/exception/MozillaNotFoundException.java\'','commit 6df9d8d73180292e8eb4af9dc27ec9b7328821d3\nAuthor:     Andres Sosto <asosto@gmail.com>\nAuthorDate: 2012-10-10 18:49:01 -0300\nCommit:     Andres Sosto <asosto@gmail.com>\nCommitDate: 2012-10-10 18:49:01 -0300\n\n    Initial project commit\n','firmador-digital','2013-02-09 11:35:04','2013-02-09 11:35:04'),(8355,'\'/opt/redmine-1.4/vendor/plugins/redmine_git_hosting/bin/run_git_as_git_user\' \'--git-dir\' \'repositories/cluster-innovacion/firma-digital/firmador-digital.git\' \'ls-tree\' \'-l\' \'c6a9d205efe718b2b6f27f2dd5ca470569194168:app/src/ar/gob/onti/firmador/exception\'','100644 blob dcc025cbfdbeb6e317cf9625163205ed00ee56eb    1540	ChromeKeyStoreException.java\n100644 blob a9a1122d1868284204fa602b3e002086f0e8c295    1590	ChromeNotFoundException.java\n100644 blob 90b276ccd4eeb71568e557bc143003c5f760485e    1545	MozillaKeyStoreException.java\n100644 blob 955cf88a203363c9d936bd9539ef3fe8bf0310d9    1595	MozillaNotFoundException.java\n','firmador-digital','2013-02-09 11:35:04','2013-02-09 11:35:04'),(8356,'\'/opt/redmine-1.4/vendor/plugins/redmine_git_hosting/bin/run_git_as_git_user\' \'--git-dir\' \'repositories/cluster-innovacion/firma-digital/firmador-digital.git\' \'log\' \'--no-color\' \'--encoding=UTF-8\' \'--raw\' \'--date=iso\' \'--pretty=fuller\' \'--parents\' \'--stdin\' \'-n\' \'10\' \'--\' \'app/src/ar/gob/onti/firmador/exception\'\nc6a9d205efe718b2b6f27f2dd5ca470569194168\n','commit c6a9d205efe718b2b6f27f2dd5ca470569194168 6df9d8d73180292e8eb4af9dc27ec9b7328821d3\nAuthor:     Fabian Collado <fabian@enyetech.com>\nAuthorDate: 2012-10-15 17:14:48 -0300\nCommit:     Fabian Collado <fabian@enyetech.com>\nCommitDate: 2012-10-15 17:14:48 -0300\n\n    Compatibilidad para Firefox 32 y 64 bit en Linux. Inicio de desarrollo de acceso de keystore para Chrome en Linux. Correccin de validacin de respuesta de servicio de output mediante status 200. Los archivos pdf en la carpeta temporal se graban con nombres random, para evitar conflictos al firmar documentos pdf consecutivos con el mismo nombre y abiertos en Acrobat Reader. Si falla el borrado del pdf temporal, igualmente continua, permite abrir el pdf con el Acrobat Reader y firmarlo al mismo tiempo\n\n:000000 100644 0000000... dcc025c... A	app/src/ar/gob/onti/firmador/exception/ChromeKeyStoreException.java\n:000000 100644 0000000... a9a1122... A	app/src/ar/gob/onti/firmador/exception/ChromeNotFoundException.java\n\ncommit 6df9d8d73180292e8eb4af9dc27ec9b7328821d3\nAuthor:     Andres Sosto <asosto@gmail.com>\nAuthorDate: 2012-10-10 18:49:01 -0300\nCommit:     Andres Sosto <asosto@gmail.com>\nCommitDate: 2012-10-10 18:49:01 -0300\n\n    Initial project commit\n\n:000000 100644 0000000... 90b276c... A	app/src/ar/gob/onti/firmador/exception/MozillaKeyStoreException.java\n:000000 100644 0000000... 955cf88... A	app/src/ar/gob/onti/firmador/exception/MozillaNotFoundException.java\n','firmador-digital','2013-02-09 11:35:04','2013-02-09 11:35:04'),(8357,'\'/opt/redmine-1.4/vendor/plugins/redmine_git_hosting/bin/run_git_as_git_user\' \'--git-dir\' \'repositories/cluster-innovacion/firma-digital/firmador-digital.git\' \'ls-tree\' \'-l\' \'c6a9d205efe718b2b6f27f2dd5ca470569194168:app/src/ar/gob/onti/firmador/view/certificatelist\'','100644 blob e45298d869f2ba50e83e4d5cdd585dcae2ee55df    3121	AbstractCellEditor.java\n100644 blob 9b7a6e516e8d3d74b38f363c45594adeef5ac1a4   12875	CertsTreeTable.java\n100644 blob 69ac73adf929cfb0fa763a103cf71de7ae5001b6   14765	JTreeTable.java\n100644 blob 9190922d86c8cca737b7f6acca2b4caaef836d0a    4659	TreeTableModelAdapter.java\n','firmador-digital','2013-02-09 17:34:34','2013-02-09 17:34:34'),(8358,'\'/opt/redmine-1.4/vendor/plugins/redmine_git_hosting/bin/run_git_as_git_user\' \'--git-dir\' \'repositories/cluster-innovacion/firma-digital/firmador-digital.git\' \'show\' \'--no-color\' \'c6a9d205efe718b2b6f27f2dd5ca470569194168:app/src/ar/gob/onti/firmador/view/certificatelist/TreeTableModelAdapter.java\'','/*\r\n * @(#)TreeTableModelAdapter.java       1.2 98/10/27\r\n *\r\n * Copyright 1997, 1998 Sun Microsystems, Inc.  All Rights Reserved.\r\n *\r\n * Redistribution and use in source and binary forms, with or without\r\n * modification, are permitted provided that the following conditions\r\n * are met:\r\n *\r\n *   - Redistributions of source code must retain the above copyright\r\n *     notice, this list of conditions and the following disclaimer.\r\n *\r\n *   - Redistributions in binary form must reproduce the above copyright\r\n *     notice, this list of conditions and the following disclaimer in the\r\n *     documentation and/or other materials provided with the distribution.\r\n *\r\n *   - Neither the name of Sun Microsystems nor the names of its\r\n *     contributors may be used to endorse or promote products derived\r\n *     from this software without specific prior written permission.\r\n */\r\n \r\npackage ar.gob.onti.firmador.view.certificatelist;\r\n\r\nimport javax.swing.JTree;\r\nimport javax.swing.SwingUtilities;\r\nimport javax.swing.event.TreeExpansionEvent;\r\nimport javax.swing.event.TreeExpansionListener;\r\nimport javax.swing.event.TreeModelEvent;\r\nimport javax.swing.event.TreeModelListener;\r\nimport javax.swing.table.AbstractTableModel;\r\nimport javax.swing.tree.TreePath;\r\n\r\nimport ar.gob.onti.firmador.model.certificatelist.TreeTableModel;\r\n\r\n/**\r\n * This is a wrapper class takes a TreeTableModel and implements \r\n * the table model interface. The implementation is trivial, with \r\n * all of the event dispatching support provided by the superclass: \r\n * the AbstractTableModel. \r\n */\r\npublic class TreeTableModelAdapter extends AbstractTableModel\r\n{\r\n    /**\r\n	 * \r\n	 */\r\n	private static final long serialVersionUID = 1L;\r\n	 private JTree tree;\r\n	 private transient TreeTableModel treeTableModel;\r\n\r\n    public TreeTableModelAdapter(TreeTableModel treeTableModel, JTree tree) {\r\n        this.tree = tree;\r\n        this.treeTableModel = treeTableModel;\r\n\r\n        tree.addTreeExpansionListener(new TreeExpansionListener() {\r\n            // Don\'t use fireTableRowsInserted() here; the selection model\r\n            // would get updated twice. \r\n            public void treeExpanded(TreeExpansionEvent event) {  \r\n              fireTableDataChanged(); \r\n            }\r\n            public void treeCollapsed(TreeExpansionEvent event) {  \r\n              fireTableDataChanged(); \r\n            }\r\n        });\r\n\r\n        // Install a TreeModelListener that can update the table when\r\n        // tree changes. We use delayedFireTableDataChanged as we can\r\n        // not be guaranteed the tree will have finished processing\r\n        // the event before us.\r\n        treeTableModel.addTreeModelListener(new TreeModelListener() {\r\n            public void treeNodesChanged(TreeModelEvent e) {\r\n                delayedFireTableDataChanged();\r\n            }\r\n\r\n            public void treeNodesInserted(TreeModelEvent e) {\r\n                delayedFireTableDataChanged();\r\n            }\r\n\r\n            public void treeNodesRemoved(TreeModelEvent e) {\r\n                delayedFireTableDataChanged();\r\n            }\r\n\r\n            public void treeStructureChanged(TreeModelEvent e) {\r\n                delayedFireTableDataChanged();\r\n            }\r\n        });\r\n    }\r\n\r\n    // Wrappers, implementing TableModel interface. \r\n\r\n    public int getColumnCount() {\r\n        return treeTableModel.getColumnCount();\r\n    }\r\n\r\n    public String getColumnName(int column) {\r\n        return treeTableModel.getColumnName(column);\r\n    }\r\n\r\n    public Class getColumnClass(int column) {\r\n        return treeTableModel.getColumnClass(column);\r\n    }\r\n\r\n    public int getRowCount() {\r\n        return tree.getRowCount();\r\n    }\r\n\r\n    protected Object nodeForRow(int row) {\r\n        TreePath treePath = tree.getPathForRow(row);\r\n        return treePath.getLastPathComponent();         \r\n    }\r\n\r\n    public Object getValueAt(int row, int column) {\r\n        return treeTableModel.getValueAt(nodeForRow(row), column);\r\n    }\r\n\r\n    public boolean isCellEditable(int row, int column) {\r\n         return treeTableModel.isCellEditable(nodeForRow(row), column); \r\n    }\r\n\r\n    public void setValueAt(Object value, int row, int column) {\r\n        treeTableModel.setValueAt(value, nodeForRow(row), column);\r\n    }\r\n\r\n    /**\r\n     * Invokes fireTableDataChanged after all the pending events have been\r\n     * processed. SwingUtilities.invokeLater is used to handle this.\r\n     */\r\n    protected void delayedFireTableDataChanged() {\r\n        SwingUtilities.invokeLater(new Runnable() {\r\n            public void run() {\r\n                fireTableDataChanged();\r\n            }\r\n        });\r\n    }\r\n}\r\n\r\n\r\n','firmador-digital','2013-02-09 17:34:35','2013-02-09 17:34:35'),(8359,'\'/opt/redmine-1.4/vendor/plugins/redmine_git_hosting/bin/run_git_as_git_user\' \'--git-dir\' \'repositories/root-spd/governance-infraestructura-spd/spd-finder.git\' \'branch\' \'--no-color\' \'--verbose\' \'--no-abbrev\'','','spd-finder','2013-02-09 19:39:06','2013-02-09 19:39:06'),(8360,'\'/opt/redmine-1.4/vendor/plugins/redmine_git_hosting/bin/run_git_as_git_user\' \'--git-dir\' \'repositories/root-spd/governance-infraestructura-spd/spd-finder.git\' \'ls-tree\' \'-l\' \'HEAD:\'','','spd-finder','2013-02-09 19:39:06','2013-02-09 19:39:06'),(8361,'\'/opt/redmine-1.4/vendor/plugins/redmine_git_hosting/bin/run_git_as_git_user\' \'--git-dir\' \'repositories/cluster-innovacion/firma-digital/firmador-digital.git\' \'ls-tree\' \'-l\' \'c6a9d205efe718b2b6f27f2dd5ca470569194168:app/resource/properties\'','100644 blob b6bae6a5c1ad047f2cdc52bc5a728b0425740062    6776	firma.properties\n100644 blob 89356ad7603b6de44a9b6e994a5ec1f6bf51ad3f    6705	firma_es_AR - copia.properties\n100644 blob 89356ad7603b6de44a9b6e994a5ec1f6bf51ad3f    6705	firma_es_AR.properties\n','firmador-digital','2013-02-09 21:24:03','2013-02-09 21:24:03'),(8362,'\'/opt/redmine-1.4/vendor/plugins/redmine_git_hosting/bin/run_git_as_git_user\' \'--git-dir\' \'repositories/cluster-innovacion/firma-digital/firmador-digital.git\' \'show\' \'--no-color\' \'c6a9d205efe718b2b6f27f2dd5ca470569194168:app/resource/properties/firma.properties\'','################################################################################################\r\n# FD: Firmante Digital\r\n# Configuracion general\r\n################################################################################################\r\nUploadBoundary=*****\r\n#### Certificados\r\n### Valores por default de atributos que deberian especificarse\r\n### localmente en cada maquina via archivo etaps.props\r\n## StoreType dnde se aloja el almacen de certificados\r\n# {Token/Browser}\r\nStoreType=Browser\r\nProvName=eToken\r\nProvLib=eTPKCS11\r\neTPKCS11=eTPKCS11.dll\r\nsystem32=system32\r\n# Correo\r\n#IssuerCN=AC de la Subsecretar\r\n# AC ONTI\r\n#IssuerCN=Oficina Nacional de Tecnolo\r\nIssuerCN1=AC de la Subsecretara de la Gestin Pblica para Certificados de Correo Electrnico\r\nIssuerCN2=Oficina Nacional de Tecnologas de Informacin\r\nIssuerCN3=Autoridad Certificante de Firma Digital\r\n\r\n#### Propiedades Firma PDF\r\ntitulo=<html><font color=#dedede size=5>Aplicacin de firma digital de la Subsecretara de Tecnologas de Gestin</font></html>\"\r\ndocumento=Documento\r\nsubirPdf=Paso 2: Enviar\r\nvisualizar=Visualizar\r\nfirmar=Paso 1: Firmar\r\ntokenPin=Token PIN\r\ningreseToken=Ingreso de Token PIN\r\nmsjDescargaOK=El documento ha sido descargado exitosamente\r\nmensajeFirmaOk=<html><div align=\"center\"><font style=\"text-align:center\" color=\"#A0A0A0\" size=5>La firma digital del  documento se ha realizado exitosamente</font></div></html>\r\ndescargaDictamen=Descarga de documentos\r\nfirmaOK=El documento ha sido firmado exitosamente\r\nfirmaDictamenes=Firma de documentos\r\nenvioDictamenes=Envo de documentos\r\nrepoCert=Repositorio de certificados\r\nseleccionar=Firmar\r\ncancelar=Cancelar\r\naceptar=Aceptar\r\ncertificados=Certificados\r\ninformacion=Informacin\r\ninformacionCertificado=Al seleccionar un certificado le aparecer la informacin del mismo\r\nselectCertificado=Seleccione un certificado\r\nselectCertifYFirmar=Seleccione el certificado deseado y haga clic en el bot\\u00F3n firmar \r\narchivoEnviadoExtosamente=El documento ha sido enviado exitosamente\r\nconfirmacionEnvio=Confirmacin de envo\r\nmensajeConfirmacionEnvio= Est seguro de enviar el documento firmado a la aplicacin ?\r\n# ------------------------  ERRORES  ------------------------------------\r\nerror=Error\r\nerrorSeleccion=Error Seleccin\r\nerrorDirectorioTemporal=No se ha podido encontrar un directorio temporal para el proceso de firma digital\r\nerrorUrl=No se puede agregar el parametro a la URL\r\nerrorCertPersonal1=Debe seleccionar un certificado personal y no un certificado de AC \\n ( CERTIFICADO )\r\nerrorCertPersonal2=Por favor, seleccione un certificado personal\r\nerrorDescargarDoc=No se ha podido descargar el documento a firmar \\n\r\nerrorConexionServidor=No se ha podido establecer la conexi\\u00F3n con el servidor\\n\r\nerrorVerDocumento=Ha ocurrido un error al intentar visualizar el documento\r\ntituloErrorVerDocumento=Error visualizacin documento\r\nerrorArchivoParaFirmarInexistente=No se encuentra el documento para ser firmado en el directorio temporal\r\nerrorArchivoFirmadoInexistente=No se encuentra el documento firmado en el directorio temporal\r\nprocesandoDoc=Procesando Documento \r\nerrorFirma=M\\u00E9todo PdfControler.SignFile()\\: Error en la firma del documento\r\nerrorSeleccionArchivo= Error seleccin archivo\r\nerrorArchivoProtegido=Archivo protegido contra escritura\r\nerrorFalloBorrado=Fallo la operacin de borrado\r\nerrorArchivoNoExistente=El archivo seleccionado no existe \\u00F3 no es un archivo v\\u00E1lido\\nPor favor, seleccione otro archivo\r\nerrorSeleccin=Error Seleccin\r\nerrorPinToken=No se ha ingresado el PIN del token\r\nerrorAlSeleccionarArchivo=Error al seleccionar archivo (no existe \\u00F3 no v\\u00E1lido) \r\nerrorEliminandoFirmado=El archivo firmado no ha podido ser eliminado del directorio local\r\nerrorEliminandoSinFirmar=El archivo para ser firmado no ha podido ser eliminado del directorio local\r\nerrorEnvioServer=Se han producido errores al enviar el archivo al server\\n\r\nerrorEnvioDictamenServer=Error al intentar enviar el dictamen firmado al servidor\r\nerrorVisualizar=Error al intentar visualizar\r\nerrorBrowseCerts=Mtodo MainWindow.browseCerts(): Error al intentar recuperar los certificados del almacn\r\nerrorcertificadoExpirado=Ha expirado el per\\u00EDodo de validez del certificado emitido por la AC-ONTI.\\nEl mismo corresponde a (\r\nerrorDigest=Mtodo FirmaPdfHandler.getMDFileToSign(): No se ha informado el nombre del archivo del que quiere calcularse el digesto\r\nerrorHash=Mtodo FirmaPdfHandler.getMDFileToSign(): Error en el clculo de hash del archivo que quiere firmarse\r\nerrorKeyStore=Mtodo FirmaPdfHandler.keyStoreOpen():\r\nerrorAlmacen=Error en la apertura del almacn de certificados\r\nerrorAlmacenFirefox=Error el almacn de certificados de Firefox esta siendo utilizado por otra sesin del Applet, reinicie su navegador\r\nerrorAlmacenChromeLinux=Error el almacn de certificados de Chrome esta siendo utilizado por otra sesin del Applet, reinicie su navegador\r\nerrorDirectorio=Mtodo PdfControler.SignFile(): No se ha informado el directorio  el nombre del archivo que quiere firmarse\r\nerrorArchivoDestino=Mtodo PdfControler.SignFile(): No se ha informado el nombre del archivo destino de la firma\r\nerrorURLCrlCA=ERROR 09, No se pudo realizar la conexin con la Autoridad Certicante\r\nerrorGetCrlUrls=ERROR 10, No es posible acceder a la url de descarga de las CRLs de la Autoridad Certificante\r\nerrorInitCrls=ERROR 11, No es posible descargar la lista de certificados revocados de la Autoridad Certificante\r\nerrorvalidarCRL=ERROR 12, No es posible validar si su certificado fue  revocado por  la Autoridad Certificante\r\nerrorCertRevocado=Su certificado ha sido revocado por\\: \r\nerrorCertRevocadoFecha=Fecha de revocacin:\r\nerrorURL=Error en la creacin del objeto URL (\r\nerrorBadAnswer=Error en la respuesta a las preguntas\r\n#------------------------MENSAJE AYUDA-----------------------------\r\ntituloAyuda= Ayuda\r\ntextoDeAyuda=<html><style>span{color:#272727;font-size:11px;font-weight:normal}h1{font-size:13px;color:#000;font-weight:bold}</style><br><h1>Los pasos para firmar  el documento  son:</h1><p><span>-<strong>Primer paso: </strong>Al hacer clic en <strong>Firmar</strong> podr visualizar  los </span></p><p><span>certificados instalados</span><span>  en su </span><span>navegador, seleccione el certificado con el que desea </span></p><p><span> firmar el documento  y luego confirme la operacin</span>.</p><p><br>    <span>-<strong>Segundo  paso:</strong>  Deber  hacer click en <strong>Enviar </strong> para</span></p><p><span> enviar el documento  firmado  a la aplicacin que est utilizando.</span></p><p><br>    <span>-  Puede  hacer click en <strong>Visualizar </strong>para ver el documento antes o despus de firmar.</span></p><p><span><br></span></p></html>\r\n','firmador-digital','2013-02-09 21:24:03','2013-02-09 21:24:03'),(8363,'\'/opt/redmine-1.4/vendor/plugins/redmine_git_hosting/bin/run_git_as_git_user\' \'--git-dir\' \'repositories/cluster-innovacion/firma-digital/firmador-digital.git\' \'diff\' \'--no-color\' \'6df9d8d73180292e8eb4af9dc27ec9b7328821d3\' \'c6a9d205efe718b2b6f27f2dd5ca470569194168\' \'--\' \'app/src/ar/gob\'','diff --git a/app/src/ar/gob/onti/firmador/controler/FileSystem.java b/app/src/ar/gob/onti/firmador/controler/FileSystem.java\nindex 324d5f5..d1d53ad 100644\n--- a/app/src/ar/gob/onti/firmador/controler/FileSystem.java\n+++ b/app/src/ar/gob/onti/firmador/controler/FileSystem.java\n@@ -44,13 +44,12 @@ public final class FileSystem {\n 			return true;\r\n 		} \r\n 		//Se asegura que no este protegido contra escritura\r\n-		if (!fileDel.canWrite()) {\r\n-			throw new IllegalArgumentException(\"MainWindow.deleteFile():\"+( PropsConfig.getInstance().getString(\"errorArchivoProtegido\") )+\" (\" + path + \")\" );\r\n+		if (fileDel.canWrite()) {\r\n+			retValue = fileDel.delete();\r\n+			if (!retValue) {\r\n+				throw new IllegalArgumentException(\"MainWindow.deleteFile(): \"+PropsConfig.getInstance().getString(\"errorFalloBorrado\")+\"\");\r\n+			}\r\n 		} \r\n-		retValue = fileDel.delete();\r\n-		if (!retValue) {\r\n-			throw new IllegalArgumentException(\"MainWindow.deleteFile(): \"+PropsConfig.getInstance().getString(\"errorFalloBorrado\")+\"\");\r\n-		}\r\n 		return retValue;\r\n 	}\r\n 	/**\r\ndiff --git a/app/src/ar/gob/onti/firmador/controler/FirmaControler.java b/app/src/ar/gob/onti/firmador/controler/FirmaControler.java\nindex d3ee718..9356c04 100644\n--- a/app/src/ar/gob/onti/firmador/controler/FirmaControler.java\n+++ b/app/src/ar/gob/onti/firmador/controler/FirmaControler.java\n@@ -12,6 +12,7 @@ import java.io.UnsupportedEncodingException;\n import java.net.URLEncoder;\r\n import java.nio.channels.FileChannel;\r\n import java.security.KeyStoreException;\r\n+import java.util.UUID;\r\n \r\n import javax.swing.Icon;\r\n import javax.swing.ImageIcon;\r\n@@ -104,13 +105,13 @@ public class FirmaControler {\n 			return ;\r\n 		}\r\n 		try {\r\n-			if (firmarDocumentoPdf(container) && FileSystem.getInstance().borrarArchivo(mainWindow.getArchivoParaFirmar().getPath()) ) {\r\n+			if (firmarDocumentoPdf(container)) {\r\n 					mainWindow.setArchivoParaFirmar(null);\r\n 					mainWindow.setCtrls(\"firmaDocOk\");\r\n-				\r\n+					FileSystem.getInstance().borrarArchivo(mainWindow.getArchivoParaFirmar().getPath()); \r\n 			}\r\n-		} catch (IOException e) {\r\n-			mostrarMensajesError(container,myProps.getString(\"errorEliminandoSinFirmar\"), e);\r\n+		} catch (Exception e) {\r\n+			//mostrarMensajesError(container,myProps.getString(\"errorEliminandoSinFirmar\"), e);\r\n 		}\r\n 	}\r\n 	/**\r\n@@ -332,12 +333,8 @@ public class FirmaControler {\n 				nuevaURL = nuevaURL + \"?idDominio=\" + this.mainWindow.getObjetoDominio() + \"&tipoDeArchivo=\" + this.mainWindow.getTipoArchivo();			\r\n 			}\r\n 			\r\n-			if(mainWindow.getSignProps().getNombreArchivo()!=null){\r\n-				//nuevaURL+=\"&codigo=\" + URLEncoder.encode(mainWindow.getCodigo(),\"iso-8859-1\");\r\n-				fileDown.setLocalFileName(mainWindow.getSignProps().getNombreArchivo());\r\n-			}else{\r\n-				fileDown.setLocalFileName(fileDown.getNombreArchivo(nuevaURL));\r\n-			}\r\n+			mainWindow.getSignProps().setNombreArchivoTemporal(UUID.randomUUID().toString() + \".pdf\");\r\n+			fileDown.setLocalFileName(mainWindow.getSignProps().getNombreArchivoTemporal());\r\n 		//} catch (UnsupportedEncodingException e) {\r\n 			//	mostrarMensajesError(container, myProps.getString(\"errorUrl\"), e);\r\n 			//}\r\ndiff --git a/app/src/ar/gob/onti/firmador/controler/PdfControler.java b/app/src/ar/gob/onti/firmador/controler/PdfControler.java\nindex d29ce3d..1306d18 100644\n--- a/app/src/ar/gob/onti/firmador/controler/PdfControler.java\n+++ b/app/src/ar/gob/onti/firmador/controler/PdfControler.java\n@@ -45,6 +45,7 @@ import ar.gob.onti.firmador.controler.conection.HttpFileDownLoader;\n import ar.gob.onti.firmador.exception.MozillaKeyStoreException;\r\n import ar.gob.onti.firmador.model.AppleSafari;\r\n import ar.gob.onti.firmador.model.CRLInfo;\r\n+import ar.gob.onti.firmador.model.ChromeLinux;\r\n import ar.gob.onti.firmador.model.Mozilla;\r\n import ar.gob.onti.firmador.model.PropsConfig;\r\n import ar.gob.onti.firmador.model.Proxy;\r\n@@ -467,6 +468,20 @@ public class PdfControler {\n \r\n 		return mzFirefox.getPKCS11CfgInputStream();\r\n 	}\r\n+	private String cargarConfiguracionProviderChromeLinux() throws FileNotFoundException {\r\n+		ChromeLinux mzChromeLinux = new ChromeLinux();\r\n+		signError +=PropsConfig.getInstance().getString(\"errorAlmacenChromeLinux\");\r\n+\r\n+		//-- Cargar las libreras de Chrome (slo para Linux)\r\n+		try {\r\n+			mzChromeLinux.loadChromeLibraries();\r\n+		} catch (Throwable e) {\r\n+			System.out.println(\"[ChromeLinuxKeyStoreManager.initKeystores]::No se han podido cargar las libreras para Chrome \" + e.getMessage());\r\n+			//throw new MozillaKeyStoreException(\"No se han podido cargar las libreras para Mozilla Firefox\", e);\r\n+		}\r\n+\r\n+		return mzChromeLinux.getPKCS11CfgInputStream();\r\n+	}\r\n 	private void cargarConfiguracionProviderLinuxMac() {\r\n 		AppleSafari appleSafari = new AppleSafari();\r\n 		this.keyStore = appleSafari.initialize();\r\n@@ -513,6 +528,13 @@ public class PdfControler {\n 				cargarKeyStorePKSC11(cfgProvider);\r\n 				return(true);\r\n 			}\r\n+			if (this.signProps.getBrowser().equalsIgnoreCase(\"CHROME_LINUX\")) {\r\n+				errOpera = \"cargarConfiguracionProviderChromeLinux\";\r\n+				cfgProvider =cargarConfiguracionProviderChromeLinux();\r\n+				errOpera = \"cargarKeyStorePKSC11\";\r\n+				cargarKeyStorePKSC11(cfgProvider);\r\n+				return(true);\r\n+			}\r\n 			if (this.signProps.getBrowser().equalsIgnoreCase(\"LINUX_MAC\")) {\r\n 				errOpera = \"cargarConfiguracionProviderLinuxMac\";\r\n 				cargarConfiguracionProviderLinuxMac();\r\ndiff --git a/app/src/ar/gob/onti/firmador/controler/conection/HttpFileUploader.java b/app/src/ar/gob/onti/firmador/controler/conection/HttpFileUploader.java\nindex f6b966a..6347f15 100644\n--- a/app/src/ar/gob/onti/firmador/controler/conection/HttpFileUploader.java\n+++ b/app/src/ar/gob/onti/firmador/controler/conection/HttpFileUploader.java\n@@ -186,7 +186,8 @@ public class HttpFileUploader extends HttpFileConnection {\n 	        String responseString = new String(response, \"UTF-8\");\r\n 	        post.releaseConnection();\r\n 	        \r\n-			if (responseString.equalsIgnoreCase(\"El archivo se subi correctamente\") || responseString.equalsIgnoreCase(\"El archivo del usuario: \" + myProps.getUserName() + \" se subi correctamente\")) {\r\n+	        \r\n+			if (post.getStatusCode() == 200) {\r\n 				return true;\r\n 			} else {		\r\n 				errorBuffer+=\"Error de recepcin en el server :\" +responseString;\r\ndiff --git a/app/src/ar/gob/onti/firmador/exception/ChromeKeyStoreException.java b/app/src/ar/gob/onti/firmador/exception/ChromeKeyStoreException.java\nnew file mode 100644\nindex 0000000..dcc025c\n--- /dev/null\n+++ b/app/src/ar/gob/onti/firmador/exception/ChromeKeyStoreException.java\n@@ -0,0 +1,48 @@\n+/**\r\n+* LICENCIA LGPL:\r\n+*\r\n+* Esta librera es Software Libre; Usted puede redistribuirla y/o modificarla\r\n+* bajo los trminos de la GNU Lesser General Public License (LGPL) tal y como\r\n+* ha sido publicada por la Free Software Foundation; o bien la versin 2.1 de\r\n+* la Licencia, o (a su eleccin) cualquier versin posterior.\r\n+*\r\n+* Esta librera se distribuye con la esperanza de que sea til, pero SIN\r\n+* NINGUNA GARANTA; tampoco las implcitas garantas de MERCANTILIDAD o\r\n+* ADECUACIN A UN PROPSITO PARTICULAR. Consulte la GNU Lesser General Public\r\n+* License (LGPL) para ms detalles\r\n+*\r\n+* Usted debe recibir una copia de la GNU Lesser General Public License (LGPL)\r\n+* junto con esta librera; si no es as, escriba a la Free Software Foundation\r\n+* Inc. 51 Franklin Street, 5 Piso, Boston, MA 02110-1301, USA o consulte\r\n+* <http://www.gnu.org/licenses/>.\r\n+*\r\n+* Copyright 2011 Agencia de Tecnologa y Certificacin Electrnica\r\n+*/\r\n+package ar.gob.onti.firmador.exception;\r\n+\r\n+/**\r\n+* No se puede acceder al almacn de claves del usuario.\r\n+*\r\n+* @author <a href=\"mailto:jgutierrez@accv.es\">Jos M Gutirrez</a>\r\n+*/\r\n+public class ChromeKeyStoreException extends Exception {\r\n+\r\n+	private static final long serialVersionUID = 1L;\r\n+\r\n+	public ChromeKeyStoreException() {\r\n+		super();\r\n+	}\r\n+\r\n+	public ChromeKeyStoreException(String message, Throwable cause) {\r\n+		super(message, cause);\r\n+	}\r\n+\r\n+	public ChromeKeyStoreException(String message) {\r\n+		super(message);\r\n+	}\r\n+\r\n+	public ChromeKeyStoreException(Throwable cause) {\r\n+		super(cause);\r\n+	}\r\n+\r\n+}\r\ndiff --git a/app/src/ar/gob/onti/firmador/exception/ChromeNotFoundException.java b/app/src/ar/gob/onti/firmador/exception/ChromeNotFoundException.java\nnew file mode 100644\nindex 0000000..a9a1122\n--- /dev/null\n+++ b/app/src/ar/gob/onti/firmador/exception/ChromeNotFoundException.java\n@@ -0,0 +1,49 @@\n+/**\r\n+* LICENCIA LGPL:\r\n+*\r\n+* Esta librera es Software Libre; Usted puede redistribuirla y/o modificarla\r\n+* bajo los trminos de la GNU Lesser General Public License (LGPL) tal y como\r\n+* ha sido publicada por la Free Software Foundation; o bien la versin 2.1 de\r\n+* la Licencia, o (a su eleccin) cualquier versin posterior.\r\n+*\r\n+* Esta librera se distribuye con la esperanza de que sea til, pero SIN\r\n+* NINGUNA GARANTA; tampoco las implcitas garantas de MERCANTILIDAD o\r\n+* ADECUACIN A UN PROPSITO PARTICULAR. Consulte la GNU Lesser General Public\r\n+* License (LGPL) para ms detalles\r\n+*\r\n+* Usted debe recibir una copia de la GNU Lesser General Public License (LGPL)\r\n+* junto con esta librera; si no es as, escriba a la Free Software Foundation\r\n+* Inc. 51 Franklin Street, 5 Piso, Boston, MA 02110-1301, USA o consulte\r\n+* <http://www.gnu.org/licenses/>.\r\n+*\r\n+* Copyright 2011 Agencia de Tecnologa y Certificacin Electrnica\r\n+*/\r\n+package ar.gob.onti.firmador.exception;\r\n+\r\n+/**\r\n+* No se ha podido encontrar la carpeta de instalacin de Mozilla o la carpeta con\r\n+* el perfil del usuario.\r\n+*\r\n+* @author <a href=\"mailto:jgutierrez@accv.es\">Jos M Gutirrez</a>\r\n+*/\r\n+public class ChromeNotFoundException extends Exception {\r\n+\r\n+	private static final long serialVersionUID = 1L;\r\n+\r\n+	public ChromeNotFoundException() {\r\n+		super();\r\n+	}\r\n+\r\n+	public ChromeNotFoundException(String message, Throwable cause) {\r\n+		super(message, cause);\r\n+	}\r\n+\r\n+	public ChromeNotFoundException(String message) {\r\n+		super(message);\r\n+	}\r\n+\r\n+	public ChromeNotFoundException(Throwable cause) {\r\n+		super(cause);\r\n+	}\r\n+\r\n+}\n\\ No newline at end of file\ndiff --git a/app/src/ar/gob/onti/firmador/model/ChromeLinux.java b/app/src/ar/gob/onti/firmador/model/ChromeLinux.java\nnew file mode 100644\nindex 0000000..02bb9fb\n--- /dev/null\n+++ b/app/src/ar/gob/onti/firmador/model/ChromeLinux.java\n@@ -0,0 +1,130 @@\n+/**\r\n+* LICENCIA LGPL:\r\n+* \r\n+* Esta librera es Software Libre; Usted puede redistribuirla y/o modificarla\r\n+* bajo los trminos de la GNU Lesser General Public License (LGPL) tal y como \r\n+* ha sido publicada por la Free Software Foundation; o bien la versin 2.1 de \r\n+* la Licencia, o (a su eleccin) cualquier versin posterior.\r\n+* \r\n+* Esta librera se distribuye con la esperanza de que sea til, pero SIN \r\n+* NINGUNA GARANTA; tampoco las implcitas garantas de MERCANTILIDAD o \r\n+* ADECUACIN A UN PROPSITO PARTICULAR. Consulte la GNU Lesser General Public \r\n+* License (LGPL) para ms detalles\r\n+* \r\n+* Usted debe recibir una copia de la GNU Lesser General Public License (LGPL) \r\n+* junto con esta librera; si no es as, escriba a la Free Software Foundation \r\n+* Inc. 51 Franklin Street, 5 Piso, Boston, MA 02110-1301, USA o consulte\r\n+* <http://www.gnu.org/licenses/>.\r\n+*\r\n+* Copyright 2011 Agencia de Tecnologa y Certificacin Electrnica\r\n+*/\r\n+\r\n+package ar.gob.onti.firmador.model;\r\n+/*\r\n+ * ChromeLinux.java\r\n+ * author: mpin\r\n+ * owner : ONTI\r\n+ */\r\n+import java.io.BufferedReader;\r\n+import java.io.File;\r\n+import java.io.FileNotFoundException;\r\n+import java.io.FileReader;\r\n+\r\n+import netscape.javascript.JSObject;\r\n+\r\n+import ar.gob.onti.firmador.exception.ChromeNotFoundException;\r\n+import ar.gob.onti.firmador.view.JSCommands;\r\n+\r\n+/**\r\n+ * clase que modeliza el acceso a la keystore de firefox\r\n+ * @author ocaceres\r\n+ *\r\n+ */\r\n+public class ChromeLinux {\r\n+	/*\r\n+	 * Nombre del provider\r\n+	 */\r\n+	String PROVIDER_NAME = \"NSS\";\r\n+\r\n+	public ChromeLinux()  {\r\n+		RegQuery rq = new RegQuery();\r\n+		String userAppDataDir = rq.getCurrentUserPath();\r\n+	}\r\n+\r\n+	/**\r\n+	 * Obtiene la ruta a la carpeta donde se encuentra instalado ChromeLinux\r\n+	 * \r\n+	 * @return Ruta a la carpeta donde se encuentra instalado ChromeLinux\r\n+	 * @throws MozillaNotFoundException No se ha encontrado una instalacin de Mozilla\r\n+	 */\r\n+	public File getChromeFolder() throws ChromeNotFoundException {\r\n+		//-- Si el SO es Linux / Unix ...\r\n+		if(System.getProperty(\"os.name\").contains(\"inux\") || System.getProperty(\"os.name\").contains(\"SunOS\") || \r\n+				System.getProperty(\"os.name\").contains(\"olaris\")){\r\n+			System.out.println(\"[ChromeLinux]::Buscando la carpeta con las libreras de Mozilla en Linux/Unix\");\r\n+\r\n+			JSObject document = (JSObject) JSCommands.getWindow().getMember(\"navigator\");\r\n+			String userAgent = ((String) document.getMember(\"userAgent\")).toLowerCase();\r\n+\r\n+			if (new File(\"/opt/google/chrome/libnss3.so.ld\").exists()) {\r\n+				System.out.println(\"[ChromeLinux]::Se ha encontrado la carpeta con las libreras de Google Chrome en Linux/Unix: /opt/google/chrome\");\r\n+				return new File(\"/opt/google/chrome\");\r\n+			}\r\n+		}\r\n+		\r\n+		System.out.println(\"[ChromeLinux]::No se ha podido obtener la carpeta de instalacin de Mozilla Firefox\");\r\n+		throw new ChromeNotFoundException(\"No se ha podido obtener la carpeta de instalacin de Mozilla Firefox\");\r\n+	}\r\n+\r\n+	public void loadChromeLibraries() throws Throwable {\r\n+		//File chromeFolder= this.getChromeFolder();\r\n+	}\r\n+	\r\n+	/**\r\n+	* Obtiene el nombre de la librera del provider NSS dependiendo del SO\r\n+	* \r\n+	* @return Nombre de la librera del provider NSS\r\n+	*/\r\n+	public String getChromeNSSLibraryName () {\r\n+			String nssLib = \"libnss3.so.ld\";\r\n+			return nssLib;\r\n+	}\r\n+\r\n+	public String getPKCS11CfgInputStream() throws FileNotFoundException {\r\n+		String line = null;\r\n+		String providerConfig = \"\";\r\n+		File regFile = new File(new File (System.getProperty(\"user.home\")), \"/.pki/nssdb/pkcs11.txt\");\r\n+		BufferedReader in = new BufferedReader(new FileReader(regFile));\r\n+\r\n+		try {\r\n+			while ((line = in.readLine()) != null) {\r\n+				if (!line.isEmpty()) {\r\n+					providerConfig += line + \"\\r\";\r\n+				}\r\n+			}\r\n+		} catch (Exception e) {\r\n+			System.out.println(\"Ocurrio un error al leer la configuracion de los perfiles de Firefox: \" + e);\r\n+		} finally {\r\n+			try { in.close(); } catch (Exception e) {}\r\n+		}\r\n+		\r\n+		if (providerConfig.length() >= 2) {\r\n+			providerConfig = providerConfig.substring(0, providerConfig.length() - 1);\r\n+		}\r\n+		\r\n+		System.out.println(\"providerConfig: \" + providerConfig);\r\n+		return providerConfig;\r\n+	}\r\n+	\r\n+	public String getApplicationPath() {\r\n+		try {\r\n+			File chromeFolder = this.getChromeFolder();\r\n+			return chromeFolder.getAbsolutePath();\r\n+		} catch (ChromeNotFoundException e) {\r\n+			// TODO Auto-generated catch block\r\n+			return null;\r\n+		}\r\n+		\r\n+	}\r\n+}\r\n+\r\ndiff --git a/app/src/ar/gob/onti/firmador/model/Mozilla.java b/app/src/ar/gob/onti/firmador/model/Mozilla.java\nindex 18f8992..ea9ca43 100644\n--- a/app/src/ar/gob/onti/firmador/model/Mozilla.java\n+++ b/app/src/ar/gob/onti/firmador/model/Mozilla.java\n@@ -35,8 +35,11 @@ import java.util.Iterator;\n import java.util.List;\r\n import java.util.Vector;\r\n \r\n+import netscape.javascript.JSObject;\r\n+\r\n import ar.gob.onti.firmador.exception.MozillaNotFoundException;\r\n import ar.gob.onti.firmador.util.Util;\r\n+import ar.gob.onti.firmador.view.JSCommands;\r\n \r\n /**\r\n  * clase que modeliza el acceso a la keystore de firefox\r\n@@ -135,45 +138,52 @@ public class Mozilla {\n 		if(System.getProperty(\"os.name\").contains(\"inux\") || System.getProperty(\"os.name\").contains(\"SunOS\") || \r\n 				System.getProperty(\"os.name\").contains(\"olaris\")){\r\n 			System.out.println(\"[Mozilla]::Buscando la carpeta con las libreras de Mozilla en Linux/Unix\");\r\n-			if (new File(\"/lib/libsoftokn3.so\").exists()) {\r\n-				System.out.println(\"[Mozilla]::Se ha encontrado la carpeta con las libreras de Mozilla Firefox en Linux/Unix: /lib\");\r\n-				return new File(\"/lib\");\r\n-			}\r\n-			if (new File(\"/usr/lib/libsoftokn3.so\").exists()) {\r\n-				System.out.println(\"[Mozilla]::Se ha encontrado la carpeta con las libreras de Mozilla Firefox en Linux/Unix: /usr/lib\");\r\n-				return new File(\"/usr/lib\");\r\n-			}\r\n-			if (new File(\"/usr/lib/firefox/libsoftokn3.so\").exists()) {\r\n-				System.out.println(\"[Mozilla]::Se ha encontrado la carpeta con las libreras de Mozilla Firefox en Linux/Unix: /usr/lib/firefox\");\r\n-				return new File(\"/usr/lib/firefox\");\r\n-			}\r\n-			if (new File(\"/usr/lib/mozilla/libsoftokn3.so\").exists()) {\r\n-				System.out.println(\"[Mozilla]::Se ha encontrado la carpeta con las libreras de Mozilla Firefox en Linux/Unix: /usr/lib/mozilla\");\r\n-				return new File(\"/usr/lib/mozilla\");\r\n-			}\r\n-			if (new File(\"/usr/lib/nss/libsoftokn3.so\").exists()) {\r\n-				System.out.println(\"[Mozilla]::Se ha encontrado la carpeta con las libreras de Mozilla Firefox en Linux/Unix: /usr/lib/nss\");\r\n-				return new File(\"/usr/lib/nss\");\r\n-			}\r\n-			if (new File(\"/lib64/libsoftokn3.so\").exists()) {\r\n-				System.out.println(\"[Mozilla]::Se ha encontrado la carpeta con las libreras de Mozilla Firefox en Linux/Unix: /lib64\");\r\n-				return new File(\"/lib64\");\r\n-			}\r\n-			if (new File(\"/usr/lib64/libsoftokn3.so\").exists()) {\r\n-				System.out.println(\"[Mozilla]::Se ha encontrado la carpeta con las libreras de Mozilla Firefox en Linux/Unix: /usr/lib64\");\r\n-				return new File(\"/usr/lib64\");\r\n-			}\r\n-			if (new File(\"/usr/lib64/firefox/libsoftokn3.so\").exists()) {\r\n-				System.out.println(\"[Mozilla]::Se ha encontrado la carpeta con las libreras de Mozilla Firefox en Linux/Unix: /usr/lib64/firefox\");\r\n-				return new File(\"/usr/lib64/firefox\");\r\n-			}\r\n-			if (new File(\"/usr/lib64/mozilla/libsoftokn3.so\").exists()) {\r\n-				System.out.println(\"[Mozilla]::Se ha encontrado la carpeta con las libreras de Mozilla Firefox en Linux/Unix: /usr/lib64/mozilla\");\r\n-				return new File(\"/usr/lib64/mozilla\");\r\n-			}\r\n-			if (new File(\"/usr/lib64/nss/libsoftokn3.so\").exists()) {\r\n-				System.out.println(\"[Mozilla]::Se ha encontrado la carpeta con las libreras de Mozilla Firefox en Linux/Unix: /usr/lib64/nss\");\r\n-				return new File(\"/usr/lib64/nss\");\r\n+\r\n+			JSObject document = (JSObject) JSCommands.getWindow().getMember(\"navigator\");\r\n+			String userAgent = ((String) document.getMember(\"userAgent\")).toLowerCase();\r\n+\r\n+			if (userAgent.contains(\"x86_64\")) {\r\n+				if (new File(\"/lib64/libsoftokn3.so\").exists()) {\r\n+					System.out.println(\"[Mozilla]::Se ha encontrado la carpeta con las libreras de Mozilla Firefox en Linux/Unix: /lib64\");\r\n+					return new File(\"/lib64\");\r\n+				}\r\n+				if (new File(\"/usr/lib64/libsoftokn3.so\").exists()) {\r\n+					System.out.println(\"[Mozilla]::Se ha encontrado la carpeta con las libreras de Mozilla Firefox en Linux/Unix: /usr/lib64\");\r\n+					return new File(\"/usr/lib64\");\r\n+				}\r\n+				if (new File(\"/usr/lib64/firefox/libsoftokn3.so\").exists()) {\r\n+					System.out.println(\"[Mozilla]::Se ha encontrado la carpeta con las libreras de Mozilla Firefox en Linux/Unix: /usr/lib64/firefox\");\r\n+					return new File(\"/usr/lib64/firefox\");\r\n+				}\r\n+				if (new File(\"/usr/lib64/mozilla/libsoftokn3.so\").exists()) {\r\n+					System.out.println(\"[Mozilla]::Se ha encontrado la carpeta con las libreras de Mozilla Firefox en Linux/Unix: /usr/lib64/mozilla\");\r\n+					return new File(\"/usr/lib64/mozilla\");\r\n+				}\r\n+				if (new File(\"/usr/lib64/nss/libsoftokn3.so\").exists()) {\r\n+					System.out.println(\"[Mozilla]::Se ha encontrado la carpeta con las libreras de Mozilla Firefox en Linux/Unix: /usr/lib64/nss\");\r\n+					return new File(\"/usr/lib64/nss\");\r\n+				}				\r\n+			} else {\r\n+				if (new File(\"/lib/libsoftokn3.so\").exists()) {\r\n+					System.out.println(\"[Mozilla]::Se ha encontrado la carpeta con las libreras de Mozilla Firefox en Linux/Unix: /lib\");\r\n+					return new File(\"/lib\");\r\n+				}\r\n+				if (new File(\"/usr/lib/libsoftokn3.so\").exists()) {\r\n+					System.out.println(\"[Mozilla]::Se ha encontrado la carpeta con las libreras de Mozilla Firefox en Linux/Unix: /usr/lib\");\r\n+					return new File(\"/usr/lib\");\r\n+				}\r\n+				if (new File(\"/usr/lib/firefox/libsoftokn3.so\").exists()) {\r\n+					System.out.println(\"[Mozilla]::Se ha encontrado la carpeta con las libreras de Mozilla Firefox en Linux/Unix: /usr/lib/firefox\");\r\n+					return new File(\"/usr/lib/firefox\");\r\n+				}\r\n+				if (new File(\"/usr/lib/mozilla/libsoftokn3.so\").exists()) {\r\n+					System.out.println(\"[Mozilla]::Se ha encontrado la carpeta con las libreras de Mozilla Firefox en Linux/Unix: /usr/lib/mozilla\");\r\n+					return new File(\"/usr/lib/mozilla\");\r\n+				}\r\n+				if (new File(\"/usr/lib/nss/libsoftokn3.so\").exists()) {\r\n+					System.out.println(\"[Mozilla]::Se ha encontrado la carpeta con las libreras de Mozilla Firefox en Linux/Unix: /usr/lib/nss\");\r\n+					return new File(\"/usr/lib/nss\");\r\n+				}				\r\n 			}\r\n 		}\r\n 		\r\ndiff --git a/app/src/ar/gob/onti/firmador/model/PropsConfig.java b/app/src/ar/gob/onti/firmador/model/PropsConfig.java\nindex 4e0d2b9..75c2cfb 100644\n--- a/app/src/ar/gob/onti/firmador/model/PropsConfig.java\n+++ b/app/src/ar/gob/onti/firmador/model/PropsConfig.java\n@@ -23,6 +23,7 @@ public final class PropsConfig {\n 	private static PropsConfig instance=null;\r\n 	private ResourceBundle myProps=null;\r\n 	private String nombreArchivo=\"\";\r\n+	private String nombreArchivoTemporal=\"\";\r\n 	private boolean visible;\r\n     // Directorio en cliente\r\n 	private Logger 		appLogFile;\r\n@@ -83,6 +84,14 @@ public final class PropsConfig {\n 		this.nombreArchivo = nombreArchivo;\r\n 	}\r\n \r\n+	public void setNombreArchivoTemporal(String nombreArchivoTemporal) {\r\n+		this.nombreArchivoTemporal = nombreArchivoTemporal;\r\n+	}\r\n+\r\n+	public String getNombreArchivoTemporal() {\r\n+		return nombreArchivoTemporal;\r\n+	}\r\n+\r\n 	public String getUserName() {\r\n 		return usuario;\r\n 	}\r\ndiff --git a/app/src/ar/gob/onti/firmador/view/FirmaApplet.java b/app/src/ar/gob/onti/firmador/view/FirmaApplet.java\nindex 54eb289..186df2e 100644\n--- a/app/src/ar/gob/onti/firmador/view/FirmaApplet.java\n+++ b/app/src/ar/gob/onti/firmador/view/FirmaApplet.java\n@@ -47,6 +47,7 @@ public class FirmaApplet extends JApplet{\n 	private static final long serialVersionUID = 1L;\n 	public static final String IEXPLORER = \"IEXPLORER\";\n 	public static final String FIREFOX = \"FIREFOX\";\n+	public static final String CHROME_LINUX = \"CHROME_LINUX\";\n 	public static final String LINUX_MAC = \"LINUX_MAC\";\n 	\n 	/**\n@@ -111,8 +112,8 @@ public class FirmaApplet extends JApplet{\n 				JSObject document = (JSObject) JSCommands.getWindow().getMember(\"navigator\");\n 	\n 				String userAgent = ((String) document.getMember(\"userAgent\")).toLowerCase();\n-				//System.out.println(\"userAgent: \" + userAgent);\n-				//System.out.println(\"os.name: \" + System.getProperty(\"os.name\"));\n+				System.out.println(\"userAgent: \" + userAgent);\n+				System.out.println(\"os.name: \" + System.getProperty(\"os.name\"));\n 				\n 				if (System.getProperty(\"os.name\").toLowerCase().contains(\"linux\") || \n 						System.getProperty(\"os.name\").toLowerCase().contains(\"sunos\") || \n@@ -124,8 +125,10 @@ public class FirmaApplet extends JApplet{\n 					{\n 						browser=FIREFOX;\n 					}\n-					else  \n+					else if (userAgent.indexOf(\"chrome\") > -1) \n 					{\n+						browser=CHROME_LINUX;						 \n+					} else {\n 						browser=LINUX_MAC;\n 					}\n 				} \n','firmador-digital','2013-02-10 02:38:58','2013-02-10 02:38:58'),(8364,'\'/opt/redmine-1.4/vendor/plugins/redmine_git_hosting/bin/run_git_as_git_user\' \'--git-dir\' \'repositories/cluster-innovacion/firma-digital/firmador-digital.git\' \'diff\' \'--no-color\' \'6df9d8d73180292e8eb4af9dc27ec9b7328821d3\' \'c6a9d205efe718b2b6f27f2dd5ca470569194168\' \'--\' \'app/src/ar/gob/onti\'','diff --git a/app/src/ar/gob/onti/firmador/controler/FileSystem.java b/app/src/ar/gob/onti/firmador/controler/FileSystem.java\nindex 324d5f5..d1d53ad 100644\n--- a/app/src/ar/gob/onti/firmador/controler/FileSystem.java\n+++ b/app/src/ar/gob/onti/firmador/controler/FileSystem.java\n@@ -44,13 +44,12 @@ public final class FileSystem {\n 			return true;\r\n 		} \r\n 		//Se asegura que no este protegido contra escritura\r\n-		if (!fileDel.canWrite()) {\r\n-			throw new IllegalArgumentException(\"MainWindow.deleteFile():\"+( PropsConfig.getInstance().getString(\"errorArchivoProtegido\") )+\" (\" + path + \")\" );\r\n+		if (fileDel.canWrite()) {\r\n+			retValue = fileDel.delete();\r\n+			if (!retValue) {\r\n+				throw new IllegalArgumentException(\"MainWindow.deleteFile(): \"+PropsConfig.getInstance().getString(\"errorFalloBorrado\")+\"\");\r\n+			}\r\n 		} \r\n-		retValue = fileDel.delete();\r\n-		if (!retValue) {\r\n-			throw new IllegalArgumentException(\"MainWindow.deleteFile(): \"+PropsConfig.getInstance().getString(\"errorFalloBorrado\")+\"\");\r\n-		}\r\n 		return retValue;\r\n 	}\r\n 	/**\r\ndiff --git a/app/src/ar/gob/onti/firmador/controler/FirmaControler.java b/app/src/ar/gob/onti/firmador/controler/FirmaControler.java\nindex d3ee718..9356c04 100644\n--- a/app/src/ar/gob/onti/firmador/controler/FirmaControler.java\n+++ b/app/src/ar/gob/onti/firmador/controler/FirmaControler.java\n@@ -12,6 +12,7 @@ import java.io.UnsupportedEncodingException;\n import java.net.URLEncoder;\r\n import java.nio.channels.FileChannel;\r\n import java.security.KeyStoreException;\r\n+import java.util.UUID;\r\n \r\n import javax.swing.Icon;\r\n import javax.swing.ImageIcon;\r\n@@ -104,13 +105,13 @@ public class FirmaControler {\n 			return ;\r\n 		}\r\n 		try {\r\n-			if (firmarDocumentoPdf(container) && FileSystem.getInstance().borrarArchivo(mainWindow.getArchivoParaFirmar().getPath()) ) {\r\n+			if (firmarDocumentoPdf(container)) {\r\n 					mainWindow.setArchivoParaFirmar(null);\r\n 					mainWindow.setCtrls(\"firmaDocOk\");\r\n-				\r\n+					FileSystem.getInstance().borrarArchivo(mainWindow.getArchivoParaFirmar().getPath()); \r\n 			}\r\n-		} catch (IOException e) {\r\n-			mostrarMensajesError(container,myProps.getString(\"errorEliminandoSinFirmar\"), e);\r\n+		} catch (Exception e) {\r\n+			//mostrarMensajesError(container,myProps.getString(\"errorEliminandoSinFirmar\"), e);\r\n 		}\r\n 	}\r\n 	/**\r\n@@ -332,12 +333,8 @@ public class FirmaControler {\n 				nuevaURL = nuevaURL + \"?idDominio=\" + this.mainWindow.getObjetoDominio() + \"&tipoDeArchivo=\" + this.mainWindow.getTipoArchivo();			\r\n 			}\r\n 			\r\n-			if(mainWindow.getSignProps().getNombreArchivo()!=null){\r\n-				//nuevaURL+=\"&codigo=\" + URLEncoder.encode(mainWindow.getCodigo(),\"iso-8859-1\");\r\n-				fileDown.setLocalFileName(mainWindow.getSignProps().getNombreArchivo());\r\n-			}else{\r\n-				fileDown.setLocalFileName(fileDown.getNombreArchivo(nuevaURL));\r\n-			}\r\n+			mainWindow.getSignProps().setNombreArchivoTemporal(UUID.randomUUID().toString() + \".pdf\");\r\n+			fileDown.setLocalFileName(mainWindow.getSignProps().getNombreArchivoTemporal());\r\n 		//} catch (UnsupportedEncodingException e) {\r\n 			//	mostrarMensajesError(container, myProps.getString(\"errorUrl\"), e);\r\n 			//}\r\ndiff --git a/app/src/ar/gob/onti/firmador/controler/PdfControler.java b/app/src/ar/gob/onti/firmador/controler/PdfControler.java\nindex d29ce3d..1306d18 100644\n--- a/app/src/ar/gob/onti/firmador/controler/PdfControler.java\n+++ b/app/src/ar/gob/onti/firmador/controler/PdfControler.java\n@@ -45,6 +45,7 @@ import ar.gob.onti.firmador.controler.conection.HttpFileDownLoader;\n import ar.gob.onti.firmador.exception.MozillaKeyStoreException;\r\n import ar.gob.onti.firmador.model.AppleSafari;\r\n import ar.gob.onti.firmador.model.CRLInfo;\r\n+import ar.gob.onti.firmador.model.ChromeLinux;\r\n import ar.gob.onti.firmador.model.Mozilla;\r\n import ar.gob.onti.firmador.model.PropsConfig;\r\n import ar.gob.onti.firmador.model.Proxy;\r\n@@ -467,6 +468,20 @@ public class PdfControler {\n \r\n 		return mzFirefox.getPKCS11CfgInputStream();\r\n 	}\r\n+	private String cargarConfiguracionProviderChromeLinux() throws FileNotFoundException {\r\n+		ChromeLinux mzChromeLinux = new ChromeLinux();\r\n+		signError +=PropsConfig.getInstance().getString(\"errorAlmacenChromeLinux\");\r\n+\r\n+		//-- Cargar las libreras de Chrome (slo para Linux)\r\n+		try {\r\n+			mzChromeLinux.loadChromeLibraries();\r\n+		} catch (Throwable e) {\r\n+			System.out.println(\"[ChromeLinuxKeyStoreManager.initKeystores]::No se han podido cargar las libreras para Chrome \" + e.getMessage());\r\n+			//throw new MozillaKeyStoreException(\"No se han podido cargar las libreras para Mozilla Firefox\", e);\r\n+		}\r\n+\r\n+		return mzChromeLinux.getPKCS11CfgInputStream();\r\n+	}\r\n 	private void cargarConfiguracionProviderLinuxMac() {\r\n 		AppleSafari appleSafari = new AppleSafari();\r\n 		this.keyStore = appleSafari.initialize();\r\n@@ -513,6 +528,13 @@ public class PdfControler {\n 				cargarKeyStorePKSC11(cfgProvider);\r\n 				return(true);\r\n 			}\r\n+			if (this.signProps.getBrowser().equalsIgnoreCase(\"CHROME_LINUX\")) {\r\n+				errOpera = \"cargarConfiguracionProviderChromeLinux\";\r\n+				cfgProvider =cargarConfiguracionProviderChromeLinux();\r\n+				errOpera = \"cargarKeyStorePKSC11\";\r\n+				cargarKeyStorePKSC11(cfgProvider);\r\n+				return(true);\r\n+			}\r\n 			if (this.signProps.getBrowser().equalsIgnoreCase(\"LINUX_MAC\")) {\r\n 				errOpera = \"cargarConfiguracionProviderLinuxMac\";\r\n 				cargarConfiguracionProviderLinuxMac();\r\ndiff --git a/app/src/ar/gob/onti/firmador/controler/conection/HttpFileUploader.java b/app/src/ar/gob/onti/firmador/controler/conection/HttpFileUploader.java\nindex f6b966a..6347f15 100644\n--- a/app/src/ar/gob/onti/firmador/controler/conection/HttpFileUploader.java\n+++ b/app/src/ar/gob/onti/firmador/controler/conection/HttpFileUploader.java\n@@ -186,7 +186,8 @@ public class HttpFileUploader extends HttpFileConnection {\n 	        String responseString = new String(response, \"UTF-8\");\r\n 	        post.releaseConnection();\r\n 	        \r\n-			if (responseString.equalsIgnoreCase(\"El archivo se subi correctamente\") || responseString.equalsIgnoreCase(\"El archivo del usuario: \" + myProps.getUserName() + \" se subi correctamente\")) {\r\n+	        \r\n+			if (post.getStatusCode() == 200) {\r\n 				return true;\r\n 			} else {		\r\n 				errorBuffer+=\"Error de recepcin en el server :\" +responseString;\r\ndiff --git a/app/src/ar/gob/onti/firmador/exception/ChromeKeyStoreException.java b/app/src/ar/gob/onti/firmador/exception/ChromeKeyStoreException.java\nnew file mode 100644\nindex 0000000..dcc025c\n--- /dev/null\n+++ b/app/src/ar/gob/onti/firmador/exception/ChromeKeyStoreException.java\n@@ -0,0 +1,48 @@\n+/**\r\n+* LICENCIA LGPL:\r\n+*\r\n+* Esta librera es Software Libre; Usted puede redistribuirla y/o modificarla\r\n+* bajo los trminos de la GNU Lesser General Public License (LGPL) tal y como\r\n+* ha sido publicada por la Free Software Foundation; o bien la versin 2.1 de\r\n+* la Licencia, o (a su eleccin) cualquier versin posterior.\r\n+*\r\n+* Esta librera se distribuye con la esperanza de que sea til, pero SIN\r\n+* NINGUNA GARANTA; tampoco las implcitas garantas de MERCANTILIDAD o\r\n+* ADECUACIN A UN PROPSITO PARTICULAR. Consulte la GNU Lesser General Public\r\n+* License (LGPL) para ms detalles\r\n+*\r\n+* Usted debe recibir una copia de la GNU Lesser General Public License (LGPL)\r\n+* junto con esta librera; si no es as, escriba a la Free Software Foundation\r\n+* Inc. 51 Franklin Street, 5 Piso, Boston, MA 02110-1301, USA o consulte\r\n+* <http://www.gnu.org/licenses/>.\r\n+*\r\n+* Copyright 2011 Agencia de Tecnologa y Certificacin Electrnica\r\n+*/\r\n+package ar.gob.onti.firmador.exception;\r\n+\r\n+/**\r\n+* No se puede acceder al almacn de claves del usuario.\r\n+*\r\n+* @author <a href=\"mailto:jgutierrez@accv.es\">Jos M Gutirrez</a>\r\n+*/\r\n+public class ChromeKeyStoreException extends Exception {\r\n+\r\n+	private static final long serialVersionUID = 1L;\r\n+\r\n+	public ChromeKeyStoreException() {\r\n+		super();\r\n+	}\r\n+\r\n+	public ChromeKeyStoreException(String message, Throwable cause) {\r\n+		super(message, cause);\r\n+	}\r\n+\r\n+	public ChromeKeyStoreException(String message) {\r\n+		super(message);\r\n+	}\r\n+\r\n+	public ChromeKeyStoreException(Throwable cause) {\r\n+		super(cause);\r\n+	}\r\n+\r\n+}\r\ndiff --git a/app/src/ar/gob/onti/firmador/exception/ChromeNotFoundException.java b/app/src/ar/gob/onti/firmador/exception/ChromeNotFoundException.java\nnew file mode 100644\nindex 0000000..a9a1122\n--- /dev/null\n+++ b/app/src/ar/gob/onti/firmador/exception/ChromeNotFoundException.java\n@@ -0,0 +1,49 @@\n+/**\r\n+* LICENCIA LGPL:\r\n+*\r\n+* Esta librera es Software Libre; Usted puede redistribuirla y/o modificarla\r\n+* bajo los trminos de la GNU Lesser General Public License (LGPL) tal y como\r\n+* ha sido publicada por la Free Software Foundation; o bien la versin 2.1 de\r\n+* la Licencia, o (a su eleccin) cualquier versin posterior.\r\n+*\r\n+* Esta librera se distribuye con la esperanza de que sea til, pero SIN\r\n+* NINGUNA GARANTA; tampoco las implcitas garantas de MERCANTILIDAD o\r\n+* ADECUACIN A UN PROPSITO PARTICULAR. Consulte la GNU Lesser General Public\r\n+* License (LGPL) para ms detalles\r\n+*\r\n+* Usted debe recibir una copia de la GNU Lesser General Public License (LGPL)\r\n+* junto con esta librera; si no es as, escriba a la Free Software Foundation\r\n+* Inc. 51 Franklin Street, 5 Piso, Boston, MA 02110-1301, USA o consulte\r\n+* <http://www.gnu.org/licenses/>.\r\n+*\r\n+* Copyright 2011 Agencia de Tecnologa y Certificacin Electrnica\r\n+*/\r\n+package ar.gob.onti.firmador.exception;\r\n+\r\n+/**\r\n+* No se ha podido encontrar la carpeta de instalacin de Mozilla o la carpeta con\r\n+* el perfil del usuario.\r\n+*\r\n+* @author <a href=\"mailto:jgutierrez@accv.es\">Jos M Gutirrez</a>\r\n+*/\r\n+public class ChromeNotFoundException extends Exception {\r\n+\r\n+	private static final long serialVersionUID = 1L;\r\n+\r\n+	public ChromeNotFoundException() {\r\n+		super();\r\n+	}\r\n+\r\n+	public ChromeNotFoundException(String message, Throwable cause) {\r\n+		super(message, cause);\r\n+	}\r\n+\r\n+	public ChromeNotFoundException(String message) {\r\n+		super(message);\r\n+	}\r\n+\r\n+	public ChromeNotFoundException(Throwable cause) {\r\n+		super(cause);\r\n+	}\r\n+\r\n+}\n\\ No newline at end of file\ndiff --git a/app/src/ar/gob/onti/firmador/model/ChromeLinux.java b/app/src/ar/gob/onti/firmador/model/ChromeLinux.java\nnew file mode 100644\nindex 0000000..02bb9fb\n--- /dev/null\n+++ b/app/src/ar/gob/onti/firmador/model/ChromeLinux.java\n@@ -0,0 +1,130 @@\n+/**\r\n+* LICENCIA LGPL:\r\n+* \r\n+* Esta librera es Software Libre; Usted puede redistribuirla y/o modificarla\r\n+* bajo los trminos de la GNU Lesser General Public License (LGPL) tal y como \r\n+* ha sido publicada por la Free Software Foundation; o bien la versin 2.1 de \r\n+* la Licencia, o (a su eleccin) cualquier versin posterior.\r\n+* \r\n+* Esta librera se distribuye con la esperanza de que sea til, pero SIN \r\n+* NINGUNA GARANTA; tampoco las implcitas garantas de MERCANTILIDAD o \r\n+* ADECUACIN A UN PROPSITO PARTICULAR. Consulte la GNU Lesser General Public \r\n+* License (LGPL) para ms detalles\r\n+* \r\n+* Usted debe recibir una copia de la GNU Lesser General Public License (LGPL) \r\n+* junto con esta librera; si no es as, escriba a la Free Software Foundation \r\n+* Inc. 51 Franklin Street, 5 Piso, Boston, MA 02110-1301, USA o consulte\r\n+* <http://www.gnu.org/licenses/>.\r\n+*\r\n+* Copyright 2011 Agencia de Tecnologa y Certificacin Electrnica\r\n+*/\r\n+\r\n+package ar.gob.onti.firmador.model;\r\n+/*\r\n+ * ChromeLinux.java\r\n+ * author: mpin\r\n+ * owner : ONTI\r\n+ */\r\n+import java.io.BufferedReader;\r\n+import java.io.File;\r\n+import java.io.FileNotFoundException;\r\n+import java.io.FileReader;\r\n+\r\n+import netscape.javascript.JSObject;\r\n+\r\n+import ar.gob.onti.firmador.exception.ChromeNotFoundException;\r\n+import ar.gob.onti.firmador.view.JSCommands;\r\n+\r\n+/**\r\n+ * clase que modeliza el acceso a la keystore de firefox\r\n+ * @author ocaceres\r\n+ *\r\n+ */\r\n+public class ChromeLinux {\r\n+	/*\r\n+	 * Nombre del provider\r\n+	 */\r\n+	String PROVIDER_NAME = \"NSS\";\r\n+\r\n+	public ChromeLinux()  {\r\n+		RegQuery rq = new RegQuery();\r\n+		String userAppDataDir = rq.getCurrentUserPath();\r\n+	}\r\n+\r\n+	/**\r\n+	 * Obtiene la ruta a la carpeta donde se encuentra instalado ChromeLinux\r\n+	 * \r\n+	 * @return Ruta a la carpeta donde se encuentra instalado ChromeLinux\r\n+	 * @throws MozillaNotFoundException No se ha encontrado una instalacin de Mozilla\r\n+	 */\r\n+	public File getChromeFolder() throws ChromeNotFoundException {\r\n+		//-- Si el SO es Linux / Unix ...\r\n+		if(System.getProperty(\"os.name\").contains(\"inux\") || System.getProperty(\"os.name\").contains(\"SunOS\") || \r\n+				System.getProperty(\"os.name\").contains(\"olaris\")){\r\n+			System.out.println(\"[ChromeLinux]::Buscando la carpeta con las libreras de Mozilla en Linux/Unix\");\r\n+\r\n+			JSObject document = (JSObject) JSCommands.getWindow().getMember(\"navigator\");\r\n+			String userAgent = ((String) document.getMember(\"userAgent\")).toLowerCase();\r\n+\r\n+			if (new File(\"/opt/google/chrome/libnss3.so.ld\").exists()) {\r\n+				System.out.println(\"[ChromeLinux]::Se ha encontrado la carpeta con las libreras de Google Chrome en Linux/Unix: /opt/google/chrome\");\r\n+				return new File(\"/opt/google/chrome\");\r\n+			}\r\n+		}\r\n+		\r\n+		System.out.println(\"[ChromeLinux]::No se ha podido obtener la carpeta de instalacin de Mozilla Firefox\");\r\n+		throw new ChromeNotFoundException(\"No se ha podido obtener la carpeta de instalacin de Mozilla Firefox\");\r\n+	}\r\n+\r\n+	public void loadChromeLibraries() throws Throwable {\r\n+		//File chromeFolder= this.getChromeFolder();\r\n+	}\r\n+	\r\n+	/**\r\n+	* Obtiene el nombre de la librera del provider NSS dependiendo del SO\r\n+	* \r\n+	* @return Nombre de la librera del provider NSS\r\n+	*/\r\n+	public String getChromeNSSLibraryName () {\r\n+			String nssLib = \"libnss3.so.ld\";\r\n+			return nssLib;\r\n+	}\r\n+\r\n+	public String getPKCS11CfgInputStream() throws FileNotFoundException {\r\n+		String line = null;\r\n+		String providerConfig = \"\";\r\n+		File regFile = new File(new File (System.getProperty(\"user.home\")), \"/.pki/nssdb/pkcs11.txt\");\r\n+		BufferedReader in = new BufferedReader(new FileReader(regFile));\r\n+\r\n+		try {\r\n+			while ((line = in.readLine()) != null) {\r\n+				if (!line.isEmpty()) {\r\n+					providerConfig += line + \"\\r\";\r\n+				}\r\n+			}\r\n+		} catch (Exception e) {\r\n+			System.out.println(\"Ocurrio un error al leer la configuracion de los perfiles de Firefox: \" + e);\r\n+		} finally {\r\n+			try { in.close(); } catch (Exception e) {}\r\n+		}\r\n+		\r\n+		if (providerConfig.length() >= 2) {\r\n+			providerConfig = providerConfig.substring(0, providerConfig.length() - 1);\r\n+		}\r\n+		\r\n+		System.out.println(\"providerConfig: \" + providerConfig);\r\n+		return providerConfig;\r\n+	}\r\n+	\r\n+	public String getApplicationPath() {\r\n+		try {\r\n+			File chromeFolder = this.getChromeFolder();\r\n+			return chromeFolder.getAbsolutePath();\r\n+		} catch (ChromeNotFoundException e) {\r\n+			// TODO Auto-generated catch block\r\n+			return null;\r\n+		}\r\n+		\r\n+	}\r\n+}\r\n+\r\ndiff --git a/app/src/ar/gob/onti/firmador/model/Mozilla.java b/app/src/ar/gob/onti/firmador/model/Mozilla.java\nindex 18f8992..ea9ca43 100644\n--- a/app/src/ar/gob/onti/firmador/model/Mozilla.java\n+++ b/app/src/ar/gob/onti/firmador/model/Mozilla.java\n@@ -35,8 +35,11 @@ import java.util.Iterator;\n import java.util.List;\r\n import java.util.Vector;\r\n \r\n+import netscape.javascript.JSObject;\r\n+\r\n import ar.gob.onti.firmador.exception.MozillaNotFoundException;\r\n import ar.gob.onti.firmador.util.Util;\r\n+import ar.gob.onti.firmador.view.JSCommands;\r\n \r\n /**\r\n  * clase que modeliza el acceso a la keystore de firefox\r\n@@ -135,45 +138,52 @@ public class Mozilla {\n 		if(System.getProperty(\"os.name\").contains(\"inux\") || System.getProperty(\"os.name\").contains(\"SunOS\") || \r\n 				System.getProperty(\"os.name\").contains(\"olaris\")){\r\n 			System.out.println(\"[Mozilla]::Buscando la carpeta con las libreras de Mozilla en Linux/Unix\");\r\n-			if (new File(\"/lib/libsoftokn3.so\").exists()) {\r\n-				System.out.println(\"[Mozilla]::Se ha encontrado la carpeta con las libreras de Mozilla Firefox en Linux/Unix: /lib\");\r\n-				return new File(\"/lib\");\r\n-			}\r\n-			if (new File(\"/usr/lib/libsoftokn3.so\").exists()) {\r\n-				System.out.println(\"[Mozilla]::Se ha encontrado la carpeta con las libreras de Mozilla Firefox en Linux/Unix: /usr/lib\");\r\n-				return new File(\"/usr/lib\");\r\n-			}\r\n-			if (new File(\"/usr/lib/firefox/libsoftokn3.so\").exists()) {\r\n-				System.out.println(\"[Mozilla]::Se ha encontrado la carpeta con las libreras de Mozilla Firefox en Linux/Unix: /usr/lib/firefox\");\r\n-				return new File(\"/usr/lib/firefox\");\r\n-			}\r\n-			if (new File(\"/usr/lib/mozilla/libsoftokn3.so\").exists()) {\r\n-				System.out.println(\"[Mozilla]::Se ha encontrado la carpeta con las libreras de Mozilla Firefox en Linux/Unix: /usr/lib/mozilla\");\r\n-				return new File(\"/usr/lib/mozilla\");\r\n-			}\r\n-			if (new File(\"/usr/lib/nss/libsoftokn3.so\").exists()) {\r\n-				System.out.println(\"[Mozilla]::Se ha encontrado la carpeta con las libreras de Mozilla Firefox en Linux/Unix: /usr/lib/nss\");\r\n-				return new File(\"/usr/lib/nss\");\r\n-			}\r\n-			if (new File(\"/lib64/libsoftokn3.so\").exists()) {\r\n-				System.out.println(\"[Mozilla]::Se ha encontrado la carpeta con las libreras de Mozilla Firefox en Linux/Unix: /lib64\");\r\n-				return new File(\"/lib64\");\r\n-			}\r\n-			if (new File(\"/usr/lib64/libsoftokn3.so\").exists()) {\r\n-				System.out.println(\"[Mozilla]::Se ha encontrado la carpeta con las libreras de Mozilla Firefox en Linux/Unix: /usr/lib64\");\r\n-				return new File(\"/usr/lib64\");\r\n-			}\r\n-			if (new File(\"/usr/lib64/firefox/libsoftokn3.so\").exists()) {\r\n-				System.out.println(\"[Mozilla]::Se ha encontrado la carpeta con las libreras de Mozilla Firefox en Linux/Unix: /usr/lib64/firefox\");\r\n-				return new File(\"/usr/lib64/firefox\");\r\n-			}\r\n-			if (new File(\"/usr/lib64/mozilla/libsoftokn3.so\").exists()) {\r\n-				System.out.println(\"[Mozilla]::Se ha encontrado la carpeta con las libreras de Mozilla Firefox en Linux/Unix: /usr/lib64/mozilla\");\r\n-				return new File(\"/usr/lib64/mozilla\");\r\n-			}\r\n-			if (new File(\"/usr/lib64/nss/libsoftokn3.so\").exists()) {\r\n-				System.out.println(\"[Mozilla]::Se ha encontrado la carpeta con las libreras de Mozilla Firefox en Linux/Unix: /usr/lib64/nss\");\r\n-				return new File(\"/usr/lib64/nss\");\r\n+\r\n+			JSObject document = (JSObject) JSCommands.getWindow().getMember(\"navigator\");\r\n+			String userAgent = ((String) document.getMember(\"userAgent\")).toLowerCase();\r\n+\r\n+			if (userAgent.contains(\"x86_64\")) {\r\n+				if (new File(\"/lib64/libsoftokn3.so\").exists()) {\r\n+					System.out.println(\"[Mozilla]::Se ha encontrado la carpeta con las libreras de Mozilla Firefox en Linux/Unix: /lib64\");\r\n+					return new File(\"/lib64\");\r\n+				}\r\n+				if (new File(\"/usr/lib64/libsoftokn3.so\").exists()) {\r\n+					System.out.println(\"[Mozilla]::Se ha encontrado la carpeta con las libreras de Mozilla Firefox en Linux/Unix: /usr/lib64\");\r\n+					return new File(\"/usr/lib64\");\r\n+				}\r\n+				if (new File(\"/usr/lib64/firefox/libsoftokn3.so\").exists()) {\r\n+					System.out.println(\"[Mozilla]::Se ha encontrado la carpeta con las libreras de Mozilla Firefox en Linux/Unix: /usr/lib64/firefox\");\r\n+					return new File(\"/usr/lib64/firefox\");\r\n+				}\r\n+				if (new File(\"/usr/lib64/mozilla/libsoftokn3.so\").exists()) {\r\n+					System.out.println(\"[Mozilla]::Se ha encontrado la carpeta con las libreras de Mozilla Firefox en Linux/Unix: /usr/lib64/mozilla\");\r\n+					return new File(\"/usr/lib64/mozilla\");\r\n+				}\r\n+				if (new File(\"/usr/lib64/nss/libsoftokn3.so\").exists()) {\r\n+					System.out.println(\"[Mozilla]::Se ha encontrado la carpeta con las libreras de Mozilla Firefox en Linux/Unix: /usr/lib64/nss\");\r\n+					return new File(\"/usr/lib64/nss\");\r\n+				}				\r\n+			} else {\r\n+				if (new File(\"/lib/libsoftokn3.so\").exists()) {\r\n+					System.out.println(\"[Mozilla]::Se ha encontrado la carpeta con las libreras de Mozilla Firefox en Linux/Unix: /lib\");\r\n+					return new File(\"/lib\");\r\n+				}\r\n+				if (new File(\"/usr/lib/libsoftokn3.so\").exists()) {\r\n+					System.out.println(\"[Mozilla]::Se ha encontrado la carpeta con las libreras de Mozilla Firefox en Linux/Unix: /usr/lib\");\r\n+					return new File(\"/usr/lib\");\r\n+				}\r\n+				if (new File(\"/usr/lib/firefox/libsoftokn3.so\").exists()) {\r\n+					System.out.println(\"[Mozilla]::Se ha encontrado la carpeta con las libreras de Mozilla Firefox en Linux/Unix: /usr/lib/firefox\");\r\n+					return new File(\"/usr/lib/firefox\");\r\n+				}\r\n+				if (new File(\"/usr/lib/mozilla/libsoftokn3.so\").exists()) {\r\n+					System.out.println(\"[Mozilla]::Se ha encontrado la carpeta con las libreras de Mozilla Firefox en Linux/Unix: /usr/lib/mozilla\");\r\n+					return new File(\"/usr/lib/mozilla\");\r\n+				}\r\n+				if (new File(\"/usr/lib/nss/libsoftokn3.so\").exists()) {\r\n+					System.out.println(\"[Mozilla]::Se ha encontrado la carpeta con las libreras de Mozilla Firefox en Linux/Unix: /usr/lib/nss\");\r\n+					return new File(\"/usr/lib/nss\");\r\n+				}				\r\n 			}\r\n 		}\r\n 		\r\ndiff --git a/app/src/ar/gob/onti/firmador/model/PropsConfig.java b/app/src/ar/gob/onti/firmador/model/PropsConfig.java\nindex 4e0d2b9..75c2cfb 100644\n--- a/app/src/ar/gob/onti/firmador/model/PropsConfig.java\n+++ b/app/src/ar/gob/onti/firmador/model/PropsConfig.java\n@@ -23,6 +23,7 @@ public final class PropsConfig {\n 	private static PropsConfig instance=null;\r\n 	private ResourceBundle myProps=null;\r\n 	private String nombreArchivo=\"\";\r\n+	private String nombreArchivoTemporal=\"\";\r\n 	private boolean visible;\r\n     // Directorio en cliente\r\n 	private Logger 		appLogFile;\r\n@@ -83,6 +84,14 @@ public final class PropsConfig {\n 		this.nombreArchivo = nombreArchivo;\r\n 	}\r\n \r\n+	public void setNombreArchivoTemporal(String nombreArchivoTemporal) {\r\n+		this.nombreArchivoTemporal = nombreArchivoTemporal;\r\n+	}\r\n+\r\n+	public String getNombreArchivoTemporal() {\r\n+		return nombreArchivoTemporal;\r\n+	}\r\n+\r\n 	public String getUserName() {\r\n 		return usuario;\r\n 	}\r\ndiff --git a/app/src/ar/gob/onti/firmador/view/FirmaApplet.java b/app/src/ar/gob/onti/firmador/view/FirmaApplet.java\nindex 54eb289..186df2e 100644\n--- a/app/src/ar/gob/onti/firmador/view/FirmaApplet.java\n+++ b/app/src/ar/gob/onti/firmador/view/FirmaApplet.java\n@@ -47,6 +47,7 @@ public class FirmaApplet extends JApplet{\n 	private static final long serialVersionUID = 1L;\n 	public static final String IEXPLORER = \"IEXPLORER\";\n 	public static final String FIREFOX = \"FIREFOX\";\n+	public static final String CHROME_LINUX = \"CHROME_LINUX\";\n 	public static final String LINUX_MAC = \"LINUX_MAC\";\n 	\n 	/**\n@@ -111,8 +112,8 @@ public class FirmaApplet extends JApplet{\n 				JSObject document = (JSObject) JSCommands.getWindow().getMember(\"navigator\");\n 	\n 				String userAgent = ((String) document.getMember(\"userAgent\")).toLowerCase();\n-				//System.out.println(\"userAgent: \" + userAgent);\n-				//System.out.println(\"os.name: \" + System.getProperty(\"os.name\"));\n+				System.out.println(\"userAgent: \" + userAgent);\n+				System.out.println(\"os.name: \" + System.getProperty(\"os.name\"));\n 				\n 				if (System.getProperty(\"os.name\").toLowerCase().contains(\"linux\") || \n 						System.getProperty(\"os.name\").toLowerCase().contains(\"sunos\") || \n@@ -124,8 +125,10 @@ public class FirmaApplet extends JApplet{\n 					{\n 						browser=FIREFOX;\n 					}\n-					else  \n+					else if (userAgent.indexOf(\"chrome\") > -1) \n 					{\n+						browser=CHROME_LINUX;						 \n+					} else {\n 						browser=LINUX_MAC;\n 					}\n 				} \n','firmador-digital','2013-02-10 02:39:01','2013-02-10 02:39:01'),(8365,'\'/opt/redmine-1.4/vendor/plugins/redmine_git_hosting/bin/run_git_as_git_user\' \'--git-dir\' \'repositories/cluster-innovacion/firma-digital/firmador-digital.git\' \'diff\' \'--no-color\' \'6df9d8d73180292e8eb4af9dc27ec9b7328821d3\' \'c6a9d205efe718b2b6f27f2dd5ca470569194168\' \'--\' \'app/src/ar/gob/onti/firmador\'','diff --git a/app/src/ar/gob/onti/firmador/controler/FileSystem.java b/app/src/ar/gob/onti/firmador/controler/FileSystem.java\nindex 324d5f5..d1d53ad 100644\n--- a/app/src/ar/gob/onti/firmador/controler/FileSystem.java\n+++ b/app/src/ar/gob/onti/firmador/controler/FileSystem.java\n@@ -44,13 +44,12 @@ public final class FileSystem {\n 			return true;\r\n 		} \r\n 		//Se asegura que no este protegido contra escritura\r\n-		if (!fileDel.canWrite()) {\r\n-			throw new IllegalArgumentException(\"MainWindow.deleteFile():\"+( PropsConfig.getInstance().getString(\"errorArchivoProtegido\") )+\" (\" + path + \")\" );\r\n+		if (fileDel.canWrite()) {\r\n+			retValue = fileDel.delete();\r\n+			if (!retValue) {\r\n+				throw new IllegalArgumentException(\"MainWindow.deleteFile(): \"+PropsConfig.getInstance().getString(\"errorFalloBorrado\")+\"\");\r\n+			}\r\n 		} \r\n-		retValue = fileDel.delete();\r\n-		if (!retValue) {\r\n-			throw new IllegalArgumentException(\"MainWindow.deleteFile(): \"+PropsConfig.getInstance().getString(\"errorFalloBorrado\")+\"\");\r\n-		}\r\n 		return retValue;\r\n 	}\r\n 	/**\r\ndiff --git a/app/src/ar/gob/onti/firmador/controler/FirmaControler.java b/app/src/ar/gob/onti/firmador/controler/FirmaControler.java\nindex d3ee718..9356c04 100644\n--- a/app/src/ar/gob/onti/firmador/controler/FirmaControler.java\n+++ b/app/src/ar/gob/onti/firmador/controler/FirmaControler.java\n@@ -12,6 +12,7 @@ import java.io.UnsupportedEncodingException;\n import java.net.URLEncoder;\r\n import java.nio.channels.FileChannel;\r\n import java.security.KeyStoreException;\r\n+import java.util.UUID;\r\n \r\n import javax.swing.Icon;\r\n import javax.swing.ImageIcon;\r\n@@ -104,13 +105,13 @@ public class FirmaControler {\n 			return ;\r\n 		}\r\n 		try {\r\n-			if (firmarDocumentoPdf(container) && FileSystem.getInstance().borrarArchivo(mainWindow.getArchivoParaFirmar().getPath()) ) {\r\n+			if (firmarDocumentoPdf(container)) {\r\n 					mainWindow.setArchivoParaFirmar(null);\r\n 					mainWindow.setCtrls(\"firmaDocOk\");\r\n-				\r\n+					FileSystem.getInstance().borrarArchivo(mainWindow.getArchivoParaFirmar().getPath()); \r\n 			}\r\n-		} catch (IOException e) {\r\n-			mostrarMensajesError(container,myProps.getString(\"errorEliminandoSinFirmar\"), e);\r\n+		} catch (Exception e) {\r\n+			//mostrarMensajesError(container,myProps.getString(\"errorEliminandoSinFirmar\"), e);\r\n 		}\r\n 	}\r\n 	/**\r\n@@ -332,12 +333,8 @@ public class FirmaControler {\n 				nuevaURL = nuevaURL + \"?idDominio=\" + this.mainWindow.getObjetoDominio() + \"&tipoDeArchivo=\" + this.mainWindow.getTipoArchivo();			\r\n 			}\r\n 			\r\n-			if(mainWindow.getSignProps().getNombreArchivo()!=null){\r\n-				//nuevaURL+=\"&codigo=\" + URLEncoder.encode(mainWindow.getCodigo(),\"iso-8859-1\");\r\n-				fileDown.setLocalFileName(mainWindow.getSignProps().getNombreArchivo());\r\n-			}else{\r\n-				fileDown.setLocalFileName(fileDown.getNombreArchivo(nuevaURL));\r\n-			}\r\n+			mainWindow.getSignProps().setNombreArchivoTemporal(UUID.randomUUID().toString() + \".pdf\");\r\n+			fileDown.setLocalFileName(mainWindow.getSignProps().getNombreArchivoTemporal());\r\n 		//} catch (UnsupportedEncodingException e) {\r\n 			//	mostrarMensajesError(container, myProps.getString(\"errorUrl\"), e);\r\n 			//}\r\ndiff --git a/app/src/ar/gob/onti/firmador/controler/PdfControler.java b/app/src/ar/gob/onti/firmador/controler/PdfControler.java\nindex d29ce3d..1306d18 100644\n--- a/app/src/ar/gob/onti/firmador/controler/PdfControler.java\n+++ b/app/src/ar/gob/onti/firmador/controler/PdfControler.java\n@@ -45,6 +45,7 @@ import ar.gob.onti.firmador.controler.conection.HttpFileDownLoader;\n import ar.gob.onti.firmador.exception.MozillaKeyStoreException;\r\n import ar.gob.onti.firmador.model.AppleSafari;\r\n import ar.gob.onti.firmador.model.CRLInfo;\r\n+import ar.gob.onti.firmador.model.ChromeLinux;\r\n import ar.gob.onti.firmador.model.Mozilla;\r\n import ar.gob.onti.firmador.model.PropsConfig;\r\n import ar.gob.onti.firmador.model.Proxy;\r\n@@ -467,6 +468,20 @@ public class PdfControler {\n \r\n 		return mzFirefox.getPKCS11CfgInputStream();\r\n 	}\r\n+	private String cargarConfiguracionProviderChromeLinux() throws FileNotFoundException {\r\n+		ChromeLinux mzChromeLinux = new ChromeLinux();\r\n+		signError +=PropsConfig.getInstance().getString(\"errorAlmacenChromeLinux\");\r\n+\r\n+		//-- Cargar las libreras de Chrome (slo para Linux)\r\n+		try {\r\n+			mzChromeLinux.loadChromeLibraries();\r\n+		} catch (Throwable e) {\r\n+			System.out.println(\"[ChromeLinuxKeyStoreManager.initKeystores]::No se han podido cargar las libreras para Chrome \" + e.getMessage());\r\n+			//throw new MozillaKeyStoreException(\"No se han podido cargar las libreras para Mozilla Firefox\", e);\r\n+		}\r\n+\r\n+		return mzChromeLinux.getPKCS11CfgInputStream();\r\n+	}\r\n 	private void cargarConfiguracionProviderLinuxMac() {\r\n 		AppleSafari appleSafari = new AppleSafari();\r\n 		this.keyStore = appleSafari.initialize();\r\n@@ -513,6 +528,13 @@ public class PdfControler {\n 				cargarKeyStorePKSC11(cfgProvider);\r\n 				return(true);\r\n 			}\r\n+			if (this.signProps.getBrowser().equalsIgnoreCase(\"CHROME_LINUX\")) {\r\n+				errOpera = \"cargarConfiguracionProviderChromeLinux\";\r\n+				cfgProvider =cargarConfiguracionProviderChromeLinux();\r\n+				errOpera = \"cargarKeyStorePKSC11\";\r\n+				cargarKeyStorePKSC11(cfgProvider);\r\n+				return(true);\r\n+			}\r\n 			if (this.signProps.getBrowser().equalsIgnoreCase(\"LINUX_MAC\")) {\r\n 				errOpera = \"cargarConfiguracionProviderLinuxMac\";\r\n 				cargarConfiguracionProviderLinuxMac();\r\ndiff --git a/app/src/ar/gob/onti/firmador/controler/conection/HttpFileUploader.java b/app/src/ar/gob/onti/firmador/controler/conection/HttpFileUploader.java\nindex f6b966a..6347f15 100644\n--- a/app/src/ar/gob/onti/firmador/controler/conection/HttpFileUploader.java\n+++ b/app/src/ar/gob/onti/firmador/controler/conection/HttpFileUploader.java\n@@ -186,7 +186,8 @@ public class HttpFileUploader extends HttpFileConnection {\n 	        String responseString = new String(response, \"UTF-8\");\r\n 	        post.releaseConnection();\r\n 	        \r\n-			if (responseString.equalsIgnoreCase(\"El archivo se subi correctamente\") || responseString.equalsIgnoreCase(\"El archivo del usuario: \" + myProps.getUserName() + \" se subi correctamente\")) {\r\n+	        \r\n+			if (post.getStatusCode() == 200) {\r\n 				return true;\r\n 			} else {		\r\n 				errorBuffer+=\"Error de recepcin en el server :\" +responseString;\r\ndiff --git a/app/src/ar/gob/onti/firmador/exception/ChromeKeyStoreException.java b/app/src/ar/gob/onti/firmador/exception/ChromeKeyStoreException.java\nnew file mode 100644\nindex 0000000..dcc025c\n--- /dev/null\n+++ b/app/src/ar/gob/onti/firmador/exception/ChromeKeyStoreException.java\n@@ -0,0 +1,48 @@\n+/**\r\n+* LICENCIA LGPL:\r\n+*\r\n+* Esta librera es Software Libre; Usted puede redistribuirla y/o modificarla\r\n+* bajo los trminos de la GNU Lesser General Public License (LGPL) tal y como\r\n+* ha sido publicada por la Free Software Foundation; o bien la versin 2.1 de\r\n+* la Licencia, o (a su eleccin) cualquier versin posterior.\r\n+*\r\n+* Esta librera se distribuye con la esperanza de que sea til, pero SIN\r\n+* NINGUNA GARANTA; tampoco las implcitas garantas de MERCANTILIDAD o\r\n+* ADECUACIN A UN PROPSITO PARTICULAR. Consulte la GNU Lesser General Public\r\n+* License (LGPL) para ms detalles\r\n+*\r\n+* Usted debe recibir una copia de la GNU Lesser General Public License (LGPL)\r\n+* junto con esta librera; si no es as, escriba a la Free Software Foundation\r\n+* Inc. 51 Franklin Street, 5 Piso, Boston, MA 02110-1301, USA o consulte\r\n+* <http://www.gnu.org/licenses/>.\r\n+*\r\n+* Copyright 2011 Agencia de Tecnologa y Certificacin Electrnica\r\n+*/\r\n+package ar.gob.onti.firmador.exception;\r\n+\r\n+/**\r\n+* No se puede acceder al almacn de claves del usuario.\r\n+*\r\n+* @author <a href=\"mailto:jgutierrez@accv.es\">Jos M Gutirrez</a>\r\n+*/\r\n+public class ChromeKeyStoreException extends Exception {\r\n+\r\n+	private static final long serialVersionUID = 1L;\r\n+\r\n+	public ChromeKeyStoreException() {\r\n+		super();\r\n+	}\r\n+\r\n+	public ChromeKeyStoreException(String message, Throwable cause) {\r\n+		super(message, cause);\r\n+	}\r\n+\r\n+	public ChromeKeyStoreException(String message) {\r\n+		super(message);\r\n+	}\r\n+\r\n+	public ChromeKeyStoreException(Throwable cause) {\r\n+		super(cause);\r\n+	}\r\n+\r\n+}\r\ndiff --git a/app/src/ar/gob/onti/firmador/exception/ChromeNotFoundException.java b/app/src/ar/gob/onti/firmador/exception/ChromeNotFoundException.java\nnew file mode 100644\nindex 0000000..a9a1122\n--- /dev/null\n+++ b/app/src/ar/gob/onti/firmador/exception/ChromeNotFoundException.java\n@@ -0,0 +1,49 @@\n+/**\r\n+* LICENCIA LGPL:\r\n+*\r\n+* Esta librera es Software Libre; Usted puede redistribuirla y/o modificarla\r\n+* bajo los trminos de la GNU Lesser General Public License (LGPL) tal y como\r\n+* ha sido publicada por la Free Software Foundation; o bien la versin 2.1 de\r\n+* la Licencia, o (a su eleccin) cualquier versin posterior.\r\n+*\r\n+* Esta librera se distribuye con la esperanza de que sea til, pero SIN\r\n+* NINGUNA GARANTA; tampoco las implcitas garantas de MERCANTILIDAD o\r\n+* ADECUACIN A UN PROPSITO PARTICULAR. Consulte la GNU Lesser General Public\r\n+* License (LGPL) para ms detalles\r\n+*\r\n+* Usted debe recibir una copia de la GNU Lesser General Public License (LGPL)\r\n+* junto con esta librera; si no es as, escriba a la Free Software Foundation\r\n+* Inc. 51 Franklin Street, 5 Piso, Boston, MA 02110-1301, USA o consulte\r\n+* <http://www.gnu.org/licenses/>.\r\n+*\r\n+* Copyright 2011 Agencia de Tecnologa y Certificacin Electrnica\r\n+*/\r\n+package ar.gob.onti.firmador.exception;\r\n+\r\n+/**\r\n+* No se ha podido encontrar la carpeta de instalacin de Mozilla o la carpeta con\r\n+* el perfil del usuario.\r\n+*\r\n+* @author <a href=\"mailto:jgutierrez@accv.es\">Jos M Gutirrez</a>\r\n+*/\r\n+public class ChromeNotFoundException extends Exception {\r\n+\r\n+	private static final long serialVersionUID = 1L;\r\n+\r\n+	public ChromeNotFoundException() {\r\n+		super();\r\n+	}\r\n+\r\n+	public ChromeNotFoundException(String message, Throwable cause) {\r\n+		super(message, cause);\r\n+	}\r\n+\r\n+	public ChromeNotFoundException(String message) {\r\n+		super(message);\r\n+	}\r\n+\r\n+	public ChromeNotFoundException(Throwable cause) {\r\n+		super(cause);\r\n+	}\r\n+\r\n+}\n\\ No newline at end of file\ndiff --git a/app/src/ar/gob/onti/firmador/model/ChromeLinux.java b/app/src/ar/gob/onti/firmador/model/ChromeLinux.java\nnew file mode 100644\nindex 0000000..02bb9fb\n--- /dev/null\n+++ b/app/src/ar/gob/onti/firmador/model/ChromeLinux.java\n@@ -0,0 +1,130 @@\n+/**\r\n+* LICENCIA LGPL:\r\n+* \r\n+* Esta librera es Software Libre; Usted puede redistribuirla y/o modificarla\r\n+* bajo los trminos de la GNU Lesser General Public License (LGPL) tal y como \r\n+* ha sido publicada por la Free Software Foundation; o bien la versin 2.1 de \r\n+* la Licencia, o (a su eleccin) cualquier versin posterior.\r\n+* \r\n+* Esta librera se distribuye con la esperanza de que sea til, pero SIN \r\n+* NINGUNA GARANTA; tampoco las implcitas garantas de MERCANTILIDAD o \r\n+* ADECUACIN A UN PROPSITO PARTICULAR. Consulte la GNU Lesser General Public \r\n+* License (LGPL) para ms detalles\r\n+* \r\n+* Usted debe recibir una copia de la GNU Lesser General Public License (LGPL) \r\n+* junto con esta librera; si no es as, escriba a la Free Software Foundation \r\n+* Inc. 51 Franklin Street, 5 Piso, Boston, MA 02110-1301, USA o consulte\r\n+* <http://www.gnu.org/licenses/>.\r\n+*\r\n+* Copyright 2011 Agencia de Tecnologa y Certificacin Electrnica\r\n+*/\r\n+\r\n+package ar.gob.onti.firmador.model;\r\n+/*\r\n+ * ChromeLinux.java\r\n+ * author: mpin\r\n+ * owner : ONTI\r\n+ */\r\n+import java.io.BufferedReader;\r\n+import java.io.File;\r\n+import java.io.FileNotFoundException;\r\n+import java.io.FileReader;\r\n+\r\n+import netscape.javascript.JSObject;\r\n+\r\n+import ar.gob.onti.firmador.exception.ChromeNotFoundException;\r\n+import ar.gob.onti.firmador.view.JSCommands;\r\n+\r\n+/**\r\n+ * clase que modeliza el acceso a la keystore de firefox\r\n+ * @author ocaceres\r\n+ *\r\n+ */\r\n+public class ChromeLinux {\r\n+	/*\r\n+	 * Nombre del provider\r\n+	 */\r\n+	String PROVIDER_NAME = \"NSS\";\r\n+\r\n+	public ChromeLinux()  {\r\n+		RegQuery rq = new RegQuery();\r\n+		String userAppDataDir = rq.getCurrentUserPath();\r\n+	}\r\n+\r\n+	/**\r\n+	 * Obtiene la ruta a la carpeta donde se encuentra instalado ChromeLinux\r\n+	 * \r\n+	 * @return Ruta a la carpeta donde se encuentra instalado ChromeLinux\r\n+	 * @throws MozillaNotFoundException No se ha encontrado una instalacin de Mozilla\r\n+	 */\r\n+	public File getChromeFolder() throws ChromeNotFoundException {\r\n+		//-- Si el SO es Linux / Unix ...\r\n+		if(System.getProperty(\"os.name\").contains(\"inux\") || System.getProperty(\"os.name\").contains(\"SunOS\") || \r\n+				System.getProperty(\"os.name\").contains(\"olaris\")){\r\n+			System.out.println(\"[ChromeLinux]::Buscando la carpeta con las libreras de Mozilla en Linux/Unix\");\r\n+\r\n+			JSObject document = (JSObject) JSCommands.getWindow().getMember(\"navigator\");\r\n+			String userAgent = ((String) document.getMember(\"userAgent\")).toLowerCase();\r\n+\r\n+			if (new File(\"/opt/google/chrome/libnss3.so.ld\").exists()) {\r\n+				System.out.println(\"[ChromeLinux]::Se ha encontrado la carpeta con las libreras de Google Chrome en Linux/Unix: /opt/google/chrome\");\r\n+				return new File(\"/opt/google/chrome\");\r\n+			}\r\n+		}\r\n+		\r\n+		System.out.println(\"[ChromeLinux]::No se ha podido obtener la carpeta de instalacin de Mozilla Firefox\");\r\n+		throw new ChromeNotFoundException(\"No se ha podido obtener la carpeta de instalacin de Mozilla Firefox\");\r\n+	}\r\n+\r\n+	public void loadChromeLibraries() throws Throwable {\r\n+		//File chromeFolder= this.getChromeFolder();\r\n+	}\r\n+	\r\n+	/**\r\n+	* Obtiene el nombre de la librera del provider NSS dependiendo del SO\r\n+	* \r\n+	* @return Nombre de la librera del provider NSS\r\n+	*/\r\n+	public String getChromeNSSLibraryName () {\r\n+			String nssLib = \"libnss3.so.ld\";\r\n+			return nssLib;\r\n+	}\r\n+\r\n+	public String getPKCS11CfgInputStream() throws FileNotFoundException {\r\n+		String line = null;\r\n+		String providerConfig = \"\";\r\n+		File regFile = new File(new File (System.getProperty(\"user.home\")), \"/.pki/nssdb/pkcs11.txt\");\r\n+		BufferedReader in = new BufferedReader(new FileReader(regFile));\r\n+\r\n+		try {\r\n+			while ((line = in.readLine()) != null) {\r\n+				if (!line.isEmpty()) {\r\n+					providerConfig += line + \"\\r\";\r\n+				}\r\n+			}\r\n+		} catch (Exception e) {\r\n+			System.out.println(\"Ocurrio un error al leer la configuracion de los perfiles de Firefox: \" + e);\r\n+		} finally {\r\n+			try { in.close(); } catch (Exception e) {}\r\n+		}\r\n+		\r\n+		if (providerConfig.length() >= 2) {\r\n+			providerConfig = providerConfig.substring(0, providerConfig.length() - 1);\r\n+		}\r\n+		\r\n+		System.out.println(\"providerConfig: \" + providerConfig);\r\n+		return providerConfig;\r\n+	}\r\n+	\r\n+	public String getApplicationPath() {\r\n+		try {\r\n+			File chromeFolder = this.getChromeFolder();\r\n+			return chromeFolder.getAbsolutePath();\r\n+		} catch (ChromeNotFoundException e) {\r\n+			// TODO Auto-generated catch block\r\n+			return null;\r\n+		}\r\n+		\r\n+	}\r\n+}\r\n+\r\ndiff --git a/app/src/ar/gob/onti/firmador/model/Mozilla.java b/app/src/ar/gob/onti/firmador/model/Mozilla.java\nindex 18f8992..ea9ca43 100644\n--- a/app/src/ar/gob/onti/firmador/model/Mozilla.java\n+++ b/app/src/ar/gob/onti/firmador/model/Mozilla.java\n@@ -35,8 +35,11 @@ import java.util.Iterator;\n import java.util.List;\r\n import java.util.Vector;\r\n \r\n+import netscape.javascript.JSObject;\r\n+\r\n import ar.gob.onti.firmador.exception.MozillaNotFoundException;\r\n import ar.gob.onti.firmador.util.Util;\r\n+import ar.gob.onti.firmador.view.JSCommands;\r\n \r\n /**\r\n  * clase que modeliza el acceso a la keystore de firefox\r\n@@ -135,45 +138,52 @@ public class Mozilla {\n 		if(System.getProperty(\"os.name\").contains(\"inux\") || System.getProperty(\"os.name\").contains(\"SunOS\") || \r\n 				System.getProperty(\"os.name\").contains(\"olaris\")){\r\n 			System.out.println(\"[Mozilla]::Buscando la carpeta con las libreras de Mozilla en Linux/Unix\");\r\n-			if (new File(\"/lib/libsoftokn3.so\").exists()) {\r\n-				System.out.println(\"[Mozilla]::Se ha encontrado la carpeta con las libreras de Mozilla Firefox en Linux/Unix: /lib\");\r\n-				return new File(\"/lib\");\r\n-			}\r\n-			if (new File(\"/usr/lib/libsoftokn3.so\").exists()) {\r\n-				System.out.println(\"[Mozilla]::Se ha encontrado la carpeta con las libreras de Mozilla Firefox en Linux/Unix: /usr/lib\");\r\n-				return new File(\"/usr/lib\");\r\n-			}\r\n-			if (new File(\"/usr/lib/firefox/libsoftokn3.so\").exists()) {\r\n-				System.out.println(\"[Mozilla]::Se ha encontrado la carpeta con las libreras de Mozilla Firefox en Linux/Unix: /usr/lib/firefox\");\r\n-				return new File(\"/usr/lib/firefox\");\r\n-			}\r\n-			if (new File(\"/usr/lib/mozilla/libsoftokn3.so\").exists()) {\r\n-				System.out.println(\"[Mozilla]::Se ha encontrado la carpeta con las libreras de Mozilla Firefox en Linux/Unix: /usr/lib/mozilla\");\r\n-				return new File(\"/usr/lib/mozilla\");\r\n-			}\r\n-			if (new File(\"/usr/lib/nss/libsoftokn3.so\").exists()) {\r\n-				System.out.println(\"[Mozilla]::Se ha encontrado la carpeta con las libreras de Mozilla Firefox en Linux/Unix: /usr/lib/nss\");\r\n-				return new File(\"/usr/lib/nss\");\r\n-			}\r\n-			if (new File(\"/lib64/libsoftokn3.so\").exists()) {\r\n-				System.out.println(\"[Mozilla]::Se ha encontrado la carpeta con las libreras de Mozilla Firefox en Linux/Unix: /lib64\");\r\n-				return new File(\"/lib64\");\r\n-			}\r\n-			if (new File(\"/usr/lib64/libsoftokn3.so\").exists()) {\r\n-				System.out.println(\"[Mozilla]::Se ha encontrado la carpeta con las libreras de Mozilla Firefox en Linux/Unix: /usr/lib64\");\r\n-				return new File(\"/usr/lib64\");\r\n-			}\r\n-			if (new File(\"/usr/lib64/firefox/libsoftokn3.so\").exists()) {\r\n-				System.out.println(\"[Mozilla]::Se ha encontrado la carpeta con las libreras de Mozilla Firefox en Linux/Unix: /usr/lib64/firefox\");\r\n-				return new File(\"/usr/lib64/firefox\");\r\n-			}\r\n-			if (new File(\"/usr/lib64/mozilla/libsoftokn3.so\").exists()) {\r\n-				System.out.println(\"[Mozilla]::Se ha encontrado la carpeta con las libreras de Mozilla Firefox en Linux/Unix: /usr/lib64/mozilla\");\r\n-				return new File(\"/usr/lib64/mozilla\");\r\n-			}\r\n-			if (new File(\"/usr/lib64/nss/libsoftokn3.so\").exists()) {\r\n-				System.out.println(\"[Mozilla]::Se ha encontrado la carpeta con las libreras de Mozilla Firefox en Linux/Unix: /usr/lib64/nss\");\r\n-				return new File(\"/usr/lib64/nss\");\r\n+\r\n+			JSObject document = (JSObject) JSCommands.getWindow().getMember(\"navigator\");\r\n+			String userAgent = ((String) document.getMember(\"userAgent\")).toLowerCase();\r\n+\r\n+			if (userAgent.contains(\"x86_64\")) {\r\n+				if (new File(\"/lib64/libsoftokn3.so\").exists()) {\r\n+					System.out.println(\"[Mozilla]::Se ha encontrado la carpeta con las libreras de Mozilla Firefox en Linux/Unix: /lib64\");\r\n+					return new File(\"/lib64\");\r\n+				}\r\n+				if (new File(\"/usr/lib64/libsoftokn3.so\").exists()) {\r\n+					System.out.println(\"[Mozilla]::Se ha encontrado la carpeta con las libreras de Mozilla Firefox en Linux/Unix: /usr/lib64\");\r\n+					return new File(\"/usr/lib64\");\r\n+				}\r\n+				if (new File(\"/usr/lib64/firefox/libsoftokn3.so\").exists()) {\r\n+					System.out.println(\"[Mozilla]::Se ha encontrado la carpeta con las libreras de Mozilla Firefox en Linux/Unix: /usr/lib64/firefox\");\r\n+					return new File(\"/usr/lib64/firefox\");\r\n+				}\r\n+				if (new File(\"/usr/lib64/mozilla/libsoftokn3.so\").exists()) {\r\n+					System.out.println(\"[Mozilla]::Se ha encontrado la carpeta con las libreras de Mozilla Firefox en Linux/Unix: /usr/lib64/mozilla\");\r\n+					return new File(\"/usr/lib64/mozilla\");\r\n+				}\r\n+				if (new File(\"/usr/lib64/nss/libsoftokn3.so\").exists()) {\r\n+					System.out.println(\"[Mozilla]::Se ha encontrado la carpeta con las libreras de Mozilla Firefox en Linux/Unix: /usr/lib64/nss\");\r\n+					return new File(\"/usr/lib64/nss\");\r\n+				}				\r\n+			} else {\r\n+				if (new File(\"/lib/libsoftokn3.so\").exists()) {\r\n+					System.out.println(\"[Mozilla]::Se ha encontrado la carpeta con las libreras de Mozilla Firefox en Linux/Unix: /lib\");\r\n+					return new File(\"/lib\");\r\n+				}\r\n+				if (new File(\"/usr/lib/libsoftokn3.so\").exists()) {\r\n+					System.out.println(\"[Mozilla]::Se ha encontrado la carpeta con las libreras de Mozilla Firefox en Linux/Unix: /usr/lib\");\r\n+					return new File(\"/usr/lib\");\r\n+				}\r\n+				if (new File(\"/usr/lib/firefox/libsoftokn3.so\").exists()) {\r\n+					System.out.println(\"[Mozilla]::Se ha encontrado la carpeta con las libreras de Mozilla Firefox en Linux/Unix: /usr/lib/firefox\");\r\n+					return new File(\"/usr/lib/firefox\");\r\n+				}\r\n+				if (new File(\"/usr/lib/mozilla/libsoftokn3.so\").exists()) {\r\n+					System.out.println(\"[Mozilla]::Se ha encontrado la carpeta con las libreras de Mozilla Firefox en Linux/Unix: /usr/lib/mozilla\");\r\n+					return new File(\"/usr/lib/mozilla\");\r\n+				}\r\n+				if (new File(\"/usr/lib/nss/libsoftokn3.so\").exists()) {\r\n+					System.out.println(\"[Mozilla]::Se ha encontrado la carpeta con las libreras de Mozilla Firefox en Linux/Unix: /usr/lib/nss\");\r\n+					return new File(\"/usr/lib/nss\");\r\n+				}				\r\n 			}\r\n 		}\r\n 		\r\ndiff --git a/app/src/ar/gob/onti/firmador/model/PropsConfig.java b/app/src/ar/gob/onti/firmador/model/PropsConfig.java\nindex 4e0d2b9..75c2cfb 100644\n--- a/app/src/ar/gob/onti/firmador/model/PropsConfig.java\n+++ b/app/src/ar/gob/onti/firmador/model/PropsConfig.java\n@@ -23,6 +23,7 @@ public final class PropsConfig {\n 	private static PropsConfig instance=null;\r\n 	private ResourceBundle myProps=null;\r\n 	private String nombreArchivo=\"\";\r\n+	private String nombreArchivoTemporal=\"\";\r\n 	private boolean visible;\r\n     // Directorio en cliente\r\n 	private Logger 		appLogFile;\r\n@@ -83,6 +84,14 @@ public final class PropsConfig {\n 		this.nombreArchivo = nombreArchivo;\r\n 	}\r\n \r\n+	public void setNombreArchivoTemporal(String nombreArchivoTemporal) {\r\n+		this.nombreArchivoTemporal = nombreArchivoTemporal;\r\n+	}\r\n+\r\n+	public String getNombreArchivoTemporal() {\r\n+		return nombreArchivoTemporal;\r\n+	}\r\n+\r\n 	public String getUserName() {\r\n 		return usuario;\r\n 	}\r\ndiff --git a/app/src/ar/gob/onti/firmador/view/FirmaApplet.java b/app/src/ar/gob/onti/firmador/view/FirmaApplet.java\nindex 54eb289..186df2e 100644\n--- a/app/src/ar/gob/onti/firmador/view/FirmaApplet.java\n+++ b/app/src/ar/gob/onti/firmador/view/FirmaApplet.java\n@@ -47,6 +47,7 @@ public class FirmaApplet extends JApplet{\n 	private static final long serialVersionUID = 1L;\n 	public static final String IEXPLORER = \"IEXPLORER\";\n 	public static final String FIREFOX = \"FIREFOX\";\n+	public static final String CHROME_LINUX = \"CHROME_LINUX\";\n 	public static final String LINUX_MAC = \"LINUX_MAC\";\n 	\n 	/**\n@@ -111,8 +112,8 @@ public class FirmaApplet extends JApplet{\n 				JSObject document = (JSObject) JSCommands.getWindow().getMember(\"navigator\");\n 	\n 				String userAgent = ((String) document.getMember(\"userAgent\")).toLowerCase();\n-				//System.out.println(\"userAgent: \" + userAgent);\n-				//System.out.println(\"os.name: \" + System.getProperty(\"os.name\"));\n+				System.out.println(\"userAgent: \" + userAgent);\n+				System.out.println(\"os.name: \" + System.getProperty(\"os.name\"));\n 				\n 				if (System.getProperty(\"os.name\").toLowerCase().contains(\"linux\") || \n 						System.getProperty(\"os.name\").toLowerCase().contains(\"sunos\") || \n@@ -124,8 +125,10 @@ public class FirmaApplet extends JApplet{\n 					{\n 						browser=FIREFOX;\n 					}\n-					else  \n+					else if (userAgent.indexOf(\"chrome\") > -1) \n 					{\n+						browser=CHROME_LINUX;						 \n+					} else {\n 						browser=LINUX_MAC;\n 					}\n 				} \n','firmador-digital','2013-02-10 02:39:40','2013-02-10 02:39:40'),(8366,'\'/opt/redmine-1.4/vendor/plugins/redmine_git_hosting/bin/run_git_as_git_user\' \'--git-dir\' \'repositories/cluster-innovacion/firma-digital/firmador-digital.git\' \'diff\' \'--no-color\' \'6df9d8d73180292e8eb4af9dc27ec9b7328821d3\' \'c6a9d205efe718b2b6f27f2dd5ca470569194168\' \'--\' \'app\'','diff --git a/app/resource/properties/firma.properties b/app/resource/properties/firma.properties\nindex c05df36..b6bae6a 100644\n--- a/app/resource/properties/firma.properties\n+++ b/app/resource/properties/firma.properties\n@@ -81,6 +81,7 @@ errorHash=M\n errorKeyStore=Mtodo FirmaPdfHandler.keyStoreOpen():\r\n errorAlmacen=Error en la apertura del almacn de certificados\r\n errorAlmacenFirefox=Error el almacn de certificados de Firefox esta siendo utilizado por otra sesin del Applet, reinicie su navegador\r\n+errorAlmacenChromeLinux=Error el almacn de certificados de Chrome esta siendo utilizado por otra sesin del Applet, reinicie su navegador\r\n errorDirectorio=Mtodo PdfControler.SignFile(): No se ha informado el directorio  el nombre del archivo que quiere firmarse\r\n errorArchivoDestino=Mtodo PdfControler.SignFile(): No se ha informado el nombre del archivo destino de la firma\r\n errorURLCrlCA=ERROR 09, No se pudo realizar la conexin con la Autoridad Certicante\r\ndiff --git a/app/resource/properties/firma_es_AR - copia.properties b/app/resource/properties/firma_es_AR - copia.properties\nindex d47ab6d..89356ad 100644\n--- a/app/resource/properties/firma_es_AR - copia.properties	\n+++ b/app/resource/properties/firma_es_AR - copia.properties	\n@@ -80,6 +80,7 @@ errorHash=M\n errorKeyStore=Mtodo FirmaPdfHandler.keyStoreOpen():\r\n errorAlmacen=Error en la apertura del almacn de certificados\r\n errorAlmacenFirefox=Error el almacn de certificados de Firefox esta siendo utilizado por otra sesin del Applet, reinicie su navegador\r\n+errorAlmacenChromeLinux=Error el almacn de certificados de Chrome esta siendo utilizado por otra sesin del Applet, reinicie su navegador\r\n errorDirectorio=Mtodo PdfControler.SignFile(): No se ha informado el directorio  el nombre del archivo que quiere firmarse\r\n errorArchivoDestino=Mtodo PdfControler.SignFile(): No se ha informado el nombre del archivo destino de la firma\r\n errorURLCrlCA=ERROR 09, No se pudo realizar la conexin con la Autoridad Certicante\r\ndiff --git a/app/resource/properties/firma_es_AR.properties b/app/resource/properties/firma_es_AR.properties\nindex d47ab6d..89356ad 100644\n--- a/app/resource/properties/firma_es_AR.properties\n+++ b/app/resource/properties/firma_es_AR.properties\n@@ -80,6 +80,7 @@ errorHash=M\n errorKeyStore=Mtodo FirmaPdfHandler.keyStoreOpen():\r\n errorAlmacen=Error en la apertura del almacn de certificados\r\n errorAlmacenFirefox=Error el almacn de certificados de Firefox esta siendo utilizado por otra sesin del Applet, reinicie su navegador\r\n+errorAlmacenChromeLinux=Error el almacn de certificados de Chrome esta siendo utilizado por otra sesin del Applet, reinicie su navegador\r\n errorDirectorio=Mtodo PdfControler.SignFile(): No se ha informado el directorio  el nombre del archivo que quiere firmarse\r\n errorArchivoDestino=Mtodo PdfControler.SignFile(): No se ha informado el nombre del archivo destino de la firma\r\n errorURLCrlCA=ERROR 09, No se pudo realizar la conexin con la Autoridad Certicante\r\ndiff --git a/app/src/ar/gob/onti/firmador/controler/FileSystem.java b/app/src/ar/gob/onti/firmador/controler/FileSystem.java\nindex 324d5f5..d1d53ad 100644\n--- a/app/src/ar/gob/onti/firmador/controler/FileSystem.java\n+++ b/app/src/ar/gob/onti/firmador/controler/FileSystem.java\n@@ -44,13 +44,12 @@ public final class FileSystem {\n 			return true;\r\n 		} \r\n 		//Se asegura que no este protegido contra escritura\r\n-		if (!fileDel.canWrite()) {\r\n-			throw new IllegalArgumentException(\"MainWindow.deleteFile():\"+( PropsConfig.getInstance().getString(\"errorArchivoProtegido\") )+\" (\" + path + \")\" );\r\n+		if (fileDel.canWrite()) {\r\n+			retValue = fileDel.delete();\r\n+			if (!retValue) {\r\n+				throw new IllegalArgumentException(\"MainWindow.deleteFile(): \"+PropsConfig.getInstance().getString(\"errorFalloBorrado\")+\"\");\r\n+			}\r\n 		} \r\n-		retValue = fileDel.delete();\r\n-		if (!retValue) {\r\n-			throw new IllegalArgumentException(\"MainWindow.deleteFile(): \"+PropsConfig.getInstance().getString(\"errorFalloBorrado\")+\"\");\r\n-		}\r\n 		return retValue;\r\n 	}\r\n 	/**\r\ndiff --git a/app/src/ar/gob/onti/firmador/controler/FirmaControler.java b/app/src/ar/gob/onti/firmador/controler/FirmaControler.java\nindex d3ee718..9356c04 100644\n--- a/app/src/ar/gob/onti/firmador/controler/FirmaControler.java\n+++ b/app/src/ar/gob/onti/firmador/controler/FirmaControler.java\n@@ -12,6 +12,7 @@ import java.io.UnsupportedEncodingException;\n import java.net.URLEncoder;\r\n import java.nio.channels.FileChannel;\r\n import java.security.KeyStoreException;\r\n+import java.util.UUID;\r\n \r\n import javax.swing.Icon;\r\n import javax.swing.ImageIcon;\r\n@@ -104,13 +105,13 @@ public class FirmaControler {\n 			return ;\r\n 		}\r\n 		try {\r\n-			if (firmarDocumentoPdf(container) && FileSystem.getInstance().borrarArchivo(mainWindow.getArchivoParaFirmar().getPath()) ) {\r\n+			if (firmarDocumentoPdf(container)) {\r\n 					mainWindow.setArchivoParaFirmar(null);\r\n 					mainWindow.setCtrls(\"firmaDocOk\");\r\n-				\r\n+					FileSystem.getInstance().borrarArchivo(mainWindow.getArchivoParaFirmar().getPath()); \r\n 			}\r\n-		} catch (IOException e) {\r\n-			mostrarMensajesError(container,myProps.getString(\"errorEliminandoSinFirmar\"), e);\r\n+		} catch (Exception e) {\r\n+			//mostrarMensajesError(container,myProps.getString(\"errorEliminandoSinFirmar\"), e);\r\n 		}\r\n 	}\r\n 	/**\r\n@@ -332,12 +333,8 @@ public class FirmaControler {\n 				nuevaURL = nuevaURL + \"?idDominio=\" + this.mainWindow.getObjetoDominio() + \"&tipoDeArchivo=\" + this.mainWindow.getTipoArchivo();			\r\n 			}\r\n 			\r\n-			if(mainWindow.getSignProps().getNombreArchivo()!=null){\r\n-				//nuevaURL+=\"&codigo=\" + URLEncoder.encode(mainWindow.getCodigo(),\"iso-8859-1\");\r\n-				fileDown.setLocalFileName(mainWindow.getSignProps().getNombreArchivo());\r\n-			}else{\r\n-				fileDown.setLocalFileName(fileDown.getNombreArchivo(nuevaURL));\r\n-			}\r\n+			mainWindow.getSignProps().setNombreArchivoTemporal(UUID.randomUUID().toString() + \".pdf\");\r\n+			fileDown.setLocalFileName(mainWindow.getSignProps().getNombreArchivoTemporal());\r\n 		//} catch (UnsupportedEncodingException e) {\r\n 			//	mostrarMensajesError(container, myProps.getString(\"errorUrl\"), e);\r\n 			//}\r\ndiff --git a/app/src/ar/gob/onti/firmador/controler/PdfControler.java b/app/src/ar/gob/onti/firmador/controler/PdfControler.java\nindex d29ce3d..1306d18 100644\n--- a/app/src/ar/gob/onti/firmador/controler/PdfControler.java\n+++ b/app/src/ar/gob/onti/firmador/controler/PdfControler.java\n@@ -45,6 +45,7 @@ import ar.gob.onti.firmador.controler.conection.HttpFileDownLoader;\n import ar.gob.onti.firmador.exception.MozillaKeyStoreException;\r\n import ar.gob.onti.firmador.model.AppleSafari;\r\n import ar.gob.onti.firmador.model.CRLInfo;\r\n+import ar.gob.onti.firmador.model.ChromeLinux;\r\n import ar.gob.onti.firmador.model.Mozilla;\r\n import ar.gob.onti.firmador.model.PropsConfig;\r\n import ar.gob.onti.firmador.model.Proxy;\r\n@@ -467,6 +468,20 @@ public class PdfControler {\n \r\n 		return mzFirefox.getPKCS11CfgInputStream();\r\n 	}\r\n+	private String cargarConfiguracionProviderChromeLinux() throws FileNotFoundException {\r\n+		ChromeLinux mzChromeLinux = new ChromeLinux();\r\n+		signError +=PropsConfig.getInstance().getString(\"errorAlmacenChromeLinux\");\r\n+\r\n+		//-- Cargar las libreras de Chrome (slo para Linux)\r\n+		try {\r\n+			mzChromeLinux.loadChromeLibraries();\r\n+		} catch (Throwable e) {\r\n+			System.out.println(\"[ChromeLinuxKeyStoreManager.initKeystores]::No se han podido cargar las libreras para Chrome \" + e.getMessage());\r\n+			//throw new MozillaKeyStoreException(\"No se han podido cargar las libreras para Mozilla Firefox\", e);\r\n+		}\r\n+\r\n+		return mzChromeLinux.getPKCS11CfgInputStream();\r\n+	}\r\n 	private void cargarConfiguracionProviderLinuxMac() {\r\n 		AppleSafari appleSafari = new AppleSafari();\r\n 		this.keyStore = appleSafari.initialize();\r\n@@ -513,6 +528,13 @@ public class PdfControler {\n 				cargarKeyStorePKSC11(cfgProvider);\r\n 				return(true);\r\n 			}\r\n+			if (this.signProps.getBrowser().equalsIgnoreCase(\"CHROME_LINUX\")) {\r\n+				errOpera = \"cargarConfiguracionProviderChromeLinux\";\r\n+				cfgProvider =cargarConfiguracionProviderChromeLinux();\r\n+				errOpera = \"cargarKeyStorePKSC11\";\r\n+				cargarKeyStorePKSC11(cfgProvider);\r\n+				return(true);\r\n+			}\r\n 			if (this.signProps.getBrowser().equalsIgnoreCase(\"LINUX_MAC\")) {\r\n 				errOpera = \"cargarConfiguracionProviderLinuxMac\";\r\n 				cargarConfiguracionProviderLinuxMac();\r\ndiff --git a/app/src/ar/gob/onti/firmador/controler/conection/HttpFileUploader.java b/app/src/ar/gob/onti/firmador/controler/conection/HttpFileUploader.java\nindex f6b966a..6347f15 100644\n--- a/app/src/ar/gob/onti/firmador/controler/conection/HttpFileUploader.java\n+++ b/app/src/ar/gob/onti/firmador/controler/conection/HttpFileUploader.java\n@@ -186,7 +186,8 @@ public class HttpFileUploader extends HttpFileConnection {\n 	        String responseString = new String(response, \"UTF-8\");\r\n 	        post.releaseConnection();\r\n 	        \r\n-			if (responseString.equalsIgnoreCase(\"El archivo se subi correctamente\") || responseString.equalsIgnoreCase(\"El archivo del usuario: \" + myProps.getUserName() + \" se subi correctamente\")) {\r\n+	        \r\n+			if (post.getStatusCode() == 200) {\r\n 				return true;\r\n 			} else {		\r\n 				errorBuffer+=\"Error de recepcin en el server :\" +responseString;\r\ndiff --git a/app/src/ar/gob/onti/firmador/exception/ChromeKeyStoreException.java b/app/src/ar/gob/onti/firmador/exception/ChromeKeyStoreException.java\nnew file mode 100644\nindex 0000000..dcc025c\n--- /dev/null\n+++ b/app/src/ar/gob/onti/firmador/exception/ChromeKeyStoreException.java\n@@ -0,0 +1,48 @@\n+/**\r\n+* LICENCIA LGPL:\r\n+*\r\n+* Esta librera es Software Libre; Usted puede redistribuirla y/o modificarla\r\n+* bajo los trminos de la GNU Lesser General Public License (LGPL) tal y como\r\n+* ha sido publicada por la Free Software Foundation; o bien la versin 2.1 de\r\n+* la Licencia, o (a su eleccin) cualquier versin posterior.\r\n+*\r\n+* Esta librera se distribuye con la esperanza de que sea til, pero SIN\r\n+* NINGUNA GARANTA; tampoco las implcitas garantas de MERCANTILIDAD o\r\n+* ADECUACIN A UN PROPSITO PARTICULAR. Consulte la GNU Lesser General Public\r\n+* License (LGPL) para ms detalles\r\n+*\r\n+* Usted debe recibir una copia de la GNU Lesser General Public License (LGPL)\r\n+* junto con esta librera; si no es as, escriba a la Free Software Foundation\r\n+* Inc. 51 Franklin Street, 5 Piso, Boston, MA 02110-1301, USA o consulte\r\n+* <http://www.gnu.org/licenses/>.\r\n+*\r\n+* Copyright 2011 Agencia de Tecnologa y Certificacin Electrnica\r\n+*/\r\n+package ar.gob.onti.firmador.exception;\r\n+\r\n+/**\r\n+* No se puede acceder al almacn de claves del usuario.\r\n+*\r\n+* @author <a href=\"mailto:jgutierrez@accv.es\">Jos M Gutirrez</a>\r\n+*/\r\n+public class ChromeKeyStoreException extends Exception {\r\n+\r\n+	private static final long serialVersionUID = 1L;\r\n+\r\n+	public ChromeKeyStoreException() {\r\n+		super();\r\n+	}\r\n+\r\n+	public ChromeKeyStoreException(String message, Throwable cause) {\r\n+		super(message, cause);\r\n+	}\r\n+\r\n+	public ChromeKeyStoreException(String message) {\r\n+		super(message);\r\n+	}\r\n+\r\n+	public ChromeKeyStoreException(Throwable cause) {\r\n+		super(cause);\r\n+	}\r\n+\r\n+}\r\ndiff --git a/app/src/ar/gob/onti/firmador/exception/ChromeNotFoundException.java b/app/src/ar/gob/onti/firmador/exception/ChromeNotFoundException.java\nnew file mode 100644\nindex 0000000..a9a1122\n--- /dev/null\n+++ b/app/src/ar/gob/onti/firmador/exception/ChromeNotFoundException.java\n@@ -0,0 +1,49 @@\n+/**\r\n+* LICENCIA LGPL:\r\n+*\r\n+* Esta librera es Software Libre; Usted puede redistribuirla y/o modificarla\r\n+* bajo los trminos de la GNU Lesser General Public License (LGPL) tal y como\r\n+* ha sido publicada por la Free Software Foundation; o bien la versin 2.1 de\r\n+* la Licencia, o (a su eleccin) cualquier versin posterior.\r\n+*\r\n+* Esta librera se distribuye con la esperanza de que sea til, pero SIN\r\n+* NINGUNA GARANTA; tampoco las implcitas garantas de MERCANTILIDAD o\r\n+* ADECUACIN A UN PROPSITO PARTICULAR. Consulte la GNU Lesser General Public\r\n+* License (LGPL) para ms detalles\r\n+*\r\n+* Usted debe recibir una copia de la GNU Lesser General Public License (LGPL)\r\n+* junto con esta librera; si no es as, escriba a la Free Software Foundation\r\n+* Inc. 51 Franklin Street, 5 Piso, Boston, MA 02110-1301, USA o consulte\r\n+* <http://www.gnu.org/licenses/>.\r\n+*\r\n+* Copyright 2011 Agencia de Tecnologa y Certificacin Electrnica\r\n+*/\r\n+package ar.gob.onti.firmador.exception;\r\n+\r\n+/**\r\n+* No se ha podido encontrar la carpeta de instalacin de Mozilla o la carpeta con\r\n+* el perfil del usuario.\r\n+*\r\n+* @author <a href=\"mailto:jgutierrez@accv.es\">Jos M Gutirrez</a>\r\n+*/\r\n+public class ChromeNotFoundException extends Exception {\r\n+\r\n+	private static final long serialVersionUID = 1L;\r\n+\r\n+	public ChromeNotFoundException() {\r\n+		super();\r\n+	}\r\n+\r\n+	public ChromeNotFoundException(String message, Throwable cause) {\r\n+		super(message, cause);\r\n+	}\r\n+\r\n+	public ChromeNotFoundException(String message) {\r\n+		super(message);\r\n+	}\r\n+\r\n+	public ChromeNotFoundException(Throwable cause) {\r\n+		super(cause);\r\n+	}\r\n+\r\n+}\n\\ No newline at end of file\ndiff --git a/app/src/ar/gob/onti/firmador/model/ChromeLinux.java b/app/src/ar/gob/onti/firmador/model/ChromeLinux.java\nnew file mode 100644\nindex 0000000..02bb9fb\n--- /dev/null\n+++ b/app/src/ar/gob/onti/firmador/model/ChromeLinux.java\n@@ -0,0 +1,130 @@\n+/**\r\n+* LICENCIA LGPL:\r\n+* \r\n+* Esta librera es Software Libre; Usted puede redistribuirla y/o modificarla\r\n+* bajo los trminos de la GNU Lesser General Public License (LGPL) tal y como \r\n+* ha sido publicada por la Free Software Foundation; o bien la versin 2.1 de \r\n+* la Licencia, o (a su eleccin) cualquier versin posterior.\r\n+* \r\n+* Esta librera se distribuye con la esperanza de que sea til, pero SIN \r\n+* NINGUNA GARANTA; tampoco las implcitas garantas de MERCANTILIDAD o \r\n+* ADECUACIN A UN PROPSITO PARTICULAR. Consulte la GNU Lesser General Public \r\n+* License (LGPL) para ms detalles\r\n+* \r\n+* Usted debe recibir una copia de la GNU Lesser General Public License (LGPL) \r\n+* junto con esta librera; si no es as, escriba a la Free Software Foundation \r\n+* Inc. 51 Franklin Street, 5 Piso, Boston, MA 02110-1301, USA o consulte\r\n+* <http://www.gnu.org/licenses/>.\r\n+*\r\n+* Copyright 2011 Agencia de Tecnologa y Certificacin Electrnica\r\n+*/\r\n+\r\n+package ar.gob.onti.firmador.model;\r\n+/*\r\n+ * ChromeLinux.java\r\n+ * author: mpin\r\n+ * owner : ONTI\r\n+ */\r\n+import java.io.BufferedReader;\r\n+import java.io.File;\r\n+import java.io.FileNotFoundException;\r\n+import java.io.FileReader;\r\n+\r\n+import netscape.javascript.JSObject;\r\n+\r\n+import ar.gob.onti.firmador.exception.ChromeNotFoundException;\r\n+import ar.gob.onti.firmador.view.JSCommands;\r\n+\r\n+/**\r\n+ * clase que modeliza el acceso a la keystore de firefox\r\n+ * @author ocaceres\r\n+ *\r\n+ */\r\n+public class ChromeLinux {\r\n+	/*\r\n+	 * Nombre del provider\r\n+	 */\r\n+	String PROVIDER_NAME = \"NSS\";\r\n+\r\n+	public ChromeLinux()  {\r\n+		RegQuery rq = new RegQuery();\r\n+		String userAppDataDir = rq.getCurrentUserPath();\r\n+	}\r\n+\r\n+	/**\r\n+	 * Obtiene la ruta a la carpeta donde se encuentra instalado ChromeLinux\r\n+	 * \r\n+	 * @return Ruta a la carpeta donde se encuentra instalado ChromeLinux\r\n+	 * @throws MozillaNotFoundException No se ha encontrado una instalacin de Mozilla\r\n+	 */\r\n+	public File getChromeFolder() throws ChromeNotFoundException {\r\n+		//-- Si el SO es Linux / Unix ...\r\n+		if(System.getProperty(\"os.name\").contains(\"inux\") || System.getProperty(\"os.name\").contains(\"SunOS\") || \r\n+				System.getProperty(\"os.name\").contains(\"olaris\")){\r\n+			System.out.println(\"[ChromeLinux]::Buscando la carpeta con las libreras de Mozilla en Linux/Unix\");\r\n+\r\n+			JSObject document = (JSObject) JSCommands.getWindow().getMember(\"navigator\");\r\n+			String userAgent = ((String) document.getMember(\"userAgent\")).toLowerCase();\r\n+\r\n+			if (new File(\"/opt/google/chrome/libnss3.so.ld\").exists()) {\r\n+				System.out.println(\"[ChromeLinux]::Se ha encontrado la carpeta con las libreras de Google Chrome en Linux/Unix: /opt/google/chrome\");\r\n+				return new File(\"/opt/google/chrome\");\r\n+			}\r\n+		}\r\n+		\r\n+		System.out.println(\"[ChromeLinux]::No se ha podido obtener la carpeta de instalacin de Mozilla Firefox\");\r\n+		throw new ChromeNotFoundException(\"No se ha podido obtener la carpeta de instalacin de Mozilla Firefox\");\r\n+	}\r\n+\r\n+	public void loadChromeLibraries() throws Throwable {\r\n+		//File chromeFolder= this.getChromeFolder();\r\n+	}\r\n+	\r\n+	/**\r\n+	* Obtiene el nombre de la librera del provider NSS dependiendo del SO\r\n+	* \r\n+	* @return Nombre de la librera del provider NSS\r\n+	*/\r\n+	public String getChromeNSSLibraryName () {\r\n+			String nssLib = \"libnss3.so.ld\";\r\n+			return nssLib;\r\n+	}\r\n+\r\n+	public String getPKCS11CfgInputStream() throws FileNotFoundException {\r\n+		String line = null;\r\n+		String providerConfig = \"\";\r\n+		File regFile = new File(new File (System.getProperty(\"user.home\")), \"/.pki/nssdb/pkcs11.txt\");\r\n+		BufferedReader in = new BufferedReader(new FileReader(regFile));\r\n+\r\n+		try {\r\n+			while ((line = in.readLine()) != null) {\r\n+				if (!line.isEmpty()) {\r\n+					providerConfig += line + \"\\r\";\r\n+				}\r\n+			}\r\n+		} catch (Exception e) {\r\n+			System.out.println(\"Ocurrio un error al leer la configuracion de los perfiles de Firefox: \" + e);\r\n+		} finally {\r\n+			try { in.close(); } catch (Exception e) {}\r\n+		}\r\n+		\r\n+		if (providerConfig.length() >= 2) {\r\n+			providerConfig = providerConfig.substring(0, providerConfig.length() - 1);\r\n+		}\r\n+		\r\n+		System.out.println(\"providerConfig: \" + providerConfig);\r\n+		return providerConfig;\r\n+	}\r\n+	\r\n+	public String getApplicationPath() {\r\n+		try {\r\n+			File chromeFolder = this.getChromeFolder();\r\n+			return chromeFolder.getAbsolutePath();\r\n+		} catch (ChromeNotFoundException e) {\r\n+			// TODO Auto-generated catch block\r\n+			return null;\r\n+		}\r\n+		\r\n+	}\r\n+}\r\n+\r\ndiff --git a/app/src/ar/gob/onti/firmador/model/Mozilla.java b/app/src/ar/gob/onti/firmador/model/Mozilla.java\nindex 18f8992..ea9ca43 100644\n--- a/app/src/ar/gob/onti/firmador/model/Mozilla.java\n+++ b/app/src/ar/gob/onti/firmador/model/Mozilla.java\n@@ -35,8 +35,11 @@ import java.util.Iterator;\n import java.util.List;\r\n import java.util.Vector;\r\n \r\n+import netscape.javascript.JSObject;\r\n+\r\n import ar.gob.onti.firmador.exception.MozillaNotFoundException;\r\n import ar.gob.onti.firmador.util.Util;\r\n+import ar.gob.onti.firmador.view.JSCommands;\r\n \r\n /**\r\n  * clase que modeliza el acceso a la keystore de firefox\r\n@@ -135,45 +138,52 @@ public class Mozilla {\n 		if(System.getProperty(\"os.name\").contains(\"inux\") || System.getProperty(\"os.name\").contains(\"SunOS\") || \r\n 				System.getProperty(\"os.name\").contains(\"olaris\")){\r\n 			System.out.println(\"[Mozilla]::Buscando la carpeta con las libreras de Mozilla en Linux/Unix\");\r\n-			if (new File(\"/lib/libsoftokn3.so\").exists()) {\r\n-				System.out.println(\"[Mozilla]::Se ha encontrado la carpeta con las libreras de Mozilla Firefox en Linux/Unix: /lib\");\r\n-				return new File(\"/lib\");\r\n-			}\r\n-			if (new File(\"/usr/lib/libsoftokn3.so\").exists()) {\r\n-				System.out.println(\"[Mozilla]::Se ha encontrado la carpeta con las libreras de Mozilla Firefox en Linux/Unix: /usr/lib\");\r\n-				return new File(\"/usr/lib\");\r\n-			}\r\n-			if (new File(\"/usr/lib/firefox/libsoftokn3.so\").exists()) {\r\n-				System.out.println(\"[Mozilla]::Se ha encontrado la carpeta con las libreras de Mozilla Firefox en Linux/Unix: /usr/lib/firefox\");\r\n-				return new File(\"/usr/lib/firefox\");\r\n-			}\r\n-			if (new File(\"/usr/lib/mozilla/libsoftokn3.so\").exists()) {\r\n-				System.out.println(\"[Mozilla]::Se ha encontrado la carpeta con las libreras de Mozilla Firefox en Linux/Unix: /usr/lib/mozilla\");\r\n-				return new File(\"/usr/lib/mozilla\");\r\n-			}\r\n-			if (new File(\"/usr/lib/nss/libsoftokn3.so\").exists()) {\r\n-				System.out.println(\"[Mozilla]::Se ha encontrado la carpeta con las libreras de Mozilla Firefox en Linux/Unix: /usr/lib/nss\");\r\n-				return new File(\"/usr/lib/nss\");\r\n-			}\r\n-			if (new File(\"/lib64/libsoftokn3.so\").exists()) {\r\n-				System.out.println(\"[Mozilla]::Se ha encontrado la carpeta con las libreras de Mozilla Firefox en Linux/Unix: /lib64\");\r\n-				return new File(\"/lib64\");\r\n-			}\r\n-			if (new File(\"/usr/lib64/libsoftokn3.so\").exists()) {\r\n-				System.out.println(\"[Mozilla]::Se ha encontrado la carpeta con las libreras de Mozilla Firefox en Linux/Unix: /usr/lib64\");\r\n-				return new File(\"/usr/lib64\");\r\n-			}\r\n-			if (new File(\"/usr/lib64/firefox/libsoftokn3.so\").exists()) {\r\n-				System.out.println(\"[Mozilla]::Se ha encontrado la carpeta con las libreras de Mozilla Firefox en Linux/Unix: /usr/lib64/firefox\");\r\n-				return new File(\"/usr/lib64/firefox\");\r\n-			}\r\n-			if (new File(\"/usr/lib64/mozilla/libsoftokn3.so\").exists()) {\r\n-				System.out.println(\"[Mozilla]::Se ha encontrado la carpeta con las libreras de Mozilla Firefox en Linux/Unix: /usr/lib64/mozilla\");\r\n-				return new File(\"/usr/lib64/mozilla\");\r\n-			}\r\n-			if (new File(\"/usr/lib64/nss/libsoftokn3.so\").exists()) {\r\n-				System.out.println(\"[Mozilla]::Se ha encontrado la carpeta con las libreras de Mozilla Firefox en Linux/Unix: /usr/lib64/nss\");\r\n-				return new File(\"/usr/lib64/nss\");\r\n+\r\n+			JSObject document = (JSObject) JSCommands.getWindow().getMember(\"navigator\");\r\n+			String userAgent = ((String) document.getMember(\"userAgent\")).toLowerCase();\r\n+\r\n+			if (userAgent.contains(\"x86_64\")) {\r\n+				if (new File(\"/lib64/libsoftokn3.so\").exists()) {\r\n+					System.out.println(\"[Mozilla]::Se ha encontrado la carpeta con las libreras de Mozilla Firefox en Linux/Unix: /lib64\");\r\n+					return new File(\"/lib64\");\r\n+				}\r\n+				if (new File(\"/usr/lib64/libsoftokn3.so\").exists()) {\r\n+					System.out.println(\"[Mozilla]::Se ha encontrado la carpeta con las libreras de Mozilla Firefox en Linux/Unix: /usr/lib64\");\r\n+					return new File(\"/usr/lib64\");\r\n+				}\r\n+				if (new File(\"/usr/lib64/firefox/libsoftokn3.so\").exists()) {\r\n+					System.out.println(\"[Mozilla]::Se ha encontrado la carpeta con las libreras de Mozilla Firefox en Linux/Unix: /usr/lib64/firefox\");\r\n+					return new File(\"/usr/lib64/firefox\");\r\n+				}\r\n+				if (new File(\"/usr/lib64/mozilla/libsoftokn3.so\").exists()) {\r\n+					System.out.println(\"[Mozilla]::Se ha encontrado la carpeta con las libreras de Mozilla Firefox en Linux/Unix: /usr/lib64/mozilla\");\r\n+					return new File(\"/usr/lib64/mozilla\");\r\n+				}\r\n+				if (new File(\"/usr/lib64/nss/libsoftokn3.so\").exists()) {\r\n+					System.out.println(\"[Mozilla]::Se ha encontrado la carpeta con las libreras de Mozilla Firefox en Linux/Unix: /usr/lib64/nss\");\r\n+					return new File(\"/usr/lib64/nss\");\r\n+				}				\r\n+			} else {\r\n+				if (new File(\"/lib/libsoftokn3.so\").exists()) {\r\n+					System.out.println(\"[Mozilla]::Se ha encontrado la carpeta con las libreras de Mozilla Firefox en Linux/Unix: /lib\");\r\n+					return new File(\"/lib\");\r\n+				}\r\n+				if (new File(\"/usr/lib/libsoftokn3.so\").exists()) {\r\n+					System.out.println(\"[Mozilla]::Se ha encontrado la carpeta con las libreras de Mozilla Firefox en Linux/Unix: /usr/lib\");\r\n+					return new File(\"/usr/lib\");\r\n+				}\r\n+				if (new File(\"/usr/lib/firefox/libsoftokn3.so\").exists()) {\r\n+					System.out.println(\"[Mozilla]::Se ha encontrado la carpeta con las libreras de Mozilla Firefox en Linux/Unix: /usr/lib/firefox\");\r\n+					return new File(\"/usr/lib/firefox\");\r\n+				}\r\n+				if (new File(\"/usr/lib/mozilla/libsoftokn3.so\").exists()) {\r\n+					System.out.println(\"[Mozilla]::Se ha encontrado la carpeta con las libreras de Mozilla Firefox en Linux/Unix: /usr/lib/mozilla\");\r\n+					return new File(\"/usr/lib/mozilla\");\r\n+				}\r\n+				if (new File(\"/usr/lib/nss/libsoftokn3.so\").exists()) {\r\n+					System.out.println(\"[Mozilla]::Se ha encontrado la carpeta con las libreras de Mozilla Firefox en Linux/Unix: /usr/lib/nss\");\r\n+					return new File(\"/usr/lib/nss\");\r\n+				}				\r\n 			}\r\n 		}\r\n 		\r\ndiff --git a/app/src/ar/gob/onti/firmador/model/PropsConfig.java b/app/src/ar/gob/onti/firmador/model/PropsConfig.java\nindex 4e0d2b9..75c2cfb 100644\n--- a/app/src/ar/gob/onti/firmador/model/PropsConfig.java\n+++ b/app/src/ar/gob/onti/firmador/model/PropsConfig.java\n@@ -23,6 +23,7 @@ public final class PropsConfig {\n 	private static PropsConfig instance=null;\r\n 	private ResourceBundle myProps=null;\r\n 	private String nombreArchivo=\"\";\r\n+	private String nombreArchivoTemporal=\"\";\r\n 	private boolean visible;\r\n     // Directorio en cliente\r\n 	private Logger 		appLogFile;\r\n@@ -83,6 +84,14 @@ public final class PropsConfig {\n 		this.nombreArchivo = nombreArchivo;\r\n 	}\r\n \r\n+	public void setNombreArchivoTemporal(String nombreArchivoTemporal) {\r\n+		this.nombreArchivoTemporal = nombreArchivoTemporal;\r\n+	}\r\n+\r\n+	public String getNombreArchivoTemporal() {\r\n+		return nombreArchivoTemporal;\r\n+	}\r\n+\r\n 	public String getUserName() {\r\n 		return usuario;\r\n 	}\r\ndiff --git a/app/src/ar/gob/onti/firmador/view/FirmaApplet.java b/app/src/ar/gob/onti/firmador/view/FirmaApplet.java\nindex 54eb289..186df2e 100644\n--- a/app/src/ar/gob/onti/firmador/view/FirmaApplet.java\n+++ b/app/src/ar/gob/onti/firmador/view/FirmaApplet.java\n@@ -47,6 +47,7 @@ public class FirmaApplet extends JApplet{\n 	private static final long serialVersionUID = 1L;\n 	public static final String IEXPLORER = \"IEXPLORER\";\n 	public static final String FIREFOX = \"FIREFOX\";\n+	public static final String CHROME_LINUX = \"CHROME_LINUX\";\n 	public static final String LINUX_MAC = \"LINUX_MAC\";\n 	\n 	/**\n@@ -111,8 +112,8 @@ public class FirmaApplet extends JApplet{\n 				JSObject document = (JSObject) JSCommands.getWindow().getMember(\"navigator\");\n 	\n 				String userAgent = ((String) document.getMember(\"userAgent\")).toLowerCase();\n-				//System.out.println(\"userAgent: \" + userAgent);\n-				//System.out.println(\"os.name: \" + System.getProperty(\"os.name\"));\n+				System.out.println(\"userAgent: \" + userAgent);\n+				System.out.println(\"os.name: \" + System.getProperty(\"os.name\"));\n 				\n 				if (System.getProperty(\"os.name\").toLowerCase().contains(\"linux\") || \n 						System.getProperty(\"os.name\").toLowerCase().contains(\"sunos\") || \n@@ -124,8 +125,10 @@ public class FirmaApplet extends JApplet{\n 					{\n 						browser=FIREFOX;\n 					}\n-					else  \n+					else if (userAgent.indexOf(\"chrome\") > -1) \n 					{\n+						browser=CHROME_LINUX;						 \n+					} else {\n 						browser=LINUX_MAC;\n 					}\n 				} \n','firmador-digital','2013-02-10 03:37:43','2013-02-10 03:37:43'),(8367,'\'/opt/redmine-1.4/vendor/plugins/redmine_git_hosting/bin/run_git_as_git_user\' \'--git-dir\' \'repositories/cluster-innovacion/firma-digital/firmador-digital.git\' \'diff\' \'--no-color\' \'6df9d8d73180292e8eb4af9dc27ec9b7328821d3\' \'c6a9d205efe718b2b6f27f2dd5ca470569194168\' \'--\' \'app/src/ar\'','diff --git a/app/src/ar/gob/onti/firmador/controler/FileSystem.java b/app/src/ar/gob/onti/firmador/controler/FileSystem.java\nindex 324d5f5..d1d53ad 100644\n--- a/app/src/ar/gob/onti/firmador/controler/FileSystem.java\n+++ b/app/src/ar/gob/onti/firmador/controler/FileSystem.java\n@@ -44,13 +44,12 @@ public final class FileSystem {\n 			return true;\r\n 		} \r\n 		//Se asegura que no este protegido contra escritura\r\n-		if (!fileDel.canWrite()) {\r\n-			throw new IllegalArgumentException(\"MainWindow.deleteFile():\"+( PropsConfig.getInstance().getString(\"errorArchivoProtegido\") )+\" (\" + path + \")\" );\r\n+		if (fileDel.canWrite()) {\r\n+			retValue = fileDel.delete();\r\n+			if (!retValue) {\r\n+				throw new IllegalArgumentException(\"MainWindow.deleteFile(): \"+PropsConfig.getInstance().getString(\"errorFalloBorrado\")+\"\");\r\n+			}\r\n 		} \r\n-		retValue = fileDel.delete();\r\n-		if (!retValue) {\r\n-			throw new IllegalArgumentException(\"MainWindow.deleteFile(): \"+PropsConfig.getInstance().getString(\"errorFalloBorrado\")+\"\");\r\n-		}\r\n 		return retValue;\r\n 	}\r\n 	/**\r\ndiff --git a/app/src/ar/gob/onti/firmador/controler/FirmaControler.java b/app/src/ar/gob/onti/firmador/controler/FirmaControler.java\nindex d3ee718..9356c04 100644\n--- a/app/src/ar/gob/onti/firmador/controler/FirmaControler.java\n+++ b/app/src/ar/gob/onti/firmador/controler/FirmaControler.java\n@@ -12,6 +12,7 @@ import java.io.UnsupportedEncodingException;\n import java.net.URLEncoder;\r\n import java.nio.channels.FileChannel;\r\n import java.security.KeyStoreException;\r\n+import java.util.UUID;\r\n \r\n import javax.swing.Icon;\r\n import javax.swing.ImageIcon;\r\n@@ -104,13 +105,13 @@ public class FirmaControler {\n 			return ;\r\n 		}\r\n 		try {\r\n-			if (firmarDocumentoPdf(container) && FileSystem.getInstance().borrarArchivo(mainWindow.getArchivoParaFirmar().getPath()) ) {\r\n+			if (firmarDocumentoPdf(container)) {\r\n 					mainWindow.setArchivoParaFirmar(null);\r\n 					mainWindow.setCtrls(\"firmaDocOk\");\r\n-				\r\n+					FileSystem.getInstance().borrarArchivo(mainWindow.getArchivoParaFirmar().getPath()); \r\n 			}\r\n-		} catch (IOException e) {\r\n-			mostrarMensajesError(container,myProps.getString(\"errorEliminandoSinFirmar\"), e);\r\n+		} catch (Exception e) {\r\n+			//mostrarMensajesError(container,myProps.getString(\"errorEliminandoSinFirmar\"), e);\r\n 		}\r\n 	}\r\n 	/**\r\n@@ -332,12 +333,8 @@ public class FirmaControler {\n 				nuevaURL = nuevaURL + \"?idDominio=\" + this.mainWindow.getObjetoDominio() + \"&tipoDeArchivo=\" + this.mainWindow.getTipoArchivo();			\r\n 			}\r\n 			\r\n-			if(mainWindow.getSignProps().getNombreArchivo()!=null){\r\n-				//nuevaURL+=\"&codigo=\" + URLEncoder.encode(mainWindow.getCodigo(),\"iso-8859-1\");\r\n-				fileDown.setLocalFileName(mainWindow.getSignProps().getNombreArchivo());\r\n-			}else{\r\n-				fileDown.setLocalFileName(fileDown.getNombreArchivo(nuevaURL));\r\n-			}\r\n+			mainWindow.getSignProps().setNombreArchivoTemporal(UUID.randomUUID().toString() + \".pdf\");\r\n+			fileDown.setLocalFileName(mainWindow.getSignProps().getNombreArchivoTemporal());\r\n 		//} catch (UnsupportedEncodingException e) {\r\n 			//	mostrarMensajesError(container, myProps.getString(\"errorUrl\"), e);\r\n 			//}\r\ndiff --git a/app/src/ar/gob/onti/firmador/controler/PdfControler.java b/app/src/ar/gob/onti/firmador/controler/PdfControler.java\nindex d29ce3d..1306d18 100644\n--- a/app/src/ar/gob/onti/firmador/controler/PdfControler.java\n+++ b/app/src/ar/gob/onti/firmador/controler/PdfControler.java\n@@ -45,6 +45,7 @@ import ar.gob.onti.firmador.controler.conection.HttpFileDownLoader;\n import ar.gob.onti.firmador.exception.MozillaKeyStoreException;\r\n import ar.gob.onti.firmador.model.AppleSafari;\r\n import ar.gob.onti.firmador.model.CRLInfo;\r\n+import ar.gob.onti.firmador.model.ChromeLinux;\r\n import ar.gob.onti.firmador.model.Mozilla;\r\n import ar.gob.onti.firmador.model.PropsConfig;\r\n import ar.gob.onti.firmador.model.Proxy;\r\n@@ -467,6 +468,20 @@ public class PdfControler {\n \r\n 		return mzFirefox.getPKCS11CfgInputStream();\r\n 	}\r\n+	private String cargarConfiguracionProviderChromeLinux() throws FileNotFoundException {\r\n+		ChromeLinux mzChromeLinux = new ChromeLinux();\r\n+		signError +=PropsConfig.getInstance().getString(\"errorAlmacenChromeLinux\");\r\n+\r\n+		//-- Cargar las libreras de Chrome (slo para Linux)\r\n+		try {\r\n+			mzChromeLinux.loadChromeLibraries();\r\n+		} catch (Throwable e) {\r\n+			System.out.println(\"[ChromeLinuxKeyStoreManager.initKeystores]::No se han podido cargar las libreras para Chrome \" + e.getMessage());\r\n+			//throw new MozillaKeyStoreException(\"No se han podido cargar las libreras para Mozilla Firefox\", e);\r\n+		}\r\n+\r\n+		return mzChromeLinux.getPKCS11CfgInputStream();\r\n+	}\r\n 	private void cargarConfiguracionProviderLinuxMac() {\r\n 		AppleSafari appleSafari = new AppleSafari();\r\n 		this.keyStore = appleSafari.initialize();\r\n@@ -513,6 +528,13 @@ public class PdfControler {\n 				cargarKeyStorePKSC11(cfgProvider);\r\n 				return(true);\r\n 			}\r\n+			if (this.signProps.getBrowser().equalsIgnoreCase(\"CHROME_LINUX\")) {\r\n+				errOpera = \"cargarConfiguracionProviderChromeLinux\";\r\n+				cfgProvider =cargarConfiguracionProviderChromeLinux();\r\n+				errOpera = \"cargarKeyStorePKSC11\";\r\n+				cargarKeyStorePKSC11(cfgProvider);\r\n+				return(true);\r\n+			}\r\n 			if (this.signProps.getBrowser().equalsIgnoreCase(\"LINUX_MAC\")) {\r\n 				errOpera = \"cargarConfiguracionProviderLinuxMac\";\r\n 				cargarConfiguracionProviderLinuxMac();\r\ndiff --git a/app/src/ar/gob/onti/firmador/controler/conection/HttpFileUploader.java b/app/src/ar/gob/onti/firmador/controler/conection/HttpFileUploader.java\nindex f6b966a..6347f15 100644\n--- a/app/src/ar/gob/onti/firmador/controler/conection/HttpFileUploader.java\n+++ b/app/src/ar/gob/onti/firmador/controler/conection/HttpFileUploader.java\n@@ -186,7 +186,8 @@ public class HttpFileUploader extends HttpFileConnection {\n 	        String responseString = new String(response, \"UTF-8\");\r\n 	        post.releaseConnection();\r\n 	        \r\n-			if (responseString.equalsIgnoreCase(\"El archivo se subi correctamente\") || responseString.equalsIgnoreCase(\"El archivo del usuario: \" + myProps.getUserName() + \" se subi correctamente\")) {\r\n+	        \r\n+			if (post.getStatusCode() == 200) {\r\n 				return true;\r\n 			} else {		\r\n 				errorBuffer+=\"Error de recepcin en el server :\" +responseString;\r\ndiff --git a/app/src/ar/gob/onti/firmador/exception/ChromeKeyStoreException.java b/app/src/ar/gob/onti/firmador/exception/ChromeKeyStoreException.java\nnew file mode 100644\nindex 0000000..dcc025c\n--- /dev/null\n+++ b/app/src/ar/gob/onti/firmador/exception/ChromeKeyStoreException.java\n@@ -0,0 +1,48 @@\n+/**\r\n+* LICENCIA LGPL:\r\n+*\r\n+* Esta librera es Software Libre; Usted puede redistribuirla y/o modificarla\r\n+* bajo los trminos de la GNU Lesser General Public License (LGPL) tal y como\r\n+* ha sido publicada por la Free Software Foundation; o bien la versin 2.1 de\r\n+* la Licencia, o (a su eleccin) cualquier versin posterior.\r\n+*\r\n+* Esta librera se distribuye con la esperanza de que sea til, pero SIN\r\n+* NINGUNA GARANTA; tampoco las implcitas garantas de MERCANTILIDAD o\r\n+* ADECUACIN A UN PROPSITO PARTICULAR. Consulte la GNU Lesser General Public\r\n+* License (LGPL) para ms detalles\r\n+*\r\n+* Usted debe recibir una copia de la GNU Lesser General Public License (LGPL)\r\n+* junto con esta librera; si no es as, escriba a la Free Software Foundation\r\n+* Inc. 51 Franklin Street, 5 Piso, Boston, MA 02110-1301, USA o consulte\r\n+* <http://www.gnu.org/licenses/>.\r\n+*\r\n+* Copyright 2011 Agencia de Tecnologa y Certificacin Electrnica\r\n+*/\r\n+package ar.gob.onti.firmador.exception;\r\n+\r\n+/**\r\n+* No se puede acceder al almacn de claves del usuario.\r\n+*\r\n+* @author <a href=\"mailto:jgutierrez@accv.es\">Jos M Gutirrez</a>\r\n+*/\r\n+public class ChromeKeyStoreException extends Exception {\r\n+\r\n+	private static final long serialVersionUID = 1L;\r\n+\r\n+	public ChromeKeyStoreException() {\r\n+		super();\r\n+	}\r\n+\r\n+	public ChromeKeyStoreException(String message, Throwable cause) {\r\n+		super(message, cause);\r\n+	}\r\n+\r\n+	public ChromeKeyStoreException(String message) {\r\n+		super(message);\r\n+	}\r\n+\r\n+	public ChromeKeyStoreException(Throwable cause) {\r\n+		super(cause);\r\n+	}\r\n+\r\n+}\r\ndiff --git a/app/src/ar/gob/onti/firmador/exception/ChromeNotFoundException.java b/app/src/ar/gob/onti/firmador/exception/ChromeNotFoundException.java\nnew file mode 100644\nindex 0000000..a9a1122\n--- /dev/null\n+++ b/app/src/ar/gob/onti/firmador/exception/ChromeNotFoundException.java\n@@ -0,0 +1,49 @@\n+/**\r\n+* LICENCIA LGPL:\r\n+*\r\n+* Esta librera es Software Libre; Usted puede redistribuirla y/o modificarla\r\n+* bajo los trminos de la GNU Lesser General Public License (LGPL) tal y como\r\n+* ha sido publicada por la Free Software Foundation; o bien la versin 2.1 de\r\n+* la Licencia, o (a su eleccin) cualquier versin posterior.\r\n+*\r\n+* Esta librera se distribuye con la esperanza de que sea til, pero SIN\r\n+* NINGUNA GARANTA; tampoco las implcitas garantas de MERCANTILIDAD o\r\n+* ADECUACIN A UN PROPSITO PARTICULAR. Consulte la GNU Lesser General Public\r\n+* License (LGPL) para ms detalles\r\n+*\r\n+* Usted debe recibir una copia de la GNU Lesser General Public License (LGPL)\r\n+* junto con esta librera; si no es as, escriba a la Free Software Foundation\r\n+* Inc. 51 Franklin Street, 5 Piso, Boston, MA 02110-1301, USA o consulte\r\n+* <http://www.gnu.org/licenses/>.\r\n+*\r\n+* Copyright 2011 Agencia de Tecnologa y Certificacin Electrnica\r\n+*/\r\n+package ar.gob.onti.firmador.exception;\r\n+\r\n+/**\r\n+* No se ha podido encontrar la carpeta de instalacin de Mozilla o la carpeta con\r\n+* el perfil del usuario.\r\n+*\r\n+* @author <a href=\"mailto:jgutierrez@accv.es\">Jos M Gutirrez</a>\r\n+*/\r\n+public class ChromeNotFoundException extends Exception {\r\n+\r\n+	private static final long serialVersionUID = 1L;\r\n+\r\n+	public ChromeNotFoundException() {\r\n+		super();\r\n+	}\r\n+\r\n+	public ChromeNotFoundException(String message, Throwable cause) {\r\n+		super(message, cause);\r\n+	}\r\n+\r\n+	public ChromeNotFoundException(String message) {\r\n+		super(message);\r\n+	}\r\n+\r\n+	public ChromeNotFoundException(Throwable cause) {\r\n+		super(cause);\r\n+	}\r\n+\r\n+}\n\\ No newline at end of file\ndiff --git a/app/src/ar/gob/onti/firmador/model/ChromeLinux.java b/app/src/ar/gob/onti/firmador/model/ChromeLinux.java\nnew file mode 100644\nindex 0000000..02bb9fb\n--- /dev/null\n+++ b/app/src/ar/gob/onti/firmador/model/ChromeLinux.java\n@@ -0,0 +1,130 @@\n+/**\r\n+* LICENCIA LGPL:\r\n+* \r\n+* Esta librera es Software Libre; Usted puede redistribuirla y/o modificarla\r\n+* bajo los trminos de la GNU Lesser General Public License (LGPL) tal y como \r\n+* ha sido publicada por la Free Software Foundation; o bien la versin 2.1 de \r\n+* la Licencia, o (a su eleccin) cualquier versin posterior.\r\n+* \r\n+* Esta librera se distribuye con la esperanza de que sea til, pero SIN \r\n+* NINGUNA GARANTA; tampoco las implcitas garantas de MERCANTILIDAD o \r\n+* ADECUACIN A UN PROPSITO PARTICULAR. Consulte la GNU Lesser General Public \r\n+* License (LGPL) para ms detalles\r\n+* \r\n+* Usted debe recibir una copia de la GNU Lesser General Public License (LGPL) \r\n+* junto con esta librera; si no es as, escriba a la Free Software Foundation \r\n+* Inc. 51 Franklin Street, 5 Piso, Boston, MA 02110-1301, USA o consulte\r\n+* <http://www.gnu.org/licenses/>.\r\n+*\r\n+* Copyright 2011 Agencia de Tecnologa y Certificacin Electrnica\r\n+*/\r\n+\r\n+package ar.gob.onti.firmador.model;\r\n+/*\r\n+ * ChromeLinux.java\r\n+ * author: mpin\r\n+ * owner : ONTI\r\n+ */\r\n+import java.io.BufferedReader;\r\n+import java.io.File;\r\n+import java.io.FileNotFoundException;\r\n+import java.io.FileReader;\r\n+\r\n+import netscape.javascript.JSObject;\r\n+\r\n+import ar.gob.onti.firmador.exception.ChromeNotFoundException;\r\n+import ar.gob.onti.firmador.view.JSCommands;\r\n+\r\n+/**\r\n+ * clase que modeliza el acceso a la keystore de firefox\r\n+ * @author ocaceres\r\n+ *\r\n+ */\r\n+public class ChromeLinux {\r\n+	/*\r\n+	 * Nombre del provider\r\n+	 */\r\n+	String PROVIDER_NAME = \"NSS\";\r\n+\r\n+	public ChromeLinux()  {\r\n+		RegQuery rq = new RegQuery();\r\n+		String userAppDataDir = rq.getCurrentUserPath();\r\n+	}\r\n+\r\n+	/**\r\n+	 * Obtiene la ruta a la carpeta donde se encuentra instalado ChromeLinux\r\n+	 * \r\n+	 * @return Ruta a la carpeta donde se encuentra instalado ChromeLinux\r\n+	 * @throws MozillaNotFoundException No se ha encontrado una instalacin de Mozilla\r\n+	 */\r\n+	public File getChromeFolder() throws ChromeNotFoundException {\r\n+		//-- Si el SO es Linux / Unix ...\r\n+		if(System.getProperty(\"os.name\").contains(\"inux\") || System.getProperty(\"os.name\").contains(\"SunOS\") || \r\n+				System.getProperty(\"os.name\").contains(\"olaris\")){\r\n+			System.out.println(\"[ChromeLinux]::Buscando la carpeta con las libreras de Mozilla en Linux/Unix\");\r\n+\r\n+			JSObject document = (JSObject) JSCommands.getWindow().getMember(\"navigator\");\r\n+			String userAgent = ((String) document.getMember(\"userAgent\")).toLowerCase();\r\n+\r\n+			if (new File(\"/opt/google/chrome/libnss3.so.ld\").exists()) {\r\n+				System.out.println(\"[ChromeLinux]::Se ha encontrado la carpeta con las libreras de Google Chrome en Linux/Unix: /opt/google/chrome\");\r\n+				return new File(\"/opt/google/chrome\");\r\n+			}\r\n+		}\r\n+		\r\n+		System.out.println(\"[ChromeLinux]::No se ha podido obtener la carpeta de instalacin de Mozilla Firefox\");\r\n+		throw new ChromeNotFoundException(\"No se ha podido obtener la carpeta de instalacin de Mozilla Firefox\");\r\n+	}\r\n+\r\n+	public void loadChromeLibraries() throws Throwable {\r\n+		//File chromeFolder= this.getChromeFolder();\r\n+	}\r\n+	\r\n+	/**\r\n+	* Obtiene el nombre de la librera del provider NSS dependiendo del SO\r\n+	* \r\n+	* @return Nombre de la librera del provider NSS\r\n+	*/\r\n+	public String getChromeNSSLibraryName () {\r\n+			String nssLib = \"libnss3.so.ld\";\r\n+			return nssLib;\r\n+	}\r\n+\r\n+	public String getPKCS11CfgInputStream() throws FileNotFoundException {\r\n+		String line = null;\r\n+		String providerConfig = \"\";\r\n+		File regFile = new File(new File (System.getProperty(\"user.home\")), \"/.pki/nssdb/pkcs11.txt\");\r\n+		BufferedReader in = new BufferedReader(new FileReader(regFile));\r\n+\r\n+		try {\r\n+			while ((line = in.readLine()) != null) {\r\n+				if (!line.isEmpty()) {\r\n+					providerConfig += line + \"\\r\";\r\n+				}\r\n+			}\r\n+		} catch (Exception e) {\r\n+			System.out.println(\"Ocurrio un error al leer la configuracion de los perfiles de Firefox: \" + e);\r\n+		} finally {\r\n+			try { in.close(); } catch (Exception e) {}\r\n+		}\r\n+		\r\n+		if (providerConfig.length() >= 2) {\r\n+			providerConfig = providerConfig.substring(0, providerConfig.length() - 1);\r\n+		}\r\n+		\r\n+		System.out.println(\"providerConfig: \" + providerConfig);\r\n+		return providerConfig;\r\n+	}\r\n+	\r\n+	public String getApplicationPath() {\r\n+		try {\r\n+			File chromeFolder = this.getChromeFolder();\r\n+			return chromeFolder.getAbsolutePath();\r\n+		} catch (ChromeNotFoundException e) {\r\n+			// TODO Auto-generated catch block\r\n+			return null;\r\n+		}\r\n+		\r\n+	}\r\n+}\r\n+\r\ndiff --git a/app/src/ar/gob/onti/firmador/model/Mozilla.java b/app/src/ar/gob/onti/firmador/model/Mozilla.java\nindex 18f8992..ea9ca43 100644\n--- a/app/src/ar/gob/onti/firmador/model/Mozilla.java\n+++ b/app/src/ar/gob/onti/firmador/model/Mozilla.java\n@@ -35,8 +35,11 @@ import java.util.Iterator;\n import java.util.List;\r\n import java.util.Vector;\r\n \r\n+import netscape.javascript.JSObject;\r\n+\r\n import ar.gob.onti.firmador.exception.MozillaNotFoundException;\r\n import ar.gob.onti.firmador.util.Util;\r\n+import ar.gob.onti.firmador.view.JSCommands;\r\n \r\n /**\r\n  * clase que modeliza el acceso a la keystore de firefox\r\n@@ -135,45 +138,52 @@ public class Mozilla {\n 		if(System.getProperty(\"os.name\").contains(\"inux\") || System.getProperty(\"os.name\").contains(\"SunOS\") || \r\n 				System.getProperty(\"os.name\").contains(\"olaris\")){\r\n 			System.out.println(\"[Mozilla]::Buscando la carpeta con las libreras de Mozilla en Linux/Unix\");\r\n-			if (new File(\"/lib/libsoftokn3.so\").exists()) {\r\n-				System.out.println(\"[Mozilla]::Se ha encontrado la carpeta con las libreras de Mozilla Firefox en Linux/Unix: /lib\");\r\n-				return new File(\"/lib\");\r\n-			}\r\n-			if (new File(\"/usr/lib/libsoftokn3.so\").exists()) {\r\n-				System.out.println(\"[Mozilla]::Se ha encontrado la carpeta con las libreras de Mozilla Firefox en Linux/Unix: /usr/lib\");\r\n-				return new File(\"/usr/lib\");\r\n-			}\r\n-			if (new File(\"/usr/lib/firefox/libsoftokn3.so\").exists()) {\r\n-				System.out.println(\"[Mozilla]::Se ha encontrado la carpeta con las libreras de Mozilla Firefox en Linux/Unix: /usr/lib/firefox\");\r\n-				return new File(\"/usr/lib/firefox\");\r\n-			}\r\n-			if (new File(\"/usr/lib/mozilla/libsoftokn3.so\").exists()) {\r\n-				System.out.println(\"[Mozilla]::Se ha encontrado la carpeta con las libreras de Mozilla Firefox en Linux/Unix: /usr/lib/mozilla\");\r\n-				return new File(\"/usr/lib/mozilla\");\r\n-			}\r\n-			if (new File(\"/usr/lib/nss/libsoftokn3.so\").exists()) {\r\n-				System.out.println(\"[Mozilla]::Se ha encontrado la carpeta con las libreras de Mozilla Firefox en Linux/Unix: /usr/lib/nss\");\r\n-				return new File(\"/usr/lib/nss\");\r\n-			}\r\n-			if (new File(\"/lib64/libsoftokn3.so\").exists()) {\r\n-				System.out.println(\"[Mozilla]::Se ha encontrado la carpeta con las libreras de Mozilla Firefox en Linux/Unix: /lib64\");\r\n-				return new File(\"/lib64\");\r\n-			}\r\n-			if (new File(\"/usr/lib64/libsoftokn3.so\").exists()) {\r\n-				System.out.println(\"[Mozilla]::Se ha encontrado la carpeta con las libreras de Mozilla Firefox en Linux/Unix: /usr/lib64\");\r\n-				return new File(\"/usr/lib64\");\r\n-			}\r\n-			if (new File(\"/usr/lib64/firefox/libsoftokn3.so\").exists()) {\r\n-				System.out.println(\"[Mozilla]::Se ha encontrado la carpeta con las libreras de Mozilla Firefox en Linux/Unix: /usr/lib64/firefox\");\r\n-				return new File(\"/usr/lib64/firefox\");\r\n-			}\r\n-			if (new File(\"/usr/lib64/mozilla/libsoftokn3.so\").exists()) {\r\n-				System.out.println(\"[Mozilla]::Se ha encontrado la carpeta con las libreras de Mozilla Firefox en Linux/Unix: /usr/lib64/mozilla\");\r\n-				return new File(\"/usr/lib64/mozilla\");\r\n-			}\r\n-			if (new File(\"/usr/lib64/nss/libsoftokn3.so\").exists()) {\r\n-				System.out.println(\"[Mozilla]::Se ha encontrado la carpeta con las libreras de Mozilla Firefox en Linux/Unix: /usr/lib64/nss\");\r\n-				return new File(\"/usr/lib64/nss\");\r\n+\r\n+			JSObject document = (JSObject) JSCommands.getWindow().getMember(\"navigator\");\r\n+			String userAgent = ((String) document.getMember(\"userAgent\")).toLowerCase();\r\n+\r\n+			if (userAgent.contains(\"x86_64\")) {\r\n+				if (new File(\"/lib64/libsoftokn3.so\").exists()) {\r\n+					System.out.println(\"[Mozilla]::Se ha encontrado la carpeta con las libreras de Mozilla Firefox en Linux/Unix: /lib64\");\r\n+					return new File(\"/lib64\");\r\n+				}\r\n+				if (new File(\"/usr/lib64/libsoftokn3.so\").exists()) {\r\n+					System.out.println(\"[Mozilla]::Se ha encontrado la carpeta con las libreras de Mozilla Firefox en Linux/Unix: /usr/lib64\");\r\n+					return new File(\"/usr/lib64\");\r\n+				}\r\n+				if (new File(\"/usr/lib64/firefox/libsoftokn3.so\").exists()) {\r\n+					System.out.println(\"[Mozilla]::Se ha encontrado la carpeta con las libreras de Mozilla Firefox en Linux/Unix: /usr/lib64/firefox\");\r\n+					return new File(\"/usr/lib64/firefox\");\r\n+				}\r\n+				if (new File(\"/usr/lib64/mozilla/libsoftokn3.so\").exists()) {\r\n+					System.out.println(\"[Mozilla]::Se ha encontrado la carpeta con las libreras de Mozilla Firefox en Linux/Unix: /usr/lib64/mozilla\");\r\n+					return new File(\"/usr/lib64/mozilla\");\r\n+				}\r\n+				if (new File(\"/usr/lib64/nss/libsoftokn3.so\").exists()) {\r\n+					System.out.println(\"[Mozilla]::Se ha encontrado la carpeta con las libreras de Mozilla Firefox en Linux/Unix: /usr/lib64/nss\");\r\n+					return new File(\"/usr/lib64/nss\");\r\n+				}				\r\n+			} else {\r\n+				if (new File(\"/lib/libsoftokn3.so\").exists()) {\r\n+					System.out.println(\"[Mozilla]::Se ha encontrado la carpeta con las libreras de Mozilla Firefox en Linux/Unix: /lib\");\r\n+					return new File(\"/lib\");\r\n+				}\r\n+				if (new File(\"/usr/lib/libsoftokn3.so\").exists()) {\r\n+					System.out.println(\"[Mozilla]::Se ha encontrado la carpeta con las libreras de Mozilla Firefox en Linux/Unix: /usr/lib\");\r\n+					return new File(\"/usr/lib\");\r\n+				}\r\n+				if (new File(\"/usr/lib/firefox/libsoftokn3.so\").exists()) {\r\n+					System.out.println(\"[Mozilla]::Se ha encontrado la carpeta con las libreras de Mozilla Firefox en Linux/Unix: /usr/lib/firefox\");\r\n+					return new File(\"/usr/lib/firefox\");\r\n+				}\r\n+				if (new File(\"/usr/lib/mozilla/libsoftokn3.so\").exists()) {\r\n+					System.out.println(\"[Mozilla]::Se ha encontrado la carpeta con las libreras de Mozilla Firefox en Linux/Unix: /usr/lib/mozilla\");\r\n+					return new File(\"/usr/lib/mozilla\");\r\n+				}\r\n+				if (new File(\"/usr/lib/nss/libsoftokn3.so\").exists()) {\r\n+					System.out.println(\"[Mozilla]::Se ha encontrado la carpeta con las libreras de Mozilla Firefox en Linux/Unix: /usr/lib/nss\");\r\n+					return new File(\"/usr/lib/nss\");\r\n+				}				\r\n 			}\r\n 		}\r\n 		\r\ndiff --git a/app/src/ar/gob/onti/firmador/model/PropsConfig.java b/app/src/ar/gob/onti/firmador/model/PropsConfig.java\nindex 4e0d2b9..75c2cfb 100644\n--- a/app/src/ar/gob/onti/firmador/model/PropsConfig.java\n+++ b/app/src/ar/gob/onti/firmador/model/PropsConfig.java\n@@ -23,6 +23,7 @@ public final class PropsConfig {\n 	private static PropsConfig instance=null;\r\n 	private ResourceBundle myProps=null;\r\n 	private String nombreArchivo=\"\";\r\n+	private String nombreArchivoTemporal=\"\";\r\n 	private boolean visible;\r\n     // Directorio en cliente\r\n 	private Logger 		appLogFile;\r\n@@ -83,6 +84,14 @@ public final class PropsConfig {\n 		this.nombreArchivo = nombreArchivo;\r\n 	}\r\n \r\n+	public void setNombreArchivoTemporal(String nombreArchivoTemporal) {\r\n+		this.nombreArchivoTemporal = nombreArchivoTemporal;\r\n+	}\r\n+\r\n+	public String getNombreArchivoTemporal() {\r\n+		return nombreArchivoTemporal;\r\n+	}\r\n+\r\n 	public String getUserName() {\r\n 		return usuario;\r\n 	}\r\ndiff --git a/app/src/ar/gob/onti/firmador/view/FirmaApplet.java b/app/src/ar/gob/onti/firmador/view/FirmaApplet.java\nindex 54eb289..186df2e 100644\n--- a/app/src/ar/gob/onti/firmador/view/FirmaApplet.java\n+++ b/app/src/ar/gob/onti/firmador/view/FirmaApplet.java\n@@ -47,6 +47,7 @@ public class FirmaApplet extends JApplet{\n 	private static final long serialVersionUID = 1L;\n 	public static final String IEXPLORER = \"IEXPLORER\";\n 	public static final String FIREFOX = \"FIREFOX\";\n+	public static final String CHROME_LINUX = \"CHROME_LINUX\";\n 	public static final String LINUX_MAC = \"LINUX_MAC\";\n 	\n 	/**\n@@ -111,8 +112,8 @@ public class FirmaApplet extends JApplet{\n 				JSObject document = (JSObject) JSCommands.getWindow().getMember(\"navigator\");\n 	\n 				String userAgent = ((String) document.getMember(\"userAgent\")).toLowerCase();\n-				//System.out.println(\"userAgent: \" + userAgent);\n-				//System.out.println(\"os.name: \" + System.getProperty(\"os.name\"));\n+				System.out.println(\"userAgent: \" + userAgent);\n+				System.out.println(\"os.name: \" + System.getProperty(\"os.name\"));\n 				\n 				if (System.getProperty(\"os.name\").toLowerCase().contains(\"linux\") || \n 						System.getProperty(\"os.name\").toLowerCase().contains(\"sunos\") || \n@@ -124,8 +125,10 @@ public class FirmaApplet extends JApplet{\n 					{\n 						browser=FIREFOX;\n 					}\n-					else  \n+					else if (userAgent.indexOf(\"chrome\") > -1) \n 					{\n+						browser=CHROME_LINUX;						 \n+					} else {\n 						browser=LINUX_MAC;\n 					}\n 				} \n','firmador-digital','2013-02-10 03:37:44','2013-02-10 03:37:44'),(8368,'\'/opt/redmine-1.4/vendor/plugins/redmine_git_hosting/bin/run_git_as_git_user\' \'--git-dir\' \'repositories/cluster-innovacion/firma-digital/firmador-digital.git\' \'diff\' \'--no-color\' \'6df9d8d73180292e8eb4af9dc27ec9b7328821d3\' \'c6a9d205efe718b2b6f27f2dd5ca470569194168\' \'--\' \'app/resource\'','diff --git a/app/resource/properties/firma.properties b/app/resource/properties/firma.properties\nindex c05df36..b6bae6a 100644\n--- a/app/resource/properties/firma.properties\n+++ b/app/resource/properties/firma.properties\n@@ -81,6 +81,7 @@ errorHash=M\n errorKeyStore=Mtodo FirmaPdfHandler.keyStoreOpen():\r\n errorAlmacen=Error en la apertura del almacn de certificados\r\n errorAlmacenFirefox=Error el almacn de certificados de Firefox esta siendo utilizado por otra sesin del Applet, reinicie su navegador\r\n+errorAlmacenChromeLinux=Error el almacn de certificados de Chrome esta siendo utilizado por otra sesin del Applet, reinicie su navegador\r\n errorDirectorio=Mtodo PdfControler.SignFile(): No se ha informado el directorio  el nombre del archivo que quiere firmarse\r\n errorArchivoDestino=Mtodo PdfControler.SignFile(): No se ha informado el nombre del archivo destino de la firma\r\n errorURLCrlCA=ERROR 09, No se pudo realizar la conexin con la Autoridad Certicante\r\ndiff --git a/app/resource/properties/firma_es_AR - copia.properties b/app/resource/properties/firma_es_AR - copia.properties\nindex d47ab6d..89356ad 100644\n--- a/app/resource/properties/firma_es_AR - copia.properties	\n+++ b/app/resource/properties/firma_es_AR - copia.properties	\n@@ -80,6 +80,7 @@ errorHash=M\n errorKeyStore=Mtodo FirmaPdfHandler.keyStoreOpen():\r\n errorAlmacen=Error en la apertura del almacn de certificados\r\n errorAlmacenFirefox=Error el almacn de certificados de Firefox esta siendo utilizado por otra sesin del Applet, reinicie su navegador\r\n+errorAlmacenChromeLinux=Error el almacn de certificados de Chrome esta siendo utilizado por otra sesin del Applet, reinicie su navegador\r\n errorDirectorio=Mtodo PdfControler.SignFile(): No se ha informado el directorio  el nombre del archivo que quiere firmarse\r\n errorArchivoDestino=Mtodo PdfControler.SignFile(): No se ha informado el nombre del archivo destino de la firma\r\n errorURLCrlCA=ERROR 09, No se pudo realizar la conexin con la Autoridad Certicante\r\ndiff --git a/app/resource/properties/firma_es_AR.properties b/app/resource/properties/firma_es_AR.properties\nindex d47ab6d..89356ad 100644\n--- a/app/resource/properties/firma_es_AR.properties\n+++ b/app/resource/properties/firma_es_AR.properties\n@@ -80,6 +80,7 @@ errorHash=M\n errorKeyStore=Mtodo FirmaPdfHandler.keyStoreOpen():\r\n errorAlmacen=Error en la apertura del almacn de certificados\r\n errorAlmacenFirefox=Error el almacn de certificados de Firefox esta siendo utilizado por otra sesin del Applet, reinicie su navegador\r\n+errorAlmacenChromeLinux=Error el almacn de certificados de Chrome esta siendo utilizado por otra sesin del Applet, reinicie su navegador\r\n errorDirectorio=Mtodo PdfControler.SignFile(): No se ha informado el directorio  el nombre del archivo que quiere firmarse\r\n errorArchivoDestino=Mtodo PdfControler.SignFile(): No se ha informado el nombre del archivo destino de la firma\r\n errorURLCrlCA=ERROR 09, No se pudo realizar la conexin con la Autoridad Certicante\r\n','firmador-digital','2013-02-10 07:40:07','2013-02-10 07:40:07'),(8369,'\'/opt/redmine-1.4/vendor/plugins/redmine_git_hosting/bin/run_git_as_git_user\' \'--git-dir\' \'repositories/cluster-innovacion/firma-digital/firmador-digital.git\' \'log\' \'--no-color\' \'--encoding=UTF-8\' \'--date=iso\' \'--pretty=fuller\' \'--no-merges\' \'-n\' \'1\' \'c6a9d205efe718b2b6f27f2dd5ca470569194168\' \'--\' \'app/src/ar/gob/onti/firmador/view/DialogSecure.java\'','commit 6df9d8d73180292e8eb4af9dc27ec9b7328821d3\nAuthor:     Andres Sosto <asosto@gmail.com>\nAuthorDate: 2012-10-10 18:49:01 -0300\nCommit:     Andres Sosto <asosto@gmail.com>\nCommitDate: 2012-10-10 18:49:01 -0300\n\n    Initial project commit\n','firmador-digital','2013-02-10 07:41:00','2013-02-10 07:41:00'),(8370,'\'/opt/redmine-1.4/vendor/plugins/redmine_git_hosting/bin/run_git_as_git_user\' \'--git-dir\' \'repositories/cluster-innovacion/firma-digital/firmador-digital.git\' \'log\' \'--no-color\' \'--encoding=UTF-8\' \'--date=iso\' \'--pretty=fuller\' \'--no-merges\' \'-n\' \'1\' \'c6a9d205efe718b2b6f27f2dd5ca470569194168\' \'--\' \'app/src/ar/gob/onti/firmador/view/FirmaApplet.java\'','commit c6a9d205efe718b2b6f27f2dd5ca470569194168\nAuthor:     Fabian Collado <fabian@enyetech.com>\nAuthorDate: 2012-10-15 17:14:48 -0300\nCommit:     Fabian Collado <fabian@enyetech.com>\nCommitDate: 2012-10-15 17:14:48 -0300\n\n    Compatibilidad para Firefox 32 y 64 bit en Linux. Inicio de desarrollo de acceso de keystore para Chrome en Linux. Correccin de validacin de respuesta de servicio de output mediante status 200. Los archivos pdf en la carpeta temporal se graban con nombres random, para evitar conflictos al firmar documentos pdf consecutivos con el mismo nombre y abiertos en Acrobat Reader. Si falla el borrado del pdf temporal, igualmente continua, permite abrir el pdf con el Acrobat Reader y firmarlo al mismo tiempo\n','firmador-digital','2013-02-10 07:41:01','2013-02-10 07:41:01'),(8371,'\'/opt/redmine-1.4/vendor/plugins/redmine_git_hosting/bin/run_git_as_git_user\' \'--git-dir\' \'repositories/cluster-innovacion/firma-digital/firmador-digital.git\' \'log\' \'--no-color\' \'--encoding=UTF-8\' \'--date=iso\' \'--pretty=fuller\' \'--no-merges\' \'-n\' \'1\' \'c6a9d205efe718b2b6f27f2dd5ca470569194168\' \'--\' \'app/src/ar/gob/onti/firmador/view/JSCommands.java\'','commit 6df9d8d73180292e8eb4af9dc27ec9b7328821d3\nAuthor:     Andres Sosto <asosto@gmail.com>\nAuthorDate: 2012-10-10 18:49:01 -0300\nCommit:     Andres Sosto <asosto@gmail.com>\nCommitDate: 2012-10-10 18:49:01 -0300\n\n    Initial project commit\n','firmador-digital','2013-02-10 07:41:01','2013-02-10 07:41:01'),(8372,'\'/opt/redmine-1.4/vendor/plugins/redmine_git_hosting/bin/run_git_as_git_user\' \'--git-dir\' \'repositories/cluster-innovacion/firma-digital/firmador-digital.git\' \'log\' \'--no-color\' \'--encoding=UTF-8\' \'--date=iso\' \'--pretty=fuller\' \'--no-merges\' \'-n\' \'1\' \'c6a9d205efe718b2b6f27f2dd5ca470569194168\' \'--\' \'app/src/ar/gob/onti/firmador/view/PanelPrincipal.java\'','commit 6df9d8d73180292e8eb4af9dc27ec9b7328821d3\nAuthor:     Andres Sosto <asosto@gmail.com>\nAuthorDate: 2012-10-10 18:49:01 -0300\nCommit:     Andres Sosto <asosto@gmail.com>\nCommitDate: 2012-10-10 18:49:01 -0300\n\n    Initial project commit\n','firmador-digital','2013-02-10 07:41:01','2013-02-10 07:41:01'),(8373,'\'/opt/redmine-1.4/vendor/plugins/redmine_git_hosting/bin/run_git_as_git_user\' \'--git-dir\' \'repositories/cluster-innovacion/firma-digital/firmador-digital.git\' \'log\' \'--no-color\' \'--encoding=UTF-8\' \'--date=iso\' \'--pretty=fuller\' \'--no-merges\' \'-n\' \'1\' \'c6a9d205efe718b2b6f27f2dd5ca470569194168\' \'--\' \'app/src/ar/gob/onti/firmador/view/VentanaPrincipal.java\'','commit 6df9d8d73180292e8eb4af9dc27ec9b7328821d3\nAuthor:     Andres Sosto <asosto@gmail.com>\nAuthorDate: 2012-10-10 18:49:01 -0300\nCommit:     Andres Sosto <asosto@gmail.com>\nCommitDate: 2012-10-10 18:49:01 -0300\n\n    Initial project commit\n','firmador-digital','2013-02-10 07:41:01','2013-02-10 07:41:01'),(8374,'\'/opt/redmine-1.4/vendor/plugins/redmine_git_hosting/bin/run_git_as_git_user\' \'--git-dir\' \'repositories/cluster-innovacion/firma-digital/firmador-digital.git\' \'log\' \'--no-color\' \'--encoding=UTF-8\' \'--date=iso\' \'--pretty=fuller\' \'--no-merges\' \'-n\' \'1\' \'c6a9d205efe718b2b6f27f2dd5ca470569194168\' \'--\' \'app/src/ar/gob/onti/firmador/view/certificatelist\'','commit 6df9d8d73180292e8eb4af9dc27ec9b7328821d3\nAuthor:     Andres Sosto <asosto@gmail.com>\nAuthorDate: 2012-10-10 18:49:01 -0300\nCommit:     Andres Sosto <asosto@gmail.com>\nCommitDate: 2012-10-10 18:49:01 -0300\n\n    Initial project commit\n','firmador-digital','2013-02-10 07:41:01','2013-02-10 07:41:01'),(8375,'\'/opt/redmine-1.4/vendor/plugins/redmine_git_hosting/bin/run_git_as_git_user\' \'--git-dir\' \'repositories/cluster-innovacion/firma-digital/firmador-digital.git\' \'log\' \'--no-color\' \'--encoding=UTF-8\' \'--date=iso\' \'--pretty=fuller\' \'--no-merges\' \'-n\' \'1\' \'c6a9d205efe718b2b6f27f2dd5ca470569194168\' \'--\' \'app/src/ar/gob/onti/firmador/view/questionlist\'','commit 6df9d8d73180292e8eb4af9dc27ec9b7328821d3\nAuthor:     Andres Sosto <asosto@gmail.com>\nAuthorDate: 2012-10-10 18:49:01 -0300\nCommit:     Andres Sosto <asosto@gmail.com>\nCommitDate: 2012-10-10 18:49:01 -0300\n\n    Initial project commit\n','firmador-digital','2013-02-10 07:41:01','2013-02-10 07:41:01'),(8376,'\'/opt/redmine-1.4/vendor/plugins/redmine_git_hosting/bin/run_git_as_git_user\' \'--git-dir\' \'repositories/cluster-innovacion/firma-digital/firmador-digital.git\' \'ls-tree\' \'-l\' \'c6a9d205efe718b2b6f27f2dd5ca470569194168:app/src/ar/gob/onti/firmador/view\'','100644 blob 51f4955b85477d5f700dad6a11432e897e262c47    2908	DialogSecure.java\n100644 blob 186df2e6d58b8c40ac380d13b1bc339f44ae1af0    5635	FirmaApplet.java\n100644 blob 89930e2a27c868cbdbe1f01900809a4fbcda549c     562	JSCommands.java\n100644 blob d68e36fbdec53e470e81f1e728a99493448c9067     786	PanelPrincipal.java\n100644 blob 0775e793592128030079ed7740f607ede04a4604   20438	VentanaPrincipal.java\n040000 tree 8f5cd922deaac1efaeca11ad8a05e0d96ce0e5f8       -	certificatelist\n040000 tree de762ffdaef21e385752b3d787343f2c9ff5e0ef       -	questionlist\n','firmador-digital','2013-02-10 07:41:01','2013-02-10 07:41:01'),(8377,'\'/opt/redmine-1.4/vendor/plugins/redmine_git_hosting/bin/run_git_as_git_user\' \'--git-dir\' \'repositories/cluster-innovacion/firma-digital/firmador-digital.git\' \'log\' \'--no-color\' \'--encoding=UTF-8\' \'--raw\' \'--date=iso\' \'--pretty=fuller\' \'--parents\' \'--stdin\' \'-n\' \'10\' \'--\' \'app/src/ar/gob/onti/firmador/view\'\nc6a9d205efe718b2b6f27f2dd5ca470569194168\n','commit c6a9d205efe718b2b6f27f2dd5ca470569194168 6df9d8d73180292e8eb4af9dc27ec9b7328821d3\nAuthor:     Fabian Collado <fabian@enyetech.com>\nAuthorDate: 2012-10-15 17:14:48 -0300\nCommit:     Fabian Collado <fabian@enyetech.com>\nCommitDate: 2012-10-15 17:14:48 -0300\n\n    Compatibilidad para Firefox 32 y 64 bit en Linux. Inicio de desarrollo de acceso de keystore para Chrome en Linux. Correccin de validacin de respuesta de servicio de output mediante status 200. Los archivos pdf en la carpeta temporal se graban con nombres random, para evitar conflictos al firmar documentos pdf consecutivos con el mismo nombre y abiertos en Acrobat Reader. Si falla el borrado del pdf temporal, igualmente continua, permite abrir el pdf con el Acrobat Reader y firmarlo al mismo tiempo\n\n:100644 100644 54eb289... 186df2e... M	app/src/ar/gob/onti/firmador/view/FirmaApplet.java\n\ncommit 6df9d8d73180292e8eb4af9dc27ec9b7328821d3\nAuthor:     Andres Sosto <asosto@gmail.com>\nAuthorDate: 2012-10-10 18:49:01 -0300\nCommit:     Andres Sosto <asosto@gmail.com>\nCommitDate: 2012-10-10 18:49:01 -0300\n\n    Initial project commit\n\n:000000 100644 0000000... 51f4955... A	app/src/ar/gob/onti/firmador/view/DialogSecure.java\n:000000 100644 0000000... 54eb289... A	app/src/ar/gob/onti/firmador/view/FirmaApplet.java\n:000000 100644 0000000... 89930e2... A	app/src/ar/gob/onti/firmador/view/JSCommands.java\n:000000 100644 0000000... d68e36f... A	app/src/ar/gob/onti/firmador/view/PanelPrincipal.java\n:000000 100644 0000000... 0775e79... A	app/src/ar/gob/onti/firmador/view/VentanaPrincipal.java\n:000000 100644 0000000... e45298d... A	app/src/ar/gob/onti/firmador/view/certificatelist/AbstractCellEditor.java\n:000000 100644 0000000... 9b7a6e5... A	app/src/ar/gob/onti/firmador/view/certificatelist/CertsTreeTable.java\n:000000 100644 0000000... 69ac73a... A	app/src/ar/gob/onti/firmador/view/certificatelist/JTreeTable.java\n:000000 100644 0000000... 9190922... A	app/src/ar/gob/onti/firmador/view/certificatelist/TreeTableModelAdapter.java\n:000000 100644 0000000... fdf6308... A	app/src/ar/gob/onti/firmador/view/questionlist/QuestionList.java\n','firmador-digital','2013-02-10 07:41:01','2013-02-10 07:41:01'),(8378,'\'/opt/redmine-1.4/vendor/plugins/redmine_git_hosting/bin/run_git_as_git_user\' \'--git-dir\' \'repositories/cluster-innovacion/firma-digital/firmador-digital.git\' \'log\' \'--no-color\' \'--encoding=UTF-8\' \'--raw\' \'--date=iso\' \'--pretty=fuller\' \'--parents\' \'--stdin\' \'-n\' \'100\' \'--\' \'app/src/ar/gob/onti/firmador/view/FirmaApplet.java\'\nc6a9d205efe718b2b6f27f2dd5ca470569194168\n','commit c6a9d205efe718b2b6f27f2dd5ca470569194168 6df9d8d73180292e8eb4af9dc27ec9b7328821d3\nAuthor:     Fabian Collado <fabian@enyetech.com>\nAuthorDate: 2012-10-15 17:14:48 -0300\nCommit:     Fabian Collado <fabian@enyetech.com>\nCommitDate: 2012-10-15 17:14:48 -0300\n\n    Compatibilidad para Firefox 32 y 64 bit en Linux. Inicio de desarrollo de acceso de keystore para Chrome en Linux. Correccin de validacin de respuesta de servicio de output mediante status 200. Los archivos pdf en la carpeta temporal se graban con nombres random, para evitar conflictos al firmar documentos pdf consecutivos con el mismo nombre y abiertos en Acrobat Reader. Si falla el borrado del pdf temporal, igualmente continua, permite abrir el pdf con el Acrobat Reader y firmarlo al mismo tiempo\n\n:100644 100644 54eb289... 186df2e... M	app/src/ar/gob/onti/firmador/view/FirmaApplet.java\n\ncommit 6df9d8d73180292e8eb4af9dc27ec9b7328821d3\nAuthor:     Andres Sosto <asosto@gmail.com>\nAuthorDate: 2012-10-10 18:49:01 -0300\nCommit:     Andres Sosto <asosto@gmail.com>\nCommitDate: 2012-10-10 18:49:01 -0300\n\n    Initial project commit\n\n:000000 100644 0000000... 54eb289... A	app/src/ar/gob/onti/firmador/view/FirmaApplet.java\n','firmador-digital','2013-02-10 07:51:27','2013-02-10 07:51:27'),(8379,'\'/opt/redmine-1.4/vendor/plugins/redmine_git_hosting/bin/run_git_as_git_user\' \'--git-dir\' \'repositories/cluster-innovacion/firma-digital/firmador-digital.git\' \'branch\' \'--no-color\' \'--verbose\' \'--no-abbrev\'','* master 53105af80fd65cd9404dbeecbaaa6b531be672fe Creacion de perfiles de compilacin para test y produccin. Firmado mediante variables de entorno\n','firmador-digital','2013-02-10 07:51:27','2013-02-10 07:51:27'),(8380,'\'/opt/redmine-1.4/vendor/plugins/redmine_git_hosting/bin/run_git_as_git_user\' \'--git-dir\' \'repositories/cluster-innovacion/firma-digital/firmador-digital.git\' \'log\' \'--no-color\' \'--encoding=UTF-8\' \'--date=iso\' \'--pretty=fuller\' \'--no-merges\' \'-n\' \'1\' \'c6a9d205efe718b2b6f27f2dd5ca470569194168\' \'--\' \'app/src/ar/gob/onti\'','commit c6a9d205efe718b2b6f27f2dd5ca470569194168\nAuthor:     Fabian Collado <fabian@enyetech.com>\nAuthorDate: 2012-10-15 17:14:48 -0300\nCommit:     Fabian Collado <fabian@enyetech.com>\nCommitDate: 2012-10-15 17:14:48 -0300\n\n    Compatibilidad para Firefox 32 y 64 bit en Linux. Inicio de desarrollo de acceso de keystore para Chrome en Linux. Correccin de validacin de respuesta de servicio de output mediante status 200. Los archivos pdf en la carpeta temporal se graban con nombres random, para evitar conflictos al firmar documentos pdf consecutivos con el mismo nombre y abiertos en Acrobat Reader. Si falla el borrado del pdf temporal, igualmente continua, permite abrir el pdf con el Acrobat Reader y firmarlo al mismo tiempo\n','firmador-digital','2013-02-10 08:00:02','2013-02-10 08:00:02'),(8381,'\'/opt/redmine-1.4/vendor/plugins/redmine_git_hosting/bin/run_git_as_git_user\' \'--git-dir\' \'repositories/cluster-innovacion/firma-digital/firmador-digital.git\' \'ls-tree\' \'-l\' \'c6a9d205efe718b2b6f27f2dd5ca470569194168:app/src/ar/gob\'','040000 tree 140ccd606d626bf34a81c267116acf644daa760f       -	onti\n','firmador-digital','2013-02-10 08:00:02','2013-02-10 08:00:02'),(8382,'\'/opt/redmine-1.4/vendor/plugins/redmine_git_hosting/bin/run_git_as_git_user\' \'--git-dir\' \'repositories/cluster-innovacion/firma-digital/firmador-digital.git\' \'log\' \'--no-color\' \'--encoding=UTF-8\' \'--raw\' \'--date=iso\' \'--pretty=fuller\' \'--parents\' \'--stdin\' \'-n\' \'10\' \'--\' \'app/src/ar/gob\'\nc6a9d205efe718b2b6f27f2dd5ca470569194168\n','commit c6a9d205efe718b2b6f27f2dd5ca470569194168 6df9d8d73180292e8eb4af9dc27ec9b7328821d3\nAuthor:     Fabian Collado <fabian@enyetech.com>\nAuthorDate: 2012-10-15 17:14:48 -0300\nCommit:     Fabian Collado <fabian@enyetech.com>\nCommitDate: 2012-10-15 17:14:48 -0300\n\n    Compatibilidad para Firefox 32 y 64 bit en Linux. Inicio de desarrollo de acceso de keystore para Chrome en Linux. Correccin de validacin de respuesta de servicio de output mediante status 200. Los archivos pdf en la carpeta temporal se graban con nombres random, para evitar conflictos al firmar documentos pdf consecutivos con el mismo nombre y abiertos en Acrobat Reader. Si falla el borrado del pdf temporal, igualmente continua, permite abrir el pdf con el Acrobat Reader y firmarlo al mismo tiempo\n\n:100644 100644 324d5f5... d1d53ad... M	app/src/ar/gob/onti/firmador/controler/FileSystem.java\n:100644 100644 d3ee718... 9356c04... M	app/src/ar/gob/onti/firmador/controler/FirmaControler.java\n:100644 100644 d29ce3d... 1306d18... M	app/src/ar/gob/onti/firmador/controler/PdfControler.java\n:100644 100644 f6b966a... 6347f15... M	app/src/ar/gob/onti/firmador/controler/conection/HttpFileUploader.java\n:000000 100644 0000000... dcc025c... A	app/src/ar/gob/onti/firmador/exception/ChromeKeyStoreException.java\n:000000 100644 0000000... a9a1122... A	app/src/ar/gob/onti/firmador/exception/ChromeNotFoundException.java\n:000000 100644 0000000... 02bb9fb... A	app/src/ar/gob/onti/firmador/model/ChromeLinux.java\n:100644 100644 18f8992... ea9ca43... M	app/src/ar/gob/onti/firmador/model/Mozilla.java\n:100644 100644 4e0d2b9... 75c2cfb... M	app/src/ar/gob/onti/firmador/model/PropsConfig.java\n:100644 100644 54eb289... 186df2e... M	app/src/ar/gob/onti/firmador/view/FirmaApplet.java\n\ncommit 6df9d8d73180292e8eb4af9dc27ec9b7328821d3\nAuthor:     Andres Sosto <asosto@gmail.com>\nAuthorDate: 2012-10-10 18:49:01 -0300\nCommit:     Andres Sosto <asosto@gmail.com>\nCommitDate: 2012-10-10 18:49:01 -0300\n\n    Initial project commit\n\n:000000 100644 0000000... 324d5f5... A	app/src/ar/gob/onti/firmador/controler/FileSystem.java\n:000000 100644 0000000... d3ee718... A	app/src/ar/gob/onti/firmador/controler/FirmaControler.java\n:000000 100644 0000000... d29ce3d... A	app/src/ar/gob/onti/firmador/controler/PdfControler.java\n:000000 100644 0000000... 9bef0eb... A	app/src/ar/gob/onti/firmador/controler/StoreDctnry.java\n:000000 100644 0000000... 01527d7... A	app/src/ar/gob/onti/firmador/controler/conection/HttpFileConnection.java\n:000000 100644 0000000... da13be6... A	app/src/ar/gob/onti/firmador/controler/conection/HttpFileDownLoader.java\n:000000 100644 0000000... f6b966a... A	app/src/ar/gob/onti/firmador/controler/conection/HttpFileUploader.java\n:000000 100644 0000000... 90b276c... A	app/src/ar/gob/onti/firmador/exception/MozillaKeyStoreException.java\n:000000 100644 0000000... 955cf88... A	app/src/ar/gob/onti/firmador/exception/MozillaNotFoundException.java\n:000000 100644 0000000... 70a431c... A	app/src/ar/gob/onti/firmador/model/AppleSafari.java\n:000000 100644 0000000... e766bab... A	app/src/ar/gob/onti/firmador/model/CRLInfo.java\n:000000 100644 0000000... 18f8992... A	app/src/ar/gob/onti/firmador/model/Mozilla.java\n:000000 100644 0000000... ef9d07f... A	app/src/ar/gob/onti/firmador/model/PreguntaRespuesta.java\n:000000 100644 0000000... 1635b65... A	app/src/ar/gob/onti/firmador/model/PreguntasRespuestas.java\n:000000 100644 0000000... 4e0d2b9... A	app/src/ar/gob/onti/firmador/model/PropsConfig.java\n:000000 100644 0000000... cfb323f... A	app/src/ar/gob/onti/firmador/model/Proxy.java\n:000000 100644 0000000... e7abf25... A	app/src/ar/gob/onti/firmador/model/RegQuery.java\n:000000 100644 0000000... 6dd5c2f... A	app/src/ar/gob/onti/firmador/model/certificatelist/AbstractTreeTableModel.java\n:000000 100644 0000000... 74d799f... A	app/src/ar/gob/onti/firmador/model/certificatelist/CertifsModel.java\n:000000 100644 0000000... b2bb0d7... A	app/src/ar/gob/onti/firmador/model/certificatelist/ComparatorAliasCert.java\n:000000 100644 0000000... ad77304... A	app/src/ar/gob/onti/firmador/model/certificatelist/TreeTableModel.java\n:000000 100644 0000000... 27dce93... A	app/src/ar/gob/onti/firmador/util/Util.java\n:000000 100644 0000000... 51f4955... A	app/src/ar/gob/onti/firmador/view/DialogSecure.java\n:000000 100644 0000000... 54eb289... A	app/src/ar/gob/onti/firmador/view/FirmaApplet.java\n:000000 100644 0000000... 89930e2... A	app/src/ar/gob/onti/firmador/view/JSCommands.java\n:000000 100644 0000000... d68e36f... A	app/src/ar/gob/onti/firmador/view/PanelPrincipal.java\n:000000 100644 0000000... 0775e79... A	app/src/ar/gob/onti/firmador/view/VentanaPrincipal.java\n:000000 100644 0000000... e45298d... A	app/src/ar/gob/onti/firmador/view/certificatelist/AbstractCellEditor.java\n:000000 100644 0000000... 9b7a6e5... A	app/src/ar/gob/onti/firmador/view/certificatelist/CertsTreeTable.java\n:000000 100644 0000000... 69ac73a... A	app/src/ar/gob/onti/firmador/view/certificatelist/JTreeTable.java\n:000000 100644 0000000... 9190922... A	app/src/ar/gob/onti/firmador/view/certificatelist/TreeTableModelAdapter.java\n:000000 100644 0000000... fdf6308... A	app/src/ar/gob/onti/firmador/view/questionlist/QuestionList.java\n','firmador-digital','2013-02-10 08:00:03','2013-02-10 08:00:03'),(8383,'\'/opt/redmine-1.4/vendor/plugins/redmine_git_hosting/bin/run_git_as_git_user\' \'--git-dir\' \'repositories/cluster-innovacion/firma-digital/firmador-digital.git\' \'diff\' \'--no-color\' \'6df9d8d73180292e8eb4af9dc27ec9b7328821d3\' \'c6a9d205efe718b2b6f27f2dd5ca470569194168\' \'--\' \'app/src/ar/gob/onti/firmador/model/Mozilla.java\'','diff --git a/app/src/ar/gob/onti/firmador/model/Mozilla.java b/app/src/ar/gob/onti/firmador/model/Mozilla.java\nindex 18f8992..ea9ca43 100644\n--- a/app/src/ar/gob/onti/firmador/model/Mozilla.java\n+++ b/app/src/ar/gob/onti/firmador/model/Mozilla.java\n@@ -35,8 +35,11 @@ import java.util.Iterator;\n import java.util.List;\r\n import java.util.Vector;\r\n \r\n+import netscape.javascript.JSObject;\r\n+\r\n import ar.gob.onti.firmador.exception.MozillaNotFoundException;\r\n import ar.gob.onti.firmador.util.Util;\r\n+import ar.gob.onti.firmador.view.JSCommands;\r\n \r\n /**\r\n  * clase que modeliza el acceso a la keystore de firefox\r\n@@ -135,45 +138,52 @@ public class Mozilla {\n 		if(System.getProperty(\"os.name\").contains(\"inux\") || System.getProperty(\"os.name\").contains(\"SunOS\") || \r\n 				System.getProperty(\"os.name\").contains(\"olaris\")){\r\n 			System.out.println(\"[Mozilla]::Buscando la carpeta con las libreras de Mozilla en Linux/Unix\");\r\n-			if (new File(\"/lib/libsoftokn3.so\").exists()) {\r\n-				System.out.println(\"[Mozilla]::Se ha encontrado la carpeta con las libreras de Mozilla Firefox en Linux/Unix: /lib\");\r\n-				return new File(\"/lib\");\r\n-			}\r\n-			if (new File(\"/usr/lib/libsoftokn3.so\").exists()) {\r\n-				System.out.println(\"[Mozilla]::Se ha encontrado la carpeta con las libreras de Mozilla Firefox en Linux/Unix: /usr/lib\");\r\n-				return new File(\"/usr/lib\");\r\n-			}\r\n-			if (new File(\"/usr/lib/firefox/libsoftokn3.so\").exists()) {\r\n-				System.out.println(\"[Mozilla]::Se ha encontrado la carpeta con las libreras de Mozilla Firefox en Linux/Unix: /usr/lib/firefox\");\r\n-				return new File(\"/usr/lib/firefox\");\r\n-			}\r\n-			if (new File(\"/usr/lib/mozilla/libsoftokn3.so\").exists()) {\r\n-				System.out.println(\"[Mozilla]::Se ha encontrado la carpeta con las libreras de Mozilla Firefox en Linux/Unix: /usr/lib/mozilla\");\r\n-				return new File(\"/usr/lib/mozilla\");\r\n-			}\r\n-			if (new File(\"/usr/lib/nss/libsoftokn3.so\").exists()) {\r\n-				System.out.println(\"[Mozilla]::Se ha encontrado la carpeta con las libreras de Mozilla Firefox en Linux/Unix: /usr/lib/nss\");\r\n-				return new File(\"/usr/lib/nss\");\r\n-			}\r\n-			if (new File(\"/lib64/libsoftokn3.so\").exists()) {\r\n-				System.out.println(\"[Mozilla]::Se ha encontrado la carpeta con las libreras de Mozilla Firefox en Linux/Unix: /lib64\");\r\n-				return new File(\"/lib64\");\r\n-			}\r\n-			if (new File(\"/usr/lib64/libsoftokn3.so\").exists()) {\r\n-				System.out.println(\"[Mozilla]::Se ha encontrado la carpeta con las libreras de Mozilla Firefox en Linux/Unix: /usr/lib64\");\r\n-				return new File(\"/usr/lib64\");\r\n-			}\r\n-			if (new File(\"/usr/lib64/firefox/libsoftokn3.so\").exists()) {\r\n-				System.out.println(\"[Mozilla]::Se ha encontrado la carpeta con las libreras de Mozilla Firefox en Linux/Unix: /usr/lib64/firefox\");\r\n-				return new File(\"/usr/lib64/firefox\");\r\n-			}\r\n-			if (new File(\"/usr/lib64/mozilla/libsoftokn3.so\").exists()) {\r\n-				System.out.println(\"[Mozilla]::Se ha encontrado la carpeta con las libreras de Mozilla Firefox en Linux/Unix: /usr/lib64/mozilla\");\r\n-				return new File(\"/usr/lib64/mozilla\");\r\n-			}\r\n-			if (new File(\"/usr/lib64/nss/libsoftokn3.so\").exists()) {\r\n-				System.out.println(\"[Mozilla]::Se ha encontrado la carpeta con las libreras de Mozilla Firefox en Linux/Unix: /usr/lib64/nss\");\r\n-				return new File(\"/usr/lib64/nss\");\r\n+\r\n+			JSObject document = (JSObject) JSCommands.getWindow().getMember(\"navigator\");\r\n+			String userAgent = ((String) document.getMember(\"userAgent\")).toLowerCase();\r\n+\r\n+			if (userAgent.contains(\"x86_64\")) {\r\n+				if (new File(\"/lib64/libsoftokn3.so\").exists()) {\r\n+					System.out.println(\"[Mozilla]::Se ha encontrado la carpeta con las libreras de Mozilla Firefox en Linux/Unix: /lib64\");\r\n+					return new File(\"/lib64\");\r\n+				}\r\n+				if (new File(\"/usr/lib64/libsoftokn3.so\").exists()) {\r\n+					System.out.println(\"[Mozilla]::Se ha encontrado la carpeta con las libreras de Mozilla Firefox en Linux/Unix: /usr/lib64\");\r\n+					return new File(\"/usr/lib64\");\r\n+				}\r\n+				if (new File(\"/usr/lib64/firefox/libsoftokn3.so\").exists()) {\r\n+					System.out.println(\"[Mozilla]::Se ha encontrado la carpeta con las libreras de Mozilla Firefox en Linux/Unix: /usr/lib64/firefox\");\r\n+					return new File(\"/usr/lib64/firefox\");\r\n+				}\r\n+				if (new File(\"/usr/lib64/mozilla/libsoftokn3.so\").exists()) {\r\n+					System.out.println(\"[Mozilla]::Se ha encontrado la carpeta con las libreras de Mozilla Firefox en Linux/Unix: /usr/lib64/mozilla\");\r\n+					return new File(\"/usr/lib64/mozilla\");\r\n+				}\r\n+				if (new File(\"/usr/lib64/nss/libsoftokn3.so\").exists()) {\r\n+					System.out.println(\"[Mozilla]::Se ha encontrado la carpeta con las libreras de Mozilla Firefox en Linux/Unix: /usr/lib64/nss\");\r\n+					return new File(\"/usr/lib64/nss\");\r\n+				}				\r\n+			} else {\r\n+				if (new File(\"/lib/libsoftokn3.so\").exists()) {\r\n+					System.out.println(\"[Mozilla]::Se ha encontrado la carpeta con las libreras de Mozilla Firefox en Linux/Unix: /lib\");\r\n+					return new File(\"/lib\");\r\n+				}\r\n+				if (new File(\"/usr/lib/libsoftokn3.so\").exists()) {\r\n+					System.out.println(\"[Mozilla]::Se ha encontrado la carpeta con las libreras de Mozilla Firefox en Linux/Unix: /usr/lib\");\r\n+					return new File(\"/usr/lib\");\r\n+				}\r\n+				if (new File(\"/usr/lib/firefox/libsoftokn3.so\").exists()) {\r\n+					System.out.println(\"[Mozilla]::Se ha encontrado la carpeta con las libreras de Mozilla Firefox en Linux/Unix: /usr/lib/firefox\");\r\n+					return new File(\"/usr/lib/firefox\");\r\n+				}\r\n+				if (new File(\"/usr/lib/mozilla/libsoftokn3.so\").exists()) {\r\n+					System.out.println(\"[Mozilla]::Se ha encontrado la carpeta con las libreras de Mozilla Firefox en Linux/Unix: /usr/lib/mozilla\");\r\n+					return new File(\"/usr/lib/mozilla\");\r\n+				}\r\n+				if (new File(\"/usr/lib/nss/libsoftokn3.so\").exists()) {\r\n+					System.out.println(\"[Mozilla]::Se ha encontrado la carpeta con las libreras de Mozilla Firefox en Linux/Unix: /usr/lib/nss\");\r\n+					return new File(\"/usr/lib/nss\");\r\n+				}				\r\n 			}\r\n 		}\r\n 		\r\n','firmador-digital','2013-02-10 08:39:47','2013-02-10 08:39:47'),(8384,'\'/opt/redmine-1.4/vendor/plugins/redmine_git_hosting/bin/run_git_as_git_user\' \'--git-dir\' \'repositories/cluster-innovacion/firma-digital/firmador-digital.git\' \'log\' \'--no-color\' \'--encoding=UTF-8\' \'--date=iso\' \'--pretty=fuller\' \'--no-merges\' \'-n\' \'1\' \'c6a9d205efe718b2b6f27f2dd5ca470569194168\' \'--\' \'app/src/ar/gob/onti/firmador/model/AppleSafari.java\'','commit 6df9d8d73180292e8eb4af9dc27ec9b7328821d3\nAuthor:     Andres Sosto <asosto@gmail.com>\nAuthorDate: 2012-10-10 18:49:01 -0300\nCommit:     Andres Sosto <asosto@gmail.com>\nCommitDate: 2012-10-10 18:49:01 -0300\n\n    Initial project commit\n','firmador-digital','2013-02-10 09:36:53','2013-02-10 09:36:53'),(8385,'\'/opt/redmine-1.4/vendor/plugins/redmine_git_hosting/bin/run_git_as_git_user\' \'--git-dir\' \'repositories/cluster-innovacion/firma-digital/firmador-digital.git\' \'log\' \'--no-color\' \'--encoding=UTF-8\' \'--date=iso\' \'--pretty=fuller\' \'--no-merges\' \'-n\' \'1\' \'c6a9d205efe718b2b6f27f2dd5ca470569194168\' \'--\' \'app/src/ar/gob/onti/firmador/model/CRLInfo.java\'','commit 6df9d8d73180292e8eb4af9dc27ec9b7328821d3\nAuthor:     Andres Sosto <asosto@gmail.com>\nAuthorDate: 2012-10-10 18:49:01 -0300\nCommit:     Andres Sosto <asosto@gmail.com>\nCommitDate: 2012-10-10 18:49:01 -0300\n\n    Initial project commit\n','firmador-digital','2013-02-10 09:36:53','2013-02-10 09:36:53'),(8386,'\'/opt/redmine-1.4/vendor/plugins/redmine_git_hosting/bin/run_git_as_git_user\' \'--git-dir\' \'repositories/cluster-innovacion/firma-digital/firmador-digital.git\' \'log\' \'--no-color\' \'--encoding=UTF-8\' \'--date=iso\' \'--pretty=fuller\' \'--no-merges\' \'-n\' \'1\' \'c6a9d205efe718b2b6f27f2dd5ca470569194168\' \'--\' \'app/src/ar/gob/onti/firmador/model/ChromeLinux.java\'','commit c6a9d205efe718b2b6f27f2dd5ca470569194168\nAuthor:     Fabian Collado <fabian@enyetech.com>\nAuthorDate: 2012-10-15 17:14:48 -0300\nCommit:     Fabian Collado <fabian@enyetech.com>\nCommitDate: 2012-10-15 17:14:48 -0300\n\n    Compatibilidad para Firefox 32 y 64 bit en Linux. Inicio de desarrollo de acceso de keystore para Chrome en Linux. Correccin de validacin de respuesta de servicio de output mediante status 200. Los archivos pdf en la carpeta temporal se graban con nombres random, para evitar conflictos al firmar documentos pdf consecutivos con el mismo nombre y abiertos en Acrobat Reader. Si falla el borrado del pdf temporal, igualmente continua, permite abrir el pdf con el Acrobat Reader y firmarlo al mismo tiempo\n','firmador-digital','2013-02-10 09:36:53','2013-02-10 09:36:53'),(8387,'\'/opt/redmine-1.4/vendor/plugins/redmine_git_hosting/bin/run_git_as_git_user\' \'--git-dir\' \'repositories/cluster-innovacion/firma-digital/firmador-digital.git\' \'log\' \'--no-color\' \'--encoding=UTF-8\' \'--date=iso\' \'--pretty=fuller\' \'--no-merges\' \'-n\' \'1\' \'c6a9d205efe718b2b6f27f2dd5ca470569194168\' \'--\' \'app/src/ar/gob/onti/firmador/model/Mozilla.java\'','commit c6a9d205efe718b2b6f27f2dd5ca470569194168\nAuthor:     Fabian Collado <fabian@enyetech.com>\nAuthorDate: 2012-10-15 17:14:48 -0300\nCommit:     Fabian Collado <fabian@enyetech.com>\nCommitDate: 2012-10-15 17:14:48 -0300\n\n    Compatibilidad para Firefox 32 y 64 bit en Linux. Inicio de desarrollo de acceso de keystore para Chrome en Linux. Correccin de validacin de respuesta de servicio de output mediante status 200. Los archivos pdf en la carpeta temporal se graban con nombres random, para evitar conflictos al firmar documentos pdf consecutivos con el mismo nombre y abiertos en Acrobat Reader. Si falla el borrado del pdf temporal, igualmente continua, permite abrir el pdf con el Acrobat Reader y firmarlo al mismo tiempo\n','firmador-digital','2013-02-10 09:36:53','2013-02-10 09:36:53'),(8388,'\'/opt/redmine-1.4/vendor/plugins/redmine_git_hosting/bin/run_git_as_git_user\' \'--git-dir\' \'repositories/cluster-innovacion/firma-digital/firmador-digital.git\' \'log\' \'--no-color\' \'--encoding=UTF-8\' \'--date=iso\' \'--pretty=fuller\' \'--no-merges\' \'-n\' \'1\' \'c6a9d205efe718b2b6f27f2dd5ca470569194168\' \'--\' \'app/src/ar/gob/onti/firmador/model/PreguntaRespuesta.java\'','commit 6df9d8d73180292e8eb4af9dc27ec9b7328821d3\nAuthor:     Andres Sosto <asosto@gmail.com>\nAuthorDate: 2012-10-10 18:49:01 -0300\nCommit:     Andres Sosto <asosto@gmail.com>\nCommitDate: 2012-10-10 18:49:01 -0300\n\n    Initial project commit\n','firmador-digital','2013-02-10 09:36:53','2013-02-10 09:36:53'),(8389,'\'/opt/redmine-1.4/vendor/plugins/redmine_git_hosting/bin/run_git_as_git_user\' \'--git-dir\' \'repositories/cluster-innovacion/firma-digital/firmador-digital.git\' \'log\' \'--no-color\' \'--encoding=UTF-8\' \'--date=iso\' \'--pretty=fuller\' \'--no-merges\' \'-n\' \'1\' \'c6a9d205efe718b2b6f27f2dd5ca470569194168\' \'--\' \'app/src/ar/gob/onti/firmador/model/PreguntasRespuestas.java\'','commit 6df9d8d73180292e8eb4af9dc27ec9b7328821d3\nAuthor:     Andres Sosto <asosto@gmail.com>\nAuthorDate: 2012-10-10 18:49:01 -0300\nCommit:     Andres Sosto <asosto@gmail.com>\nCommitDate: 2012-10-10 18:49:01 -0300\n\n    Initial project commit\n','firmador-digital','2013-02-10 09:36:53','2013-02-10 09:36:53'),(8390,'\'/opt/redmine-1.4/vendor/plugins/redmine_git_hosting/bin/run_git_as_git_user\' \'--git-dir\' \'repositories/cluster-innovacion/firma-digital/firmador-digital.git\' \'log\' \'--no-color\' \'--encoding=UTF-8\' \'--date=iso\' \'--pretty=fuller\' \'--no-merges\' \'-n\' \'1\' \'c6a9d205efe718b2b6f27f2dd5ca470569194168\' \'--\' \'app/src/ar/gob/onti/firmador/model/PropsConfig.java\'','commit c6a9d205efe718b2b6f27f2dd5ca470569194168\nAuthor:     Fabian Collado <fabian@enyetech.com>\nAuthorDate: 2012-10-15 17:14:48 -0300\nCommit:     Fabian Collado <fabian@enyetech.com>\nCommitDate: 2012-10-15 17:14:48 -0300\n\n    Compatibilidad para Firefox 32 y 64 bit en Linux. Inicio de desarrollo de acceso de keystore para Chrome en Linux. Correccin de validacin de respuesta de servicio de output mediante status 200. Los archivos pdf en la carpeta temporal se graban con nombres random, para evitar conflictos al firmar documentos pdf consecutivos con el mismo nombre y abiertos en Acrobat Reader. Si falla el borrado del pdf temporal, igualmente continua, permite abrir el pdf con el Acrobat Reader y firmarlo al mismo tiempo\n','firmador-digital','2013-02-10 09:36:54','2013-02-10 09:36:54'),(8391,'\'/opt/redmine-1.4/vendor/plugins/redmine_git_hosting/bin/run_git_as_git_user\' \'--git-dir\' \'repositories/cluster-innovacion/firma-digital/firmador-digital.git\' \'log\' \'--no-color\' \'--encoding=UTF-8\' \'--date=iso\' \'--pretty=fuller\' \'--no-merges\' \'-n\' \'1\' \'c6a9d205efe718b2b6f27f2dd5ca470569194168\' \'--\' \'app/src/ar/gob/onti/firmador/model/Proxy.java\'','commit 6df9d8d73180292e8eb4af9dc27ec9b7328821d3\nAuthor:     Andres Sosto <asosto@gmail.com>\nAuthorDate: 2012-10-10 18:49:01 -0300\nCommit:     Andres Sosto <asosto@gmail.com>\nCommitDate: 2012-10-10 18:49:01 -0300\n\n    Initial project commit\n','firmador-digital','2013-02-10 09:36:54','2013-02-10 09:36:54'),(8392,'\'/opt/redmine-1.4/vendor/plugins/redmine_git_hosting/bin/run_git_as_git_user\' \'--git-dir\' \'repositories/cluster-innovacion/firma-digital/firmador-digital.git\' \'log\' \'--no-color\' \'--encoding=UTF-8\' \'--date=iso\' \'--pretty=fuller\' \'--no-merges\' \'-n\' \'1\' \'c6a9d205efe718b2b6f27f2dd5ca470569194168\' \'--\' \'app/src/ar/gob/onti/firmador/model/RegQuery.java\'','commit 6df9d8d73180292e8eb4af9dc27ec9b7328821d3\nAuthor:     Andres Sosto <asosto@gmail.com>\nAuthorDate: 2012-10-10 18:49:01 -0300\nCommit:     Andres Sosto <asosto@gmail.com>\nCommitDate: 2012-10-10 18:49:01 -0300\n\n    Initial project commit\n','firmador-digital','2013-02-10 09:36:54','2013-02-10 09:36:54'),(8393,'\'/opt/redmine-1.4/vendor/plugins/redmine_git_hosting/bin/run_git_as_git_user\' \'--git-dir\' \'repositories/cluster-innovacion/firma-digital/firmador-digital.git\' \'log\' \'--no-color\' \'--encoding=UTF-8\' \'--date=iso\' \'--pretty=fuller\' \'--no-merges\' \'-n\' \'1\' \'c6a9d205efe718b2b6f27f2dd5ca470569194168\' \'--\' \'app/src/ar/gob/onti/firmador/model/certificatelist\'','commit 6df9d8d73180292e8eb4af9dc27ec9b7328821d3\nAuthor:     Andres Sosto <asosto@gmail.com>\nAuthorDate: 2012-10-10 18:49:01 -0300\nCommit:     Andres Sosto <asosto@gmail.com>\nCommitDate: 2012-10-10 18:49:01 -0300\n\n    Initial project commit\n','firmador-digital','2013-02-10 09:36:54','2013-02-10 09:36:54'),(8394,'\'/opt/redmine-1.4/vendor/plugins/redmine_git_hosting/bin/run_git_as_git_user\' \'--git-dir\' \'repositories/cluster-innovacion/firma-digital/firmador-digital.git\' \'ls-tree\' \'-l\' \'c6a9d205efe718b2b6f27f2dd5ca470569194168:app/src/ar/gob/onti/firmador/model\'','100644 blob 70a431c7c4c0265e70d69e53522067e91d26cd74    1156	AppleSafari.java\n100644 blob e766bab28dc80cdc17f1d88b8ea24925bd12bae5    6110	CRLInfo.java\n100644 blob 02bb9fb675365d0eecc5ff5d203946c2efa73fa3    4370	ChromeLinux.java\n100644 blob ea9ca43b42741e9401b398d344395ecc7568c021   23102	Mozilla.java\n100644 blob ef9d07f6926a220fe573f916cda4df0c198934c0     422	PreguntaRespuesta.java\n100644 blob 1635b65f6ecb8e3cbf86e088f616111051ce5018    1308	PreguntasRespuestas.java\n100644 blob 75c2cfb3a7073992a2e58c9f0310a910f230fb8a    6254	PropsConfig.java\n100644 blob cfb323fc75896c238ea813e687bad37a6e0380dd     572	Proxy.java\n100644 blob e7abf25f1ee61eb62bdedde2ccd5aa3940d542b9    1467	RegQuery.java\n040000 tree d0a7e6d8ae004992289b107ecba598fc0caa5bd1       -	certificatelist\n','firmador-digital','2013-02-10 09:36:54','2013-02-10 09:36:54'),(8395,'\'/opt/redmine-1.4/vendor/plugins/redmine_git_hosting/bin/run_git_as_git_user\' \'--git-dir\' \'repositories/cluster-innovacion/firma-digital/firmador-digital.git\' \'log\' \'--no-color\' \'--encoding=UTF-8\' \'--raw\' \'--date=iso\' \'--pretty=fuller\' \'--parents\' \'--stdin\' \'-n\' \'10\' \'--\' \'app/src/ar/gob/onti/firmador/model\'\nc6a9d205efe718b2b6f27f2dd5ca470569194168\n','commit c6a9d205efe718b2b6f27f2dd5ca470569194168 6df9d8d73180292e8eb4af9dc27ec9b7328821d3\nAuthor:     Fabian Collado <fabian@enyetech.com>\nAuthorDate: 2012-10-15 17:14:48 -0300\nCommit:     Fabian Collado <fabian@enyetech.com>\nCommitDate: 2012-10-15 17:14:48 -0300\n\n    Compatibilidad para Firefox 32 y 64 bit en Linux. Inicio de desarrollo de acceso de keystore para Chrome en Linux. Correccin de validacin de respuesta de servicio de output mediante status 200. Los archivos pdf en la carpeta temporal se graban con nombres random, para evitar conflictos al firmar documentos pdf consecutivos con el mismo nombre y abiertos en Acrobat Reader. Si falla el borrado del pdf temporal, igualmente continua, permite abrir el pdf con el Acrobat Reader y firmarlo al mismo tiempo\n\n:000000 100644 0000000... 02bb9fb... A	app/src/ar/gob/onti/firmador/model/ChromeLinux.java\n:100644 100644 18f8992... ea9ca43... M	app/src/ar/gob/onti/firmador/model/Mozilla.java\n:100644 100644 4e0d2b9... 75c2cfb... M	app/src/ar/gob/onti/firmador/model/PropsConfig.java\n\ncommit 6df9d8d73180292e8eb4af9dc27ec9b7328821d3\nAuthor:     Andres Sosto <asosto@gmail.com>\nAuthorDate: 2012-10-10 18:49:01 -0300\nCommit:     Andres Sosto <asosto@gmail.com>\nCommitDate: 2012-10-10 18:49:01 -0300\n\n    Initial project commit\n\n:000000 100644 0000000... 70a431c... A	app/src/ar/gob/onti/firmador/model/AppleSafari.java\n:000000 100644 0000000... e766bab... A	app/src/ar/gob/onti/firmador/model/CRLInfo.java\n:000000 100644 0000000... 18f8992... A	app/src/ar/gob/onti/firmador/model/Mozilla.java\n:000000 100644 0000000... ef9d07f... A	app/src/ar/gob/onti/firmador/model/PreguntaRespuesta.java\n:000000 100644 0000000... 1635b65... A	app/src/ar/gob/onti/firmador/model/PreguntasRespuestas.java\n:000000 100644 0000000... 4e0d2b9... A	app/src/ar/gob/onti/firmador/model/PropsConfig.java\n:000000 100644 0000000... cfb323f... A	app/src/ar/gob/onti/firmador/model/Proxy.java\n:000000 100644 0000000... e7abf25... A	app/src/ar/gob/onti/firmador/model/RegQuery.java\n:000000 100644 0000000... 6dd5c2f... A	app/src/ar/gob/onti/firmador/model/certificatelist/AbstractTreeTableModel.java\n:000000 100644 0000000... 74d799f... A	app/src/ar/gob/onti/firmador/model/certificatelist/CertifsModel.java\n:000000 100644 0000000... b2bb0d7... A	app/src/ar/gob/onti/firmador/model/certificatelist/ComparatorAliasCert.java\n:000000 100644 0000000... ad77304... A	app/src/ar/gob/onti/firmador/model/certificatelist/TreeTableModel.java\n','firmador-digital','2013-02-10 09:36:54','2013-02-10 09:36:54');
/*!40000 ALTER TABLE `git_caches` ENABLE KEYS */;
UNLOCK TABLES;

--
-- Table structure for table `git_cia_notifications`
--

DROP TABLE IF EXISTS `git_cia_notifications`;
/*!40101 SET @saved_cs_client     = @@character_set_client */;
/*!40101 SET character_set_client = utf8 */;
CREATE TABLE `git_cia_notifications` (
  `id` int(11) NOT NULL AUTO_INCREMENT,
  `repository_id` int(11) DEFAULT NULL,
  `scmid` varchar(255) COLLATE utf8_unicode_ci DEFAULT NULL,
  PRIMARY KEY (`id`),
  UNIQUE KEY `index_git_cia_notifications_on_scmid_and_repository_id` (`scmid`,`repository_id`),
  KEY `index_git_cia_notifications_on_scmid` (`scmid`)
) ENGINE=InnoDB DEFAULT CHARSET=utf8 COLLATE=utf8_unicode_ci;
/*!40101 SET character_set_client = @saved_cs_client */;

--
-- Dumping data for table `git_cia_notifications`
--

LOCK TABLES `git_cia_notifications` WRITE;
/*!40000 ALTER TABLE `git_cia_notifications` DISABLE KEYS */;
/*!40000 ALTER TABLE `git_cia_notifications` ENABLE KEYS */;
UNLOCK TABLES;

--
-- Table structure for table `git_repository_extras`
--

DROP TABLE IF EXISTS `git_repository_extras`;
/*!40101 SET @saved_cs_client     = @@character_set_client */;
/*!40101 SET character_set_client = utf8 */;
CREATE TABLE `git_repository_extras` (
  `id` int(11) NOT NULL AUTO_INCREMENT,
  `repository_id` int(11) DEFAULT NULL,
  `git_daemon` int(11) DEFAULT '1',
  `git_http` int(11) DEFAULT '1',
  `notify_cia` int(11) DEFAULT '0',
  `key` varchar(255) COLLATE utf8_unicode_ci DEFAULT NULL,
  PRIMARY KEY (`id`)
) ENGINE=InnoDB AUTO_INCREMENT=5 DEFAULT CHARSET=utf8 COLLATE=utf8_unicode_ci;
/*!40101 SET character_set_client = @saved_cs_client */;

--
-- Dumping data for table `git_repository_extras`
--

LOCK TABLES `git_repository_extras` WRITE;
/*!40000 ALTER TABLE `git_repository_extras` DISABLE KEYS */;
INSERT INTO `git_repository_extras` VALUES (3,3,1,1,0,'RLKCFFBSSJFXHQLWDVALJNEAATJNWUPUCRJSWXYCWRWSXOMFJUDGOHRSOSSMMNPUDKBOGNXEQLTMURHKKNPNVBEPKGAWSUOGTYUNMITQOUSJOELBNCKMEKVRFHWU'),(4,4,0,1,0,'UATMTELUXDQPJULGQMWIQSJTFULVKWLPAXDVNKJFXDWGLWTUFGODSMSYYKHAJXLUEWJCGRXLYRHBK');
/*!40000 ALTER TABLE `git_repository_extras` ENABLE KEYS */;
UNLOCK TABLES;

--
-- Table structure for table `gitolite_public_keys`
--

DROP TABLE IF EXISTS `gitolite_public_keys`;
/*!40101 SET @saved_cs_client     = @@character_set_client */;
/*!40101 SET character_set_client = utf8 */;
CREATE TABLE `gitolite_public_keys` (
  `id` int(11) NOT NULL AUTO_INCREMENT,
  `title` varchar(255) COLLATE utf8_unicode_ci DEFAULT NULL,
  `identifier` varchar(255) COLLATE utf8_unicode_ci DEFAULT NULL,
  `key` text COLLATE utf8_unicode_ci,
  `active` int(11) DEFAULT '1',
  `user_id` int(11) DEFAULT NULL,
  `created_at` datetime DEFAULT NULL,
  `updated_at` datetime DEFAULT NULL,
  `key_type` int(11) DEFAULT '0',
  `delete_when_unused` tinyint(1) DEFAULT '1',
  PRIMARY KEY (`id`),
  KEY `index_gitolite_public_keys_on_user_id` (`user_id`),
  KEY `index_gitolite_public_keys_on_identifier` (`identifier`)
) ENGINE=InnoDB AUTO_INCREMENT=3 DEFAULT CHARSET=utf8 COLLATE=utf8_unicode_ci;
/*!40101 SET character_set_client = @saved_cs_client */;

--
-- Dumping data for table `gitolite_public_keys`
--

LOCK TABLES `gitolite_public_keys` WRITE;
/*!40000 ALTER TABLE `gitolite_public_keys` DISABLE KEYS */;
INSERT INTO `gitolite_public_keys` VALUES (1,'lenovo laptop','redmine_mdellorusso_1354113205_79449','ssh-rsa AAAAB3NzaC1yc2EAAAADAQABAAABAQCWETjUuR3svkRfHuQtUKFkQia/lcn0el0Pv9O9Ia1kDT/Ju3zeEfDK5ih20ykaxQ8TyOuim6Xj0jVAgggnXXoiI0fc3DLZ1QqxXpMC79KAnGUgdXy0Q5QGAuwwM7/9dcOoIohtnMkhYI1gRD3DFR/WjbnoaixOcLk9xhMdsTzzHMiwiUNvp0sLNrUZ7/ELUIavneeTDJMMGs00UVKmucZdWpzdkk7SbZsf80kjU8Z/C7t3IUcvLP0WMvUfMcIizTUPjwefp8PZ1iK82Mgjs0FyHs5fuRr+88iFSU8PhaoFtO3eZXAz3gtRMAmy53shMubSFNmW/jJ3BHHewOkdypab mdellorusso@aonken.com.ar',1,3,'2012-11-28 11:33:25','2012-11-28 11:33:25',0,1),(2,'deployment machine (192.168.4.22)','redmine_jenkins_1354715850_582035','ssh-rsa AAAAB3NzaC1yc2EAAAABIwAAAQEArjbGTKhaF6hSpOKmPL/WhvtPzWFXo1pezGQ3yjcXlZZaNmNutuNxDgh170OW1Tjser6SnB2x+jWqGcPwXmhj6NN9P0b+codsciPv6lE3qfc+2u4tKkkXbYfWl+t2156D9M24pnxNvXw8ZRqw0hqB8NtA1Lg5Edlk5pQGfAiAxk95oskGxByMq1+bhxdauRtlD/aSNeGL4pyRBjEtEJhX1GsWO+QjMWmJ/6WKWK4OTW9eoq9E4wrIhEzNgytU76pS/LjR3awTRz+FUasoHPuCQGR5AbVAWmSM2iBdvzzTWLFdNPzcUWllodK5tvAj8QDi2Y3zxBufOwmlbx8QidszLw== jenkins@arsat_apps',1,13,'2012-12-05 10:57:30','2012-12-05 10:57:30',0,1);
/*!40000 ALTER TABLE `gitolite_public_keys` ENABLE KEYS */;
UNLOCK TABLES;

--
-- Table structure for table `groups_users`
--

DROP TABLE IF EXISTS `groups_users`;
/*!40101 SET @saved_cs_client     = @@character_set_client */;
/*!40101 SET character_set_client = utf8 */;
CREATE TABLE `groups_users` (
  `group_id` int(11) NOT NULL,
  `user_id` int(11) NOT NULL,
  UNIQUE KEY `groups_users_ids` (`group_id`,`user_id`)
) ENGINE=InnoDB DEFAULT CHARSET=utf8 COLLATE=utf8_unicode_ci;
/*!40101 SET character_set_client = @saved_cs_client */;

--
-- Dumping data for table `groups_users`
--

LOCK TABLES `groups_users` WRITE;
/*!40000 ALTER TABLE `groups_users` DISABLE KEYS */;
/*!40000 ALTER TABLE `groups_users` ENABLE KEYS */;
UNLOCK TABLES;

--
-- Table structure for table `issue_categories`
--

DROP TABLE IF EXISTS `issue_categories`;
/*!40101 SET @saved_cs_client     = @@character_set_client */;
/*!40101 SET character_set_client = utf8 */;
CREATE TABLE `issue_categories` (
  `id` int(11) NOT NULL AUTO_INCREMENT,
  `project_id` int(11) NOT NULL DEFAULT '0',
  `name` varchar(30) COLLATE utf8_unicode_ci NOT NULL DEFAULT '',
  `assigned_to_id` int(11) DEFAULT NULL,
  PRIMARY KEY (`id`),
  KEY `issue_categories_project_id` (`project_id`),
  KEY `index_issue_categories_on_assigned_to_id` (`assigned_to_id`)
) ENGINE=InnoDB DEFAULT CHARSET=utf8 COLLATE=utf8_unicode_ci;
/*!40101 SET character_set_client = @saved_cs_client */;

--
-- Dumping data for table `issue_categories`
--

LOCK TABLES `issue_categories` WRITE;
/*!40000 ALTER TABLE `issue_categories` DISABLE KEYS */;
/*!40000 ALTER TABLE `issue_categories` ENABLE KEYS */;
UNLOCK TABLES;

--
-- Table structure for table `issue_relations`
--

DROP TABLE IF EXISTS `issue_relations`;
/*!40101 SET @saved_cs_client     = @@character_set_client */;
/*!40101 SET character_set_client = utf8 */;
CREATE TABLE `issue_relations` (
  `id` int(11) NOT NULL AUTO_INCREMENT,
  `issue_from_id` int(11) NOT NULL,
  `issue_to_id` int(11) NOT NULL,
  `relation_type` varchar(255) COLLATE utf8_unicode_ci NOT NULL DEFAULT '',
  `delay` int(11) DEFAULT NULL,
  PRIMARY KEY (`id`),
  UNIQUE KEY `index_issue_relations_on_issue_from_id_and_issue_to_id` (`issue_from_id`,`issue_to_id`),
  KEY `index_issue_relations_on_issue_from_id` (`issue_from_id`),
  KEY `index_issue_relations_on_issue_to_id` (`issue_to_id`)
) ENGINE=InnoDB AUTO_INCREMENT=3 DEFAULT CHARSET=utf8 COLLATE=utf8_unicode_ci;
/*!40101 SET character_set_client = @saved_cs_client */;

--
-- Dumping data for table `issue_relations`
--

LOCK TABLES `issue_relations` WRITE;
/*!40000 ALTER TABLE `issue_relations` DISABLE KEYS */;
INSERT INTO `issue_relations` VALUES (1,8,7,'blocks',NULL),(2,16,8,'relates',NULL);
/*!40000 ALTER TABLE `issue_relations` ENABLE KEYS */;
UNLOCK TABLES;

--
-- Table structure for table `issue_statuses`
--

DROP TABLE IF EXISTS `issue_statuses`;
/*!40101 SET @saved_cs_client     = @@character_set_client */;
/*!40101 SET character_set_client = utf8 */;
CREATE TABLE `issue_statuses` (
  `id` int(11) NOT NULL AUTO_INCREMENT,
  `name` varchar(30) COLLATE utf8_unicode_ci NOT NULL DEFAULT '',
  `is_closed` tinyint(1) NOT NULL DEFAULT '0',
  `is_default` tinyint(1) NOT NULL DEFAULT '0',
  `position` int(11) DEFAULT '1',
  `default_done_ratio` int(11) DEFAULT NULL,
  PRIMARY KEY (`id`),
  KEY `index_issue_statuses_on_position` (`position`),
  KEY `index_issue_statuses_on_is_closed` (`is_closed`),
  KEY `index_issue_statuses_on_is_default` (`is_default`)
) ENGINE=InnoDB AUTO_INCREMENT=7 DEFAULT CHARSET=utf8 COLLATE=utf8_unicode_ci;
/*!40101 SET character_set_client = @saved_cs_client */;

--
-- Dumping data for table `issue_statuses`
--

LOCK TABLES `issue_statuses` WRITE;
/*!40000 ALTER TABLE `issue_statuses` DISABLE KEYS */;
INSERT INTO `issue_statuses` VALUES (1,'Nueva',0,1,1,NULL),(2,'En curso',0,0,2,NULL),(3,'Resuelta',0,0,3,NULL),(4,'Comentarios',0,0,4,NULL),(5,'Cerrada',1,0,5,NULL),(6,'Rechazada',1,0,6,NULL);
/*!40000 ALTER TABLE `issue_statuses` ENABLE KEYS */;
UNLOCK TABLES;

--
-- Table structure for table `issues`
--

DROP TABLE IF EXISTS `issues`;
/*!40101 SET @saved_cs_client     = @@character_set_client */;
/*!40101 SET character_set_client = utf8 */;
CREATE TABLE `issues` (
  `id` int(11) NOT NULL AUTO_INCREMENT,
  `tracker_id` int(11) NOT NULL DEFAULT '0',
  `project_id` int(11) NOT NULL DEFAULT '0',
  `subject` varchar(255) COLLATE utf8_unicode_ci NOT NULL DEFAULT '',
  `description` text COLLATE utf8_unicode_ci,
  `due_date` date DEFAULT NULL,
  `category_id` int(11) DEFAULT NULL,
  `status_id` int(11) NOT NULL DEFAULT '0',
  `assigned_to_id` int(11) DEFAULT NULL,
  `priority_id` int(11) NOT NULL DEFAULT '0',
  `fixed_version_id` int(11) DEFAULT NULL,
  `author_id` int(11) NOT NULL DEFAULT '0',
  `lock_version` int(11) NOT NULL DEFAULT '0',
  `created_on` datetime DEFAULT NULL,
  `updated_on` datetime DEFAULT NULL,
  `start_date` date DEFAULT NULL,
  `done_ratio` int(11) NOT NULL DEFAULT '0',
  `estimated_hours` float DEFAULT NULL,
  `parent_id` int(11) DEFAULT NULL,
  `root_id` int(11) DEFAULT NULL,
  `lft` int(11) DEFAULT NULL,
  `rgt` int(11) DEFAULT NULL,
  `is_private` tinyint(1) NOT NULL DEFAULT '0',
  PRIMARY KEY (`id`),
  KEY `issues_project_id` (`project_id`),
  KEY `index_issues_on_status_id` (`status_id`),
  KEY `index_issues_on_category_id` (`category_id`),
  KEY `index_issues_on_assigned_to_id` (`assigned_to_id`),
  KEY `index_issues_on_fixed_version_id` (`fixed_version_id`),
  KEY `index_issues_on_tracker_id` (`tracker_id`),
  KEY `index_issues_on_priority_id` (`priority_id`),
  KEY `index_issues_on_author_id` (`author_id`),
  KEY `index_issues_on_created_on` (`created_on`),
  KEY `index_issues_on_root_id_and_lft_and_rgt` (`root_id`,`lft`,`rgt`)
) ENGINE=InnoDB AUTO_INCREMENT=25 DEFAULT CHARSET=utf8 COLLATE=utf8_unicode_ci;
/*!40101 SET character_set_client = @saved_cs_client */;

--
-- Dumping data for table `issues`
--

LOCK TABLES `issues` WRITE;
/*!40000 ALTER TABLE `issues` DISABLE KEYS */;
INSERT INTO `issues` VALUES (1,2,12,'SSO entre joomla y redmine','la gestion de usuarios debe darse mediante el joomla logueandose unicamente en el gestor de contenidos.',NULL,NULL,1,3,7,NULL,4,0,'2012-12-01 19:31:20','2012-12-01 19:31:20','2012-12-01',0,NULL,NULL,1,1,2,0),(2,2,14,'migrar ya el sitio','',NULL,NULL,1,10,7,NULL,4,1,'2012-12-01 19:38:48','2012-12-01 19:41:26','2012-12-01',0,NULL,NULL,2,1,2,0),(3,2,13,'poner skin oficial de spd al redmine y otras herramientas vinculadas','Poner skin de jefatura a las herramientas de colaboracion al menos el escudo nacional, direccion de aplicaciones - sstg jefatura de gabinete de ministros, Titulo plataforma de colaboracion Software pùblico para el desarrollo',NULL,NULL,3,3,6,NULL,4,2,'2012-12-01 19:43:51','2012-12-03 19:50:46','2012-12-01',0,NULL,NULL,3,1,2,0),(4,2,12,'Buscador de Clusters Virtuales de Innovación','Buscador de Clusters de Innovación, y comunidades de aplicaciones desde el portal joomla',NULL,NULL,1,10,7,NULL,4,1,'2012-12-01 19:46:47','2012-12-01 19:47:16','2012-12-01',0,NULL,NULL,4,1,2,0),(5,2,12,'gestionar proyectos redmine desde joomla','La generacion de proyectos de aplicación desde el joomla debe generar con cada proyecto 3 Foros uno de discusion sobre la funcionalidades actuales, otro de funcionalidades requeridas de la proxima versión y ultimo uno sobre funcionalidades futuras deseables.',NULL,NULL,1,3,4,NULL,4,0,'2012-12-01 19:49:32','2012-12-01 19:49:32','2012-12-01',0,NULL,NULL,5,1,2,0),(6,2,12,'mostrar metricas del redmine desde joomla','Obtener métricas del redmine y mostrarlas en el portal de Joomla',NULL,NULL,1,3,6,NULL,4,0,'2012-12-01 19:53:43','2012-12-01 19:53:43','2012-12-01',0,NULL,NULL,6,1,2,0),(7,2,12,'configurar algun smtp provisorio `para el funcionamiento del redmine entre nosotros','',NULL,NULL,1,3,7,NULL,4,1,'2012-12-01 20:22:14','2012-12-02 12:56:11','2012-12-01',0,NULL,NULL,7,1,2,0),(8,2,12,'configurar smtp de JGM en redmine para cluster-innovacion@softwarepublico.gob.ar','',NULL,NULL,1,9,7,NULL,4,2,'2012-12-01 20:25:09','2012-12-02 12:56:39','2012-12-01',0,NULL,NULL,8,1,2,0),(9,2,12,'Instalar y configurar Jenkins (integración continua)','',NULL,NULL,2,3,4,NULL,3,3,'2012-12-02 12:57:55','2012-12-02 20:19:29','2012-12-02',3,NULL,NULL,9,1,8,0),(10,2,12,'Instalar maven','',NULL,NULL,1,NULL,4,NULL,3,0,'2012-12-02 12:58:27','2012-12-02 12:58:27','2012-12-02',0,NULL,9,9,2,3,0),(11,2,12,'Instalar archiva','',NULL,NULL,1,NULL,4,NULL,3,0,'2012-12-02 12:58:39','2012-12-02 12:58:39','2012-12-02',0,NULL,9,9,4,5,0),(12,2,12,'cargar proyectos con las comunidades funcionales, tecnologias y de usuarios','debemos crear por defecto un proyecto con cada comunidad funcional, de usuarios por actividad y de cada tecnologia. debemos hacerlo a mano o podemos hacerlo por sql.\r\n\r\nson un monton',NULL,NULL,1,7,6,NULL,4,0,'2012-12-02 13:23:39','2012-12-02 13:23:39','2012-12-02',0,NULL,NULL,12,1,2,0),(13,1,2,'la wiki del firmador en modo guest da error','',NULL,NULL,1,3,4,NULL,4,0,'2012-12-02 15:04:33','2012-12-02 15:04:33','2012-12-02',0,NULL,NULL,13,1,2,0),(14,2,2,'Administrar comunidad de aplicación firmador digital','seba debes declararte como administrador de esta comunidad de aplicación y vestirla con lo que creas necesario.',NULL,NULL,1,9,4,NULL,4,1,'2012-12-02 15:07:05','2012-12-02 15:14:35','2012-12-02',0,NULL,NULL,14,1,2,1),(15,2,2,'Cargar toda la documentacion del proyecto del firmador a la wiki de spd','','2012-12-03',NULL,1,5,6,NULL,4,2,'2012-12-02 15:23:52','2012-12-03 16:45:00','2012-12-02',90,NULL,NULL,15,1,2,0),(16,2,12,'Configurar el SMTP para envío de mails a través de paperbit.com.ar mientras no se configure la de jefatura','El SMTP es el perteneciente a GMail',NULL,NULL,1,9,7,NULL,3,3,'2012-12-02 18:41:17','2012-12-02 18:44:03',NULL,0,NULL,NULL,16,1,2,0),(17,2,12,'Crear credenciales ssh y usuario deployer en redmine','Para que el jenkins pueda clonar el git de los proyectos debe tener usuario en git (a través de redmine)',NULL,NULL,2,NULL,4,NULL,3,0,'2012-12-02 20:19:29','2012-12-02 20:19:29','2012-12-02',10,NULL,9,9,6,7,0),(18,1,14,'Poner links en la pagina spd de infraestructura hacia los proyectos creados en el redmine','',NULL,NULL,3,10,7,NULL,4,2,'2012-12-03 00:41:58','2012-12-03 18:15:55','2012-12-03',0,NULL,NULL,18,1,2,0),(19,1,17,'Generar indicadores estadisticos para la cabecera de la pagina SPD','',NULL,NULL,1,3,6,NULL,4,1,'2012-12-03 00:43:05','2012-12-03 00:44:13','2012-12-03',0,NULL,NULL,19,1,2,0),(20,2,14,'Agreegar paginas detras de los circulos','de usar, contribuir, ofertr, demandar y cosnsutar',NULL,NULL,1,10,7,NULL,4,1,'2012-12-03 18:17:04','2012-12-03 18:19:32','2012-12-03',0,NULL,NULL,20,1,2,0),(21,2,14,'anclar las consultas que hizo maxi a los indicadores en el joomla','',NULL,NULL,1,10,6,NULL,4,0,'2012-12-03 18:17:47','2012-12-03 18:17:47','2012-12-03',0,NULL,NULL,21,1,2,0),(22,2,14,'agregar funcionalidad de busqueda al buscador avanzado','como minimo quitar el prototipado como urgente',NULL,NULL,1,10,6,NULL,4,0,'2012-12-03 18:18:40','2012-12-03 18:18:40','2012-12-03',0,NULL,NULL,22,1,2,0),(23,2,14,'prototipar las cinco paginas segun el doc compartido','',NULL,NULL,1,10,6,NULL,4,0,'2012-12-03 18:19:10','2012-12-03 18:19:10','2012-12-03',0,NULL,NULL,23,1,2,0),(24,2,13,'Incluir en cada comunidad todos los proyectos vinculados que tengan ese tag','Por ejemplo el proyecto de firmador digital onti deberia listarse cuando estoy en la comunidad de firma digital y en la comunidad de firmar pdf o en la comunidad java, y android si esta la funcionalidad de que corra sobre android.\r\n\r\nEsta funcionalidad aplica para todas las comunidades tecnológicas, funcionales o de actividad',NULL,NULL,4,4,7,NULL,4,1,'2012-12-21 13:24:29','2013-01-08 10:51:54','2012-12-21',0,NULL,NULL,24,1,2,0);
/*!40000 ALTER TABLE `issues` ENABLE KEYS */;
UNLOCK TABLES;

--
-- Table structure for table `journal_details`
--

DROP TABLE IF EXISTS `journal_details`;
/*!40101 SET @saved_cs_client     = @@character_set_client */;
/*!40101 SET character_set_client = utf8 */;
CREATE TABLE `journal_details` (
  `id` int(11) NOT NULL AUTO_INCREMENT,
  `journal_id` int(11) NOT NULL DEFAULT '0',
  `property` varchar(30) COLLATE utf8_unicode_ci NOT NULL DEFAULT '',
  `prop_key` varchar(30) COLLATE utf8_unicode_ci NOT NULL DEFAULT '',
  `old_value` text COLLATE utf8_unicode_ci,
  `value` text COLLATE utf8_unicode_ci,
  PRIMARY KEY (`id`),
  KEY `journal_details_journal_id` (`journal_id`)
) ENGINE=InnoDB AUTO_INCREMENT=24 DEFAULT CHARSET=utf8 COLLATE=utf8_unicode_ci;
/*!40101 SET character_set_client = @saved_cs_client */;

--
-- Dumping data for table `journal_details`
--

LOCK TABLES `journal_details` WRITE;
/*!40000 ALTER TABLE `journal_details` DISABLE KEYS */;
INSERT INTO `journal_details` VALUES (1,1,'attr','assigned_to_id',NULL,'10'),(2,2,'attr','tracker_id','1','2'),(3,2,'attr','priority_id','4','7'),(4,3,'attr','tracker_id','1','2'),(5,3,'attr','priority_id','4','6'),(6,4,'attr','tracker_id','1','2'),(7,6,'attr','priority_id','6','7'),(8,7,'attr','assigned_to_id',NULL,'9'),(9,8,'attr','priority_id','4','6'),(10,9,'attr','subject','Configurar el SMTP para envío de mails a través de paperbit.com.ar','Configurar el SMTP para envío de mails a través de paperbit.com.ar mientras no se configure la de jefatura'),(11,10,'attr','assigned_to_id','3','9'),(12,11,'attr','priority_id','6','7'),(13,12,'attr','status_id','1','2'),(14,13,'attr','project_id','14','17'),(15,13,'attr','subject','Generar indicadores stadisticos para la cabecera','Generar indicadores estadisticos para la cabecera de la pagina SPD'),(16,14,'attr','priority_id','4','7'),(17,15,'attr','due_date',NULL,'2012-12-03'),(18,15,'attr','done_ratio','0','90'),(19,16,'attr','status_id','1','3'),(20,17,'attr','tracker_id','1','2'),(21,18,'attr','status_id','1','3'),(22,19,'attr','status_id','1','4'),(23,19,'attr','assigned_to_id','3','4');
/*!40000 ALTER TABLE `journal_details` ENABLE KEYS */;
UNLOCK TABLES;

--
-- Table structure for table `journals`
--

DROP TABLE IF EXISTS `journals`;
/*!40101 SET @saved_cs_client     = @@character_set_client */;
/*!40101 SET character_set_client = utf8 */;
CREATE TABLE `journals` (
  `id` int(11) NOT NULL AUTO_INCREMENT,
  `journalized_id` int(11) NOT NULL DEFAULT '0',
  `journalized_type` varchar(30) COLLATE utf8_unicode_ci NOT NULL DEFAULT '',
  `user_id` int(11) NOT NULL DEFAULT '0',
  `notes` text COLLATE utf8_unicode_ci,
  `created_on` datetime NOT NULL,
  PRIMARY KEY (`id`),
  KEY `journals_journalized_id` (`journalized_id`,`journalized_type`),
  KEY `index_journals_on_user_id` (`user_id`),
  KEY `index_journals_on_journalized_id` (`journalized_id`),
  KEY `index_journals_on_created_on` (`created_on`)
) ENGINE=InnoDB AUTO_INCREMENT=20 DEFAULT CHARSET=utf8 COLLATE=utf8_unicode_ci;
/*!40101 SET character_set_client = @saved_cs_client */;

--
-- Dumping data for table `journals`
--

LOCK TABLES `journals` WRITE;
/*!40000 ALTER TABLE `journals` DISABLE KEYS */;
INSERT INTO `journals` VALUES (1,2,'Issue',4,'','2012-12-01 19:41:26'),(2,4,'Issue',4,'','2012-12-01 19:47:16'),(3,3,'Issue',4,'Poner skin de jefatura a las herramientas de colaboracion al menos el escudo nacional, direccion de aplicaciones - sstg jefatura de gabinete de ministros, Titulo plataforma de colaboracion SOft publico para el desarrollo','2012-12-01 19:50:47'),(4,8,'Issue',4,'','2012-12-02 04:09:51'),(5,7,'Issue',3,'No puedo configurar esto hasta que no se resuelva la petición #8','2012-12-02 12:56:11'),(6,8,'Issue',3,'','2012-12-02 12:56:39'),(7,14,'Issue',4,'','2012-12-02 15:14:35'),(8,15,'Issue',4,'','2012-12-02 15:26:11'),(9,16,'Issue',3,'','2012-12-02 18:41:54'),(10,16,'Issue',3,'Hay un incoveniente.  El servidor desde donde estoy probando el envío no permite conexiones salientes (sin usar proxy).  De hecho es posible que no permita la salida por cualquier puerto (como el 25).\r\n\r\nVoy a consultarle a Sebastian como se puede configurar la salida por el puerto 25 de SMTP utilizando el proxy (que es proxy HTTP).  No tengo idea como solucionarlo','2012-12-02 18:43:47'),(11,16,'Issue',3,'','2012-12-02 18:44:03'),(12,9,'Issue',3,'','2012-12-02 20:18:11'),(13,19,'Issue',4,'','2012-12-03 00:44:13'),(14,18,'Issue',4,'','2012-12-03 00:44:42'),(15,15,'Issue',5,'Se cargaron documentos de especificaciones técnicas y funcionales','2012-12-03 16:45:00'),(16,18,'Issue',4,'','2012-12-03 18:15:55'),(17,20,'Issue',4,'','2012-12-03 18:19:32'),(18,3,'Issue',3,NULL,'2012-12-03 19:50:46'),(19,24,'Issue',3,'Esto no lo permite el redmine.  Habría que planear otro modo de mostrar esta información.\r\nLos proyectos pueden ser subproyectos de un solo padre.\r\nEntiendo que la idea es usar \"tags\" o \"categorías\" para estas cosas y mostrarlos en el joomla.  Podemos ver de armar una página o algo que se muestre en redmine.','2013-01-08 10:51:54');
/*!40000 ALTER TABLE `journals` ENABLE KEYS */;
UNLOCK TABLES;

--
-- Table structure for table `member_roles`
--

DROP TABLE IF EXISTS `member_roles`;
/*!40101 SET @saved_cs_client     = @@character_set_client */;
/*!40101 SET character_set_client = utf8 */;
CREATE TABLE `member_roles` (
  `id` int(11) NOT NULL AUTO_INCREMENT,
  `member_id` int(11) NOT NULL,
  `role_id` int(11) NOT NULL,
  `inherited_from` int(11) DEFAULT NULL,
  PRIMARY KEY (`id`),
  KEY `index_member_roles_on_member_id` (`member_id`),
  KEY `index_member_roles_on_role_id` (`role_id`)
) ENGINE=InnoDB AUTO_INCREMENT=84 DEFAULT CHARSET=utf8 COLLATE=utf8_unicode_ci;
/*!40101 SET character_set_client = @saved_cs_client */;

--
-- Dumping data for table `member_roles`
--

LOCK TABLES `member_roles` WRITE;
/*!40000 ALTER TABLE `member_roles` DISABLE KEYS */;
INSERT INTO `member_roles` VALUES (5,4,3,NULL),(6,5,3,NULL),(7,6,3,NULL),(8,7,3,NULL),(9,8,3,NULL),(10,9,3,NULL),(11,10,3,NULL),(12,11,3,NULL),(13,12,3,NULL),(14,13,3,NULL),(15,14,3,NULL),(16,15,3,NULL),(17,16,3,NULL),(19,18,3,NULL),(20,19,3,NULL),(21,20,3,NULL),(22,21,3,NULL),(24,23,3,NULL),(25,24,3,NULL),(27,26,4,NULL),(28,27,4,NULL),(29,28,4,NULL),(30,29,3,NULL),(31,30,3,NULL),(32,31,3,NULL),(33,32,3,NULL),(34,33,3,NULL),(35,34,3,NULL),(37,35,3,NULL),(38,36,3,NULL),(39,37,3,NULL),(40,38,3,NULL),(41,39,3,NULL),(42,40,3,NULL),(43,41,3,NULL),(44,42,3,NULL),(45,43,3,NULL),(46,44,3,NULL),(47,45,3,NULL),(48,46,3,NULL),(49,47,3,NULL),(50,48,3,NULL),(51,49,3,NULL),(52,50,3,NULL),(53,51,3,NULL),(54,52,3,NULL),(55,53,3,NULL),(56,54,3,NULL),(57,55,3,NULL),(58,56,3,NULL),(60,58,3,NULL),(61,59,3,NULL),(62,60,3,NULL),(63,61,3,NULL),(64,62,3,NULL),(65,63,3,NULL),(66,64,3,NULL),(67,65,3,NULL),(68,66,3,NULL),(69,67,3,NULL),(70,68,3,NULL),(71,69,3,NULL),(72,70,3,NULL),(73,71,3,NULL),(74,72,8,NULL),(75,73,3,NULL),(76,74,3,NULL),(77,75,3,NULL),(78,76,4,NULL),(79,77,4,NULL),(80,78,4,NULL),(81,79,4,NULL),(82,80,3,NULL),(83,81,4,NULL);
/*!40000 ALTER TABLE `member_roles` ENABLE KEYS */;
UNLOCK TABLES;

--
-- Table structure for table `members`
--

DROP TABLE IF EXISTS `members`;
/*!40101 SET @saved_cs_client     = @@character_set_client */;
/*!40101 SET character_set_client = utf8 */;
CREATE TABLE `members` (
  `id` int(11) NOT NULL AUTO_INCREMENT,
  `user_id` int(11) NOT NULL DEFAULT '0',
  `project_id` int(11) NOT NULL DEFAULT '0',
  `created_on` datetime DEFAULT NULL,
  `mail_notification` tinyint(1) NOT NULL DEFAULT '0',
  PRIMARY KEY (`id`),
  UNIQUE KEY `index_members_on_user_id_and_project_id` (`user_id`,`project_id`),
  KEY `index_members_on_user_id` (`user_id`),
  KEY `index_members_on_project_id` (`project_id`)
) ENGINE=InnoDB AUTO_INCREMENT=82 DEFAULT CHARSET=utf8 COLLATE=utf8_unicode_ci;
/*!40101 SET character_set_client = @saved_cs_client */;

--
-- Dumping data for table `members`
--

LOCK TABLES `members` WRITE;
/*!40000 ALTER TABLE `members` DISABLE KEYS */;
INSERT INTO `members` VALUES (4,4,3,'2012-12-01 18:43:39',0),(5,4,4,'2012-12-01 18:46:08',0),(6,4,5,'2012-12-01 18:47:03',0),(7,4,6,'2012-12-01 18:52:44',0),(8,4,7,'2012-12-01 18:54:48',0),(9,4,8,'2012-12-01 18:55:35',0),(10,4,9,'2012-12-01 18:57:01',0),(11,4,10,'2012-12-01 19:00:18',0),(12,4,11,'2012-12-01 19:02:43',0),(13,4,12,'2012-12-01 19:05:39',0),(14,3,12,'2012-12-01 19:06:21',0),(15,4,13,'2012-12-01 19:26:34',0),(16,9,13,'2012-12-01 19:27:08',0),(18,7,13,'2012-12-01 19:27:08',0),(19,4,14,'2012-12-01 19:28:21',0),(20,3,14,'2012-12-01 19:28:42',0),(21,7,14,'2012-12-01 19:28:42',0),(23,9,12,'2012-12-01 19:35:26',0),(24,7,12,'2012-12-01 19:35:26',0),(26,5,12,'2012-12-01 19:35:34',0),(27,10,12,'2012-12-01 19:35:34',0),(28,10,14,'2012-12-01 19:40:50',0),(29,4,15,'2012-12-02 14:02:38',0),(30,4,16,'2012-12-02 14:07:51',0),(31,4,17,'2012-12-02 14:19:26',0),(32,4,18,'2012-12-02 14:19:57',0),(33,5,2,'2012-12-02 15:12:06',0),(34,9,2,'2012-12-02 15:12:06',0),(35,4,19,'2012-12-02 23:45:42',0),(36,4,20,'2012-12-02 23:52:09',0),(37,4,21,'2012-12-02 23:52:57',0),(38,4,22,'2012-12-02 23:53:15',0),(39,4,23,'2012-12-02 23:53:42',0),(40,4,24,'2012-12-02 23:53:58',0),(41,4,25,'2012-12-02 23:54:22',0),(42,4,26,'2012-12-02 23:54:43',0),(43,4,27,'2012-12-02 23:56:50',0),(44,4,28,'2012-12-02 23:57:36',0),(45,4,29,'2012-12-02 23:58:07',0),(46,4,30,'2012-12-02 23:59:19',0),(47,4,31,'2012-12-03 00:00:22',0),(48,4,32,'2012-12-03 00:02:40',0),(49,4,33,'2012-12-03 00:11:59',0),(50,4,34,'2012-12-03 00:12:21',0),(51,4,35,'2012-12-03 00:13:13',0),(52,4,36,'2012-12-03 00:13:49',0),(53,4,37,'2012-12-03 00:14:16',0),(54,4,38,'2012-12-03 00:16:12',0),(55,4,39,'2012-12-03 00:16:25',0),(56,4,40,'2012-12-03 00:16:43',0),(58,4,42,'2012-12-03 00:19:29',0),(59,4,43,'2012-12-03 00:21:37',0),(60,4,44,'2012-12-03 00:21:54',0),(61,4,45,'2012-12-03 00:22:21',0),(62,4,46,'2012-12-03 00:22:43',0),(63,4,47,'2012-12-03 00:23:13',0),(64,4,48,'2012-12-03 20:11:50',0),(65,5,49,'2012-12-03 20:49:53',0),(66,5,50,'2012-12-03 21:10:50',0),(67,5,51,'2012-12-03 21:26:24',0),(68,5,52,'2012-12-03 21:37:31',0),(69,5,53,'2012-12-03 21:41:38',0),(70,5,54,'2012-12-03 21:59:48',0),(71,4,2,'2012-12-05 03:01:04',0),(72,13,2,'2012-12-05 11:02:51',0),(73,15,5,'2012-12-07 16:21:31',0),(74,17,5,'2012-12-07 17:04:43',0),(75,16,6,'2012-12-07 17:05:47',0),(76,16,5,'2012-12-07 17:05:53',0),(77,16,7,'2012-12-07 17:05:59',0),(78,19,14,'2012-12-21 13:31:40',0),(79,3,13,'2013-01-11 15:29:31',0),(80,3,55,'2013-02-08 01:10:45',0),(81,25,2,'2013-02-08 15:19:09',0);
/*!40000 ALTER TABLE `members` ENABLE KEYS */;
UNLOCK TABLES;

--
-- Table structure for table `messages`
--

DROP TABLE IF EXISTS `messages`;
/*!40101 SET @saved_cs_client     = @@character_set_client */;
/*!40101 SET character_set_client = utf8 */;
CREATE TABLE `messages` (
  `id` int(11) NOT NULL AUTO_INCREMENT,
  `board_id` int(11) NOT NULL,
  `parent_id` int(11) DEFAULT NULL,
  `subject` varchar(255) COLLATE utf8_unicode_ci NOT NULL DEFAULT '',
  `content` text COLLATE utf8_unicode_ci,
  `author_id` int(11) DEFAULT NULL,
  `replies_count` int(11) NOT NULL DEFAULT '0',
  `last_reply_id` int(11) DEFAULT NULL,
  `created_on` datetime NOT NULL,
  `updated_on` datetime NOT NULL,
  `locked` tinyint(1) DEFAULT '0',
  `sticky` int(11) DEFAULT '0',
  PRIMARY KEY (`id`),
  KEY `messages_board_id` (`board_id`),
  KEY `messages_parent_id` (`parent_id`),
  KEY `index_messages_on_last_reply_id` (`last_reply_id`),
  KEY `index_messages_on_author_id` (`author_id`),
  KEY `index_messages_on_created_on` (`created_on`)
) ENGINE=InnoDB AUTO_INCREMENT=13 DEFAULT CHARSET=utf8 COLLATE=utf8_unicode_ci;
/*!40101 SET character_set_client = @saved_cs_client */;

--
-- Dumping data for table `messages`
--

LOCK TABLES `messages` WRITE;
/*!40000 ALTER TABLE `messages` DISABLE KEYS */;
INSERT INTO `messages` VALUES (1,1,NULL,'Presentación responsable.','Soy Sebastián Martinez responsable de esta comunidad de aplicación, cualquier inconveniente pueden dirigirse a mi por este medio.',4,1,3,'2012-12-05 02:50:07','2012-12-05 03:06:09',0,0),(3,1,1,'RE: Presentación responsable.','Hola Sebastián, que bueno es contar con tu presencia! :)',3,0,NULL,'2012-12-05 03:06:09','2012-12-05 03:06:09',0,0),(6,6,NULL,'pegajoso?','asdf',21,4,12,'2013-02-14 16:50:44','2013-02-14 16:56:53',0,1),(7,6,NULL,'bloqueado?','asfd',21,1,9,'2013-02-14 16:51:40','2013-02-14 16:53:48',1,0),(8,6,6,'RE: pegajoso?','asfdasdf',21,0,NULL,'2013-02-14 16:52:38','2013-02-14 16:52:38',0,0),(9,6,7,'RE: bloqueado?','asdfasfd',21,0,NULL,'2013-02-14 16:53:28','2013-02-14 16:53:28',0,0),(10,6,6,'RE: pegajoso?','gfgfgfgfgfsd',21,0,NULL,'2013-02-14 16:54:59','2013-02-14 16:54:59',0,0),(11,6,6,'RE: pegajoso?','safasf',21,0,NULL,'2013-02-14 16:55:23','2013-02-14 16:55:23',0,0),(12,6,6,'RE: pegajoso?','afdGabriela Higa escribió:\r\n> asfdasdf\r\n\r\n',21,0,NULL,'2013-02-14 16:56:24','2013-02-14 16:56:24',0,0);
/*!40000 ALTER TABLE `messages` ENABLE KEYS */;
UNLOCK TABLES;

--
-- Table structure for table `news`
--

DROP TABLE IF EXISTS `news`;
/*!40101 SET @saved_cs_client     = @@character_set_client */;
/*!40101 SET character_set_client = utf8 */;
CREATE TABLE `news` (
  `id` int(11) NOT NULL AUTO_INCREMENT,
  `project_id` int(11) DEFAULT NULL,
  `title` varchar(60) COLLATE utf8_unicode_ci NOT NULL DEFAULT '',
  `summary` varchar(255) COLLATE utf8_unicode_ci DEFAULT '',
  `description` text COLLATE utf8_unicode_ci,
  `author_id` int(11) NOT NULL DEFAULT '0',
  `created_on` datetime DEFAULT NULL,
  `comments_count` int(11) NOT NULL DEFAULT '0',
  PRIMARY KEY (`id`),
  KEY `news_project_id` (`project_id`),
  KEY `index_news_on_author_id` (`author_id`),
  KEY `index_news_on_created_on` (`created_on`)
) ENGINE=InnoDB AUTO_INCREMENT=2 DEFAULT CHARSET=utf8 COLLATE=utf8_unicode_ci;
/*!40101 SET character_set_client = @saved_cs_client */;

--
-- Dumping data for table `news`
--

LOCK TABLES `news` WRITE;
/*!40000 ALTER TABLE `news` DISABLE KEYS */;
INSERT INTO `news` VALUES (1,5,'NOTIFICACION DIGITAL A PARTIR DEL EJERCICIO 2013 ','EL Tribunal de Cuentas de Mendoza presentó el 29 de noviembre de 2012 la implementación de su nuevo sistema de “Notificación Digital en el Camino al Expediente Digital” para el ejercicio 2013 para todos los organismos públicos de la provincia.\r\n','http://www.tribunaldecuentas.mendoza.gov.ar/node/165',17,'2012-12-10 12:47:03',0);
/*!40000 ALTER TABLE `news` ENABLE KEYS */;
UNLOCK TABLES;

--
-- Table structure for table `open_id_authentication_associations`
--

DROP TABLE IF EXISTS `open_id_authentication_associations`;
/*!40101 SET @saved_cs_client     = @@character_set_client */;
/*!40101 SET character_set_client = utf8 */;
CREATE TABLE `open_id_authentication_associations` (
  `id` int(11) NOT NULL AUTO_INCREMENT,
  `issued` int(11) DEFAULT NULL,
  `lifetime` int(11) DEFAULT NULL,
  `handle` varchar(255) COLLATE utf8_unicode_ci DEFAULT NULL,
  `assoc_type` varchar(255) COLLATE utf8_unicode_ci DEFAULT NULL,
  `server_url` blob,
  `secret` blob,
  PRIMARY KEY (`id`)
) ENGINE=InnoDB DEFAULT CHARSET=utf8 COLLATE=utf8_unicode_ci;
/*!40101 SET character_set_client = @saved_cs_client */;

--
-- Dumping data for table `open_id_authentication_associations`
--

LOCK TABLES `open_id_authentication_associations` WRITE;
/*!40000 ALTER TABLE `open_id_authentication_associations` DISABLE KEYS */;
/*!40000 ALTER TABLE `open_id_authentication_associations` ENABLE KEYS */;
UNLOCK TABLES;

--
-- Table structure for table `open_id_authentication_nonces`
--

DROP TABLE IF EXISTS `open_id_authentication_nonces`;
/*!40101 SET @saved_cs_client     = @@character_set_client */;
/*!40101 SET character_set_client = utf8 */;
CREATE TABLE `open_id_authentication_nonces` (
  `id` int(11) NOT NULL AUTO_INCREMENT,
  `timestamp` int(11) NOT NULL,
  `server_url` varchar(255) COLLATE utf8_unicode_ci DEFAULT NULL,
  `salt` varchar(255) COLLATE utf8_unicode_ci NOT NULL,
  PRIMARY KEY (`id`)
) ENGINE=InnoDB DEFAULT CHARSET=utf8 COLLATE=utf8_unicode_ci;
/*!40101 SET character_set_client = @saved_cs_client */;

--
-- Dumping data for table `open_id_authentication_nonces`
--

LOCK TABLES `open_id_authentication_nonces` WRITE;
/*!40000 ALTER TABLE `open_id_authentication_nonces` DISABLE KEYS */;
/*!40000 ALTER TABLE `open_id_authentication_nonces` ENABLE KEYS */;
UNLOCK TABLES;

--
-- Table structure for table `projects`
--

DROP TABLE IF EXISTS `projects`;
/*!40101 SET @saved_cs_client     = @@character_set_client */;
/*!40101 SET character_set_client = utf8 */;
CREATE TABLE `projects` (
  `id` int(11) NOT NULL AUTO_INCREMENT,
  `name` varchar(255) COLLATE utf8_unicode_ci NOT NULL DEFAULT '',
  `description` text COLLATE utf8_unicode_ci,
  `homepage` varchar(255) COLLATE utf8_unicode_ci DEFAULT '',
  `is_public` tinyint(1) NOT NULL DEFAULT '1',
  `parent_id` int(11) DEFAULT NULL,
  `created_on` datetime DEFAULT NULL,
  `updated_on` datetime DEFAULT NULL,
  `identifier` varchar(255) COLLATE utf8_unicode_ci DEFAULT NULL,
  `status` int(11) NOT NULL DEFAULT '1',
  `lft` int(11) DEFAULT NULL,
  `rgt` int(11) DEFAULT NULL,
  PRIMARY KEY (`id`),
  KEY `index_projects_on_lft` (`lft`),
  KEY `index_projects_on_rgt` (`rgt`),
  KEY `index_projects_on_identifier` (`identifier`)
) ENGINE=InnoDB AUTO_INCREMENT=56 DEFAULT CHARSET=utf8 COLLATE=utf8_unicode_ci;
/*!40101 SET character_set_client = @saved_cs_client */;

--
-- Dumping data for table `projects`
--

LOCK TABLES `projects` WRITE;
/*!40000 ALTER TABLE `projects` DISABLE KEYS */;
INSERT INTO `projects` VALUES (2,'Firmador Digital - Dirección de Aplicaciones','*\"Análisis estático de código\":http://200.63.171.140/sonar/dashboard/index/1*\r\n*\"Integración continua\":http://cluster.softwarepublico.gob.ar/jenkins/job/firmador-digital/*','',1,5,'2012-11-28 16:55:42','2013-01-11 15:45:47','firmador-digital',1,15,16),(3,'Root SPD','Este es el proyecto padre de organización del programa SPD.\r\n\r\nLos Sub-proyectos articulan los debates y tareas transversales a todas las comunidades.\r\n\r\nAquí se incluyen los proyectos transversales a todo el portal SPD, donde nos articulemos nosotros, los promotores, voluntarios y los administradores de cada comunidad de practica, funcionales, tecnologicas o de aplicación.','',1,NULL,'2012-12-01 18:43:39','2012-12-02 13:29:34','root-spd',1,87,106),(4,'Clusters de Innovación','Los sub-proyectos a este reunen a todas las comunidades de usuarios, funcionales y de aplicación.','',1,NULL,'2012-12-01 18:46:08','2012-12-02 13:57:44','cluster-innovacion',1,1,44),(5,'Firma digital','La creciente digitalización de los procedimientos en la Administración Pública Argentina,  demanda componentes de software que permitan implementar la Firma Digital en los circuitos técnicos administrativos de la gestión. \r\nLa posibilidad de contar con esta funcionalidad permitirá un avance disidido sobre los procesos de digitalización orientados al concepto de “paper less”.\r\n\r\n','',1,4,'2012-12-01 18:47:03','2012-12-03 20:36:42','firma-digital',1,10,17),(6,'Back Office Autoridad de Registro','','',1,5,'2012-12-01 18:52:44','2012-12-01 18:52:44','back-office-aut-reg',1,13,14),(7,'Back Office Autoridad de Certificante','La creciente demanda de implementación de procesos digitales (digitalización) en la Administración Pública Nacional, conlleva la necesidad de contar con una plataforma ágil e inteligente para la gestión de Certificados Digitales en la tramitación de la Firma Digital.\r\nEsta plataforma basada en software se encarga de administrar el ciclo de vida de los certificados digitales administrada por la ONTI.\r\n','',1,5,'2012-12-01 18:54:48','2012-12-03 20:41:42','back-office-aut-cert',1,11,12),(8,'Compras','Aplicaciones de compras para el sector público.','',1,25,'2012-12-01 18:55:35','2012-12-03 22:09:53','compras',1,27,36),(9,'AR-Compra-Sistema de gestion online de contrataciones publicas','poner el proyecto ar compra','',1,8,'2012-12-01 18:57:01','2012-12-01 18:57:01','ar-compras',1,28,29),(10,'AR-Sipro - Sistema de registro de proveedores','Sistema Proveedores ','',1,8,'2012-12-01 19:00:18','2012-12-03 21:30:04','ar-sipro',1,32,33),(11,'Governance SPD','','',1,3,'2012-12-01 19:02:43','2012-12-01 19:02:43','governance-spd',1,100,105),(12,'Governance infraestructura SPD','Aquí ordenaremos el trabajo de la infraestructura','',0,3,'2012-12-01 19:05:39','2012-12-01 19:05:39','governance-infraestructura-spd',1,88,99),(13,'Integración Continua','Aqui incluimos organizamos las tareas ','',0,12,'2012-12-01 19:26:34','2012-12-02 14:18:05','governance-infraestructura-spe',1,91,96),(14,'Joomla SPD','tareas el sitio','',0,12,'2012-12-01 19:28:21','2012-12-01 19:28:21','joomla-spd',1,89,90),(15,'Criterios de aceptación de artefactos','Debatiremos para cada uno de los artefactos que controles de aceptación se realizarán.\r\n\r\nPara cada artefacto que se decida incorporar se discutirá en un sub proyecto.','',1,11,'2012-12-02 14:02:38','2012-12-02 14:03:22','aceptacion_artefactos',1,101,102),(16,'Criterios de aceptación de facilitadores en SPD','Las personas fisicas o juridicas que se propongan para brindar servicios sobre SPD deberán cumplir una serie de requisitos que se debatirán en este proyecto.','',1,11,'2012-12-02 14:07:51','2012-12-02 14:07:51','aceptacion_facilitadores',1,103,104),(17,'Redmine SPD','','',0,13,'2012-12-02 14:19:26','2012-12-02 14:19:26','redmine_spd',1,94,95),(18,'Meaven SPD','','',0,13,'2012-12-02 14:19:57','2012-12-03 00:20:17','meaven_spd',1,92,93),(19,'Industrias Creativas','','',1,4,'2012-12-02 23:45:42','2012-12-02 23:45:42','industrias_creativas',1,18,21),(20,'Educación','','',1,4,'2012-12-02 23:52:09','2012-12-02 23:52:09','educacion',1,6,9),(21,'Seguridad','','',1,4,'2012-12-02 23:52:56','2012-12-02 23:52:56','seguridad',1,40,41),(22,'Salud','','',1,4,'2012-12-02 23:53:15','2012-12-02 23:53:15','salud',1,22,25),(23,'Comercio','','',1,4,'2012-12-02 23:53:42','2012-12-02 23:53:42','comercio',1,4,5),(24,'Transporte','','',1,4,'2012-12-02 23:53:58','2012-12-02 23:53:58','transporte',1,42,43),(25,'Sector Público','','sector_publico',1,4,'2012-12-02 23:54:22','2012-12-02 23:54:22','transportf',1,26,39),(26,'Agricultura','','',1,4,'2012-12-02 23:54:43','2012-12-02 23:54:43','agricultura',1,2,3),(27,'Gestión de Turnos','','',1,31,'2012-12-02 23:56:50','2012-12-02 23:56:50','turnos',1,56,57),(28,'Receta Electrónica','','',1,31,'2012-12-02 23:57:36','2012-12-02 23:57:36','receta_electronica',1,62,63),(29,'Historia Clinica','','',1,31,'2012-12-02 23:58:07','2012-12-02 23:58:07','historia_clinica',1,58,59),(30,'Inscripción de Alumnos ','','',1,31,'2012-12-02 23:59:19','2012-12-02 23:59:19','inscripcion_alumnos',1,60,61),(31,'Comunidades Funcionales','Aquí se concentraran los debates y mejores practicas de todas las tecnologías.\r\n\r\nCada comunidad concentrará consultores en una funcionalidad en particular con el objetivo de compartir y refinar su conocimiento orientando a los usuarios y comunidades en la generación de verdaderas innovaciones y desafíos técnicos para la competitividad de la Industria Argentina.','',1,NULL,'2012-12-03 00:00:22','2012-12-03 00:07:43','comunidades_funcionales',1,45,66),(32,'Comunidades Tecnológicas ','Aquí se concentraran los debates y mejores practicas de todas las tecnologías.\r\n\r\nCada comunidad tecnológica se centrará en una tecnología en particular, como ser java, php, Hibernate.','',1,NULL,'2012-12-03 00:02:40','2012-12-03 00:03:01','comunidades_tecnologica',1,67,86),(33,'Biblioteca','','',1,31,'2012-12-03 00:11:58','2012-12-03 00:11:58','biblioteca',1,46,47),(34,'Tele-formación','','',1,31,'2012-12-03 00:12:21','2012-12-03 00:12:21','tele-formacion',1,64,65),(35,'Gestión Autoridad de Registro','','',1,31,'2012-12-03 00:13:13','2012-12-03 00:13:13','gestion_ar',1,54,55),(36,'Gestión Autoridad Certificante','','',1,31,'2012-12-03 00:13:49','2012-12-03 00:13:49','gestion_as',1,52,53),(37,'Firmar PDF´s','','',1,31,'2012-12-03 00:14:16','2012-12-03 00:14:16','firmar_pdf',1,50,51),(38,'JAVA','','',1,32,'2012-12-03 00:16:12','2012-12-03 00:16:12','java',1,70,71),(39,'PHP','','',1,32,'2012-12-03 00:16:25','2012-12-03 00:16:25','php',1,78,79),(40,'Python','','',1,32,'2012-12-03 00:16:43','2012-12-03 00:16:43','python',1,82,83),(42,'Lenguaje \"C\"','','',1,32,'2012-12-03 00:19:29','2012-12-03 00:19:29','lenguaje_c',1,72,73),(43,'Perl','','',1,32,'2012-12-03 00:21:37','2012-12-03 00:21:37','perl',1,76,77),(44,'Ruby','','',1,32,'2012-12-03 00:21:54','2012-12-03 00:21:54','ruby',1,84,85),(45,'Cassandra','','',1,32,'2012-12-03 00:22:21','2012-12-03 00:22:21','cassandra',1,68,69),(46,'My SQL','','',1,32,'2012-12-03 00:22:43','2012-12-03 00:22:43','my_sql',1,74,75),(47,'Postgre SQL','','',1,32,'2012-12-03 00:23:13','2012-12-03 00:23:13','postgre_sql',1,80,81),(48,'Educaciòn Universitaria','','',1,20,'2012-12-03 20:11:50','2012-12-03 20:11:50','educacion_universitaria',1,7,8),(49,'Digitalización del patrimonio cultural','La digitalización del patrimonio cultural y el acceso de la ciudadana a los nuevos objetos digitales mediante la red Internet.\r\n','',1,19,'2012-12-03 20:49:53','2012-12-03 20:49:53','educacion_universitarib',1,19,20),(50,'Hospital de Alta Complejidad \"El Cruce\"','Se distribuye con conceptos básicos de un hospital digital, en la implementación del primer hospital digital público en la localidad de Florencio Varela \"El Cruce\".','http://www.hospitalelcruce.org',1,22,'2012-12-03 21:10:50','2012-12-03 21:10:50','educacion_universitaric',1,23,24),(51,'Recursoso Humanos - SIARH -','El SIARH es un sistema para la gestión de recursos humanos. Esta compuesto por dos módulos que se integran operativamente: el correspondiente a  las tramitaciones que hacen a  Gestión del Personal y los procesos que corresponden a  Liquidación de Haberes.','',1,25,'2012-12-03 21:26:24','2012-12-03 21:26:24','educacion_universitarid',1,37,38),(52,'AR-Sibys','Sistema de Bienes y Servicios','',1,8,'2012-12-03 21:37:31','2012-12-03 21:37:31','educacion_universitarie',1,30,31),(53,'PAC','Plan Anual de Contrataciones','',1,8,'2012-12-03 21:41:38','2012-12-03 21:41:38','educacion_universitarif',1,34,35),(54,'Comunas digitales','En una etapa inicial, se pretende favorecer el aprendizaje y el uso de las\r\ntecnologías de la información y digitalización, en los hogares, comedores,\r\nbibliotecas, ONGs barriales en las pequeñas y medianas empresas y en las\r\nasociaciones que dan identidad socio cultural.\r\nSu finalidad es promover el desarrollo y la puesta en práctica de las tecnologías\r\nde comunicación social e Internet como herramienta de integración social en\r\ncolectivos de población como: jóvenes, mayores, mujeres, inmigrantes o\r\naquellas personas que tengan alguna dificultad de acceso o recursos.\r\nEsta concepción permitirá sumar capacidades con los centros de educación\r\nformal y no formal, ONGs y asistencia social de las comunas porteñas.','',1,31,'2012-12-03 21:59:48','2012-12-03 21:59:48','educacion_universitarig',1,48,49),(55,'SPD Finder','','',1,12,'2013-02-08 01:10:45','2013-02-08 01:10:45','spd-finder',1,97,98);
/*!40000 ALTER TABLE `projects` ENABLE KEYS */;
UNLOCK TABLES;

--
-- Table structure for table `projects_trackers`
--

DROP TABLE IF EXISTS `projects_trackers`;
/*!40101 SET @saved_cs_client     = @@character_set_client */;
/*!40101 SET character_set_client = utf8 */;
CREATE TABLE `projects_trackers` (
  `project_id` int(11) NOT NULL DEFAULT '0',
  `tracker_id` int(11) NOT NULL DEFAULT '0',
  UNIQUE KEY `projects_trackers_unique` (`project_id`,`tracker_id`),
  KEY `projects_trackers_project_id` (`project_id`)
) ENGINE=InnoDB DEFAULT CHARSET=utf8 COLLATE=utf8_unicode_ci;
/*!40101 SET character_set_client = @saved_cs_client */;

--
-- Dumping data for table `projects_trackers`
--

LOCK TABLES `projects_trackers` WRITE;
/*!40000 ALTER TABLE `projects_trackers` DISABLE KEYS */;
INSERT INTO `projects_trackers` VALUES (2,1),(2,2),(2,3),(3,1),(3,2),(3,3),(4,1),(4,2),(4,3),(5,1),(5,2),(5,3),(6,1),(6,2),(6,3),(7,1),(7,2),(7,3),(8,1),(8,2),(8,3),(9,1),(9,2),(9,3),(10,1),(10,2),(10,3),(11,1),(11,2),(11,3),(12,1),(12,2),(12,3),(13,1),(13,2),(13,3),(14,1),(14,2),(14,3),(15,1),(15,2),(15,3),(16,1),(16,2),(16,3),(17,1),(17,2),(17,3),(18,1),(18,2),(18,3),(19,1),(19,2),(19,3),(20,1),(20,2),(20,3),(21,1),(21,2),(21,3),(22,1),(22,2),(22,3),(23,1),(23,2),(23,3),(24,1),(24,2),(24,3),(25,1),(25,2),(25,3),(26,1),(26,2),(26,3),(27,1),(27,2),(27,3),(28,1),(28,2),(28,3),(29,1),(29,2),(29,3),(30,1),(30,2),(30,3),(31,1),(31,2),(31,3),(32,1),(32,2),(32,3),(33,1),(33,2),(33,3),(34,1),(34,2),(34,3),(35,1),(35,2),(35,3),(36,1),(36,2),(36,3),(37,1),(37,2),(37,3),(38,1),(38,2),(38,3),(39,1),(39,2),(39,3),(40,1),(40,2),(40,3),(42,1),(42,2),(42,3),(43,1),(43,2),(43,3),(44,1),(44,2),(44,3),(45,1),(45,2),(45,3),(46,1),(46,2),(46,3),(47,1),(47,2),(47,3),(48,1),(48,2),(48,3),(49,1),(49,2),(49,3),(50,1),(50,2),(50,3),(51,1),(51,2),(51,3),(52,1),(52,2),(52,3),(53,1),(53,2),(53,3),(54,1),(54,2),(54,3),(55,1),(55,2),(55,3);
/*!40000 ALTER TABLE `projects_trackers` ENABLE KEYS */;
UNLOCK TABLES;

--
-- Table structure for table `queries`
--

DROP TABLE IF EXISTS `queries`;
/*!40101 SET @saved_cs_client     = @@character_set_client */;
/*!40101 SET character_set_client = utf8 */;
CREATE TABLE `queries` (
  `id` int(11) NOT NULL AUTO_INCREMENT,
  `project_id` int(11) DEFAULT NULL,
  `name` varchar(255) COLLATE utf8_unicode_ci NOT NULL DEFAULT '',
  `filters` text COLLATE utf8_unicode_ci,
  `user_id` int(11) NOT NULL DEFAULT '0',
  `is_public` tinyint(1) NOT NULL DEFAULT '0',
  `column_names` text COLLATE utf8_unicode_ci,
  `sort_criteria` text COLLATE utf8_unicode_ci,
  `group_by` varchar(255) COLLATE utf8_unicode_ci DEFAULT NULL,
  PRIMARY KEY (`id`),
  KEY `index_queries_on_project_id` (`project_id`),
  KEY `index_queries_on_user_id` (`user_id`)
) ENGINE=InnoDB DEFAULT CHARSET=utf8 COLLATE=utf8_unicode_ci;
/*!40101 SET character_set_client = @saved_cs_client */;

--
-- Dumping data for table `queries`
--

LOCK TABLES `queries` WRITE;
/*!40000 ALTER TABLE `queries` DISABLE KEYS */;
/*!40000 ALTER TABLE `queries` ENABLE KEYS */;
UNLOCK TABLES;

--
-- Table structure for table `repositories`
--

DROP TABLE IF EXISTS `repositories`;
/*!40101 SET @saved_cs_client     = @@character_set_client */;
/*!40101 SET character_set_client = utf8 */;
CREATE TABLE `repositories` (
  `id` int(11) NOT NULL AUTO_INCREMENT,
  `project_id` int(11) NOT NULL DEFAULT '0',
  `url` varchar(255) COLLATE utf8_unicode_ci NOT NULL DEFAULT '',
  `login` varchar(60) COLLATE utf8_unicode_ci DEFAULT '',
  `password` varchar(255) COLLATE utf8_unicode_ci DEFAULT '',
  `root_url` varchar(255) COLLATE utf8_unicode_ci DEFAULT '',
  `type` varchar(255) COLLATE utf8_unicode_ci DEFAULT NULL,
  `path_encoding` varchar(64) COLLATE utf8_unicode_ci DEFAULT NULL,
  `log_encoding` varchar(64) COLLATE utf8_unicode_ci DEFAULT NULL,
  `extra_info` text COLLATE utf8_unicode_ci,
  `identifier` varchar(255) COLLATE utf8_unicode_ci DEFAULT NULL,
  `is_default` tinyint(1) DEFAULT '0',
  PRIMARY KEY (`id`),
  KEY `index_repositories_on_project_id` (`project_id`),
  KEY `index_repositories_on_identifier` (`identifier`),
  KEY `index_repositories_on_identifier_and_project_id` (`identifier`,`project_id`)
) ENGINE=InnoDB AUTO_INCREMENT=5 DEFAULT CHARSET=utf8 COLLATE=utf8_unicode_ci;
/*!40101 SET character_set_client = @saved_cs_client */;

--
-- Dumping data for table `repositories`
--

LOCK TABLES `repositories` WRITE;
/*!40000 ALTER TABLE `repositories` DISABLE KEYS */;
INSERT INTO `repositories` VALUES (3,2,'repositories/cluster-innovacion/firma-digital/firmador-digital.git','','','repositories/cluster-innovacion/firma-digital/firmador-digital.git','Git',NULL,NULL,'--- \nheads: \n- 53105af80fd65cd9404dbeecbaaa6b531be672fe\ndb_consistent: \n  ordering: 1\n','',1),(4,55,'repositories/root-spd/governance-infraestructura-spd/spd-finder.git','','','repositories/root-spd/governance-infraestructura-spd/spd-finder.git','Git',NULL,NULL,NULL,'',1);
/*!40000 ALTER TABLE `repositories` ENABLE KEYS */;
UNLOCK TABLES;

--
-- Table structure for table `repository_mirrors`
--

DROP TABLE IF EXISTS `repository_mirrors`;
/*!40101 SET @saved_cs_client     = @@character_set_client */;
/*!40101 SET character_set_client = utf8 */;
CREATE TABLE `repository_mirrors` (
  `id` int(11) NOT NULL AUTO_INCREMENT,
  `active` int(11) DEFAULT '1',
  `url` varchar(255) COLLATE utf8_unicode_ci DEFAULT NULL,
  `created_at` datetime DEFAULT NULL,
  `updated_at` datetime DEFAULT NULL,
  `push_mode` int(11) DEFAULT '0',
  `include_all_branches` tinyint(1) DEFAULT '0',
  `include_all_tags` tinyint(1) DEFAULT '0',
  `explicit_refspec` varchar(255) COLLATE utf8_unicode_ci DEFAULT '',
  `repository_id` int(11) DEFAULT NULL,
  PRIMARY KEY (`id`)
) ENGINE=InnoDB DEFAULT CHARSET=utf8 COLLATE=utf8_unicode_ci;
/*!40101 SET character_set_client = @saved_cs_client */;

--
-- Dumping data for table `repository_mirrors`
--

LOCK TABLES `repository_mirrors` WRITE;
/*!40000 ALTER TABLE `repository_mirrors` DISABLE KEYS */;
/*!40000 ALTER TABLE `repository_mirrors` ENABLE KEYS */;
UNLOCK TABLES;

--
-- Table structure for table `repository_post_receive_urls`
--

DROP TABLE IF EXISTS `repository_post_receive_urls`;
/*!40101 SET @saved_cs_client     = @@character_set_client */;
/*!40101 SET character_set_client = utf8 */;
CREATE TABLE `repository_post_receive_urls` (
  `id` int(11) NOT NULL AUTO_INCREMENT,
  `active` int(11) DEFAULT '1',
  `url` varchar(255) COLLATE utf8_unicode_ci DEFAULT NULL,
  `created_at` datetime DEFAULT NULL,
  `updated_at` datetime DEFAULT NULL,
  `mode` varchar(255) COLLATE utf8_unicode_ci DEFAULT 'github',
  `repository_id` int(11) DEFAULT NULL,
  PRIMARY KEY (`id`)
) ENGINE=InnoDB DEFAULT CHARSET=utf8 COLLATE=utf8_unicode_ci;
/*!40101 SET character_set_client = @saved_cs_client */;

--
-- Dumping data for table `repository_post_receive_urls`
--

LOCK TABLES `repository_post_receive_urls` WRITE;
/*!40000 ALTER TABLE `repository_post_receive_urls` DISABLE KEYS */;
/*!40000 ALTER TABLE `repository_post_receive_urls` ENABLE KEYS */;
UNLOCK TABLES;

--
-- Table structure for table `roles`
--

DROP TABLE IF EXISTS `roles`;
/*!40101 SET @saved_cs_client     = @@character_set_client */;
/*!40101 SET character_set_client = utf8 */;
CREATE TABLE `roles` (
  `id` int(11) NOT NULL AUTO_INCREMENT,
  `name` varchar(30) COLLATE utf8_unicode_ci NOT NULL DEFAULT '',
  `position` int(11) DEFAULT '1',
  `assignable` tinyint(1) DEFAULT '1',
  `builtin` int(11) NOT NULL DEFAULT '0',
  `permissions` text COLLATE utf8_unicode_ci,
  `issues_visibility` varchar(30) COLLATE utf8_unicode_ci NOT NULL DEFAULT 'default',
  PRIMARY KEY (`id`)
) ENGINE=InnoDB AUTO_INCREMENT=9 DEFAULT CHARSET=utf8 COLLATE=utf8_unicode_ci;
/*!40101 SET character_set_client = @saved_cs_client */;

--
-- Dumping data for table `roles`
--

LOCK TABLES `roles` WRITE;
/*!40000 ALTER TABLE `roles` DISABLE KEYS */;
INSERT INTO `roles` VALUES (1,'Non member',1,1,1,'--- \n- :view_issues\n- :add_issues\n- :add_issue_notes\n- :save_queries\n- :view_gantt\n- :view_calendar\n- :view_time_entries\n- :comment_news\n- :view_documents\n- :view_wiki_pages\n- :view_wiki_edits\n- :add_messages\n- :view_files\n- :browse_repository\n- :view_changesets\n','default'),(2,'Anonymous',2,1,2,'--- \n- :view_issues\n- :view_gantt\n- :view_calendar\n- :view_time_entries\n- :view_documents\n- :view_wiki_pages\n- :view_wiki_edits\n- :view_files\n- :browse_repository\n- :view_changesets\n','default'),(3,'Jefe de proyecto',3,1,0,'--- \n- :add_project\n- :edit_project\n- :select_project_modules\n- :manage_members\n- :manage_versions\n- :add_subprojects\n- :manage_categories\n- :view_issues\n- :add_issues\n- :edit_issues\n- :manage_issue_relations\n- :manage_subtasks\n- :set_issues_private\n- :set_own_issues_private\n- :add_issue_notes\n- :edit_issue_notes\n- :edit_own_issue_notes\n- :move_issues\n- :delete_issues\n- :manage_public_queries\n- :save_queries\n- :view_issue_watchers\n- :add_issue_watchers\n- :delete_issue_watchers\n- :log_time\n- :view_time_entries\n- :edit_time_entries\n- :edit_own_time_entries\n- :manage_project_activities\n- :manage_news\n- :comment_news\n- :manage_documents\n- :view_documents\n- :manage_files\n- :view_files\n- :manage_wiki\n- :rename_wiki_pages\n- :delete_wiki_pages\n- :view_wiki_pages\n- :export_wiki_pages\n- :view_wiki_edits\n- :edit_wiki_pages\n- :delete_wiki_pages_attachments\n- :protect_wiki_pages\n- :manage_repository\n- :browse_repository\n- :view_changesets\n- :commit_access\n- :manage_related_issues\n- :manage_boards\n- :add_messages\n- :edit_messages\n- :edit_own_messages\n- :delete_messages\n- :delete_own_messages\n- :view_calendar\n- :view_gantt\n','all'),(4,'Desarrollador',4,1,0,'--- \n- :manage_versions\n- :manage_categories\n- :view_issues\n- :add_issues\n- :edit_issues\n- :manage_issue_relations\n- :manage_subtasks\n- :add_issue_notes\n- :save_queries\n- :view_gantt\n- :view_calendar\n- :log_time\n- :view_time_entries\n- :comment_news\n- :view_documents\n- :view_wiki_pages\n- :view_wiki_edits\n- :edit_wiki_pages\n- :delete_wiki_pages\n- :add_messages\n- :edit_own_messages\n- :view_files\n- :manage_files\n- :browse_repository\n- :view_changesets\n- :commit_access\n- :manage_related_issues\n','default'),(5,'Informador',5,1,0,'--- \n- :view_issues\n- :add_issues\n- :add_issue_notes\n- :save_queries\n- :view_gantt\n- :view_calendar\n- :log_time\n- :view_time_entries\n- :comment_news\n- :view_documents\n- :view_wiki_pages\n- :view_wiki_edits\n- :add_messages\n- :edit_own_messages\n- :view_files\n- :browse_repository\n- :view_changesets\n','default'),(6,'Analista',6,1,0,'--- \n- :add_messages\n- :view_calendar\n- :view_documents\n- :view_files\n- :view_gantt\n- :view_issues\n- :add_issues\n- :add_issue_notes\n- :save_queries\n- :comment_news\n- :browse_repository\n- :view_changesets\n- :view_time_entries\n- :view_wiki_pages\n- :view_wiki_edits\n','default'),(8,'deployer',7,0,0,'--- \n- :browse_repository\n- :view_changesets\n- :view_repository_mirrors\n- :view_repository_post_receive_urls\n','default');
/*!40000 ALTER TABLE `roles` ENABLE KEYS */;
UNLOCK TABLES;

--
-- Table structure for table `schema_migrations`
--

DROP TABLE IF EXISTS `schema_migrations`;
/*!40101 SET @saved_cs_client     = @@character_set_client */;
/*!40101 SET character_set_client = utf8 */;
CREATE TABLE `schema_migrations` (
  `version` varchar(255) COLLATE utf8_unicode_ci NOT NULL,
  UNIQUE KEY `unique_schema_migrations` (`version`)
) ENGINE=InnoDB DEFAULT CHARSET=utf8 COLLATE=utf8_unicode_ci;
/*!40101 SET character_set_client = @saved_cs_client */;

--
-- Dumping data for table `schema_migrations`
--

LOCK TABLES `schema_migrations` WRITE;
/*!40000 ALTER TABLE `schema_migrations` DISABLE KEYS */;
INSERT INTO `schema_migrations` VALUES ('1'),('10'),('100'),('101'),('102'),('103'),('104'),('105'),('106'),('107'),('108'),('11'),('12'),('13'),('14'),('15'),('16'),('17'),('18'),('19'),('2'),('20'),('20090214190337'),('20090312172426'),('20090312194159'),('20090318181151'),('20090323224724'),('20090401221305'),('20090401231134'),('20090403001910'),('20090406161854'),('20090425161243'),('20090503121501'),('20090503121505'),('20090503121510'),('20090614091200'),('20090704172350'),('20090704172355'),('20090704172358'),('20091010093521'),('20091017212227'),('20091017212457'),('20091017212644'),('20091017212938'),('20091017213027'),('20091017213113'),('20091017213151'),('20091017213228'),('20091017213257'),('20091017213332'),('20091017213444'),('20091017213536'),('20091017213642'),('20091017213716'),('20091017213757'),('20091017213835'),('20091017213910'),('20091017214015'),('20091017214107'),('20091017214136'),('20091017214236'),('20091017214308'),('20091017214336'),('20091017214406'),('20091017214440'),('20091017214519'),('20091017214611'),('20091017214644'),('20091017214720'),('20091017214750'),('20091025163651'),('20091108092559'),('20091114105931'),('20091119162426-redmine_git_hosting'),('20091119162427-redmine_git_hosting'),('20091119162428-redmine_git_hosting'),('20091123212029'),('20091205124427'),('20091220183509'),('20091220183727'),('20091220184736'),('20091225164732'),('20091227112908'),('20100129193402'),('20100129193813'),('20100221100219'),('20100313132032'),('20100313171051'),('20100705164950'),('20100819172912'),('20101104182107'),('20101107130441'),('20101114115114'),('20101114115359'),('20110220160626'),('20110223180944'),('20110223180953'),('20110224000000'),('20110226120112'),('20110226120132'),('20110227125750'),('20110228000000'),('20110228000100'),('20110401192910'),('20110408103312'),('20110412065600'),('20110511000000'),('2011072600000-redmine_git_hosting'),('2011080700000-redmine_git_hosting'),('2011081300000-redmine_git_hosting'),('2011081700000-redmine_git_hosting'),('20110902000000'),('20111119170948-redmine_git_hosting'),('20111123214911-redmine_git_hosting'),('20111201201315'),('20111220055819-redmine_git_hosting'),('20120115143024'),('20120115143100'),('20120115143126'),('20120127174243'),('20120205111326'),('20120223110929'),('20120226013750-redmine_git_hosting'),('20120301153455'),('2012052100000-redmine_git_hosting'),('2012052100001-redmine_git_hosting'),('2012052200000-redmine_git_hosting'),('20120708070841-redmine_git_hosting'),('20120710204007-redmine_git_hosting'),('20120724211806-redmine_git_hosting'),('20120803043256-redmine_git_hosting'),('20120904060609-redmine_git_hosting'),('21'),('22'),('23'),('24'),('25'),('26'),('27'),('28'),('29'),('3'),('30'),('31'),('32'),('33'),('34'),('35'),('36'),('37'),('38'),('39'),('4'),('40'),('41'),('42'),('43'),('44'),('45'),('46'),('47'),('48'),('49'),('5'),('50'),('51'),('52'),('53'),('54'),('55'),('56'),('57'),('58'),('59'),('6'),('60'),('61'),('62'),('63'),('64'),('65'),('66'),('67'),('68'),('69'),('7'),('70'),('71'),('72'),('73'),('74'),('75'),('76'),('77'),('78'),('79'),('8'),('80'),('81'),('82'),('83'),('84'),('85'),('86'),('87'),('88'),('89'),('9'),('90'),('91'),('92'),('93'),('94'),('95'),('96'),('97'),('98'),('99');
/*!40000 ALTER TABLE `schema_migrations` ENABLE KEYS */;
UNLOCK TABLES;

--
-- Table structure for table `settings`
--

DROP TABLE IF EXISTS `settings`;
/*!40101 SET @saved_cs_client     = @@character_set_client */;
/*!40101 SET character_set_client = utf8 */;
CREATE TABLE `settings` (
  `id` int(11) NOT NULL AUTO_INCREMENT,
  `name` varchar(255) COLLATE utf8_unicode_ci NOT NULL DEFAULT '',
  `value` text COLLATE utf8_unicode_ci,
  `updated_on` datetime DEFAULT NULL,
  PRIMARY KEY (`id`),
  KEY `index_settings_on_name` (`name`)
) ENGINE=InnoDB AUTO_INCREMENT=55 DEFAULT CHARSET=utf8 COLLATE=utf8_unicode_ci;
/*!40101 SET character_set_client = @saved_cs_client */;

--
-- Dumping data for table `settings`
--

LOCK TABLES `settings` WRITE;
/*!40000 ALTER TABLE `settings` DISABLE KEYS */;
INSERT INTO `settings` VALUES (1,'plugin_redmine_git_hosting','--- !map:HashWithIndifferentAccess \ngitLockWaitTime: \"10\"\ngitTempDataDir: /tmp/redmine_git_hosting/\ngitScriptDir: \"\"\ngitUser: git\ngitoliteIdentityFile: /opt/redmine-1.4/.ssh/gitolite_admin_id_rsa\ngitoliteIdentityPublicKeyFile: /opt/redmine-1.4/.ssh/gitolite_admin_id_rsa.pub\ngitConfigFile: gitolite.conf\ngitConfigHasAdminKey: \"true\"\ngitRepositoryBasePath: repositories/\ngitRedmineSubdir: \"\"\ngitRepositoryHierarchy: \"true\"\ngitRepositoryIdentUnique: \"true\"\nallProjectsUseGit: \"false\"\ngitDaemonDefault: \"1\"\ngitHttpDefault: \"1\"\ngitNotifyCIADefault: \"0\"\ndeleteGitRepositories: \"false\"\ngitRecycleBasePath: recycle_bin/\ngitRecycleExpireTime: \"24.0\"\ngitServer: cluster.softwarepublico.gob.ar\nhttpServer: localhost\nhttpServerSubdir: \"\"\ngitRepositoriesShowUrl: \"true\"\ngitCacheMaxElements: \"100\"\ngitCacheMaxSize: \"16\"\ngitCacheMaxTime: \"-1\"\ngitHooksAreAsynchronous: \"true\"\ngitHooksDebug: \"false\"\ngitForceHooksUpdate: \"true\"\n','2013-02-10 10:31:33'),(2,'app_title','Plataforma de colaboración de Software Público para el Desarrollo (SPD)','2012-12-10 15:55:45'),(3,'welcome_text','Bienvenidos a la *Plataforma de colaboración de software público para el desarrollo*, aquí encontrará un espacio para compartir experiencias y recursos con personas e instituciones de su misma actividad a los efectos de potenciar la capacidad productiva de conocimiento tecnológico de la Inteligencia Social Argentina.\r\n\r\n\r\n*_Dirección de aplicaciones_*','2012-12-03 15:32:22'),(4,'attachment_max_size','5120','2012-11-28 16:26:17'),(5,'per_page_options','25,50,100','2012-11-28 16:26:17'),(6,'activity_days_default','30','2012-11-28 16:26:17'),(7,'host_name','cluster.softwarepublico.gob.ar/redmine','2012-12-03 23:06:42'),(8,'protocol','http','2013-01-08 11:15:05'),(9,'text_formatting','textile','2012-11-28 16:26:17'),(10,'cache_formatted_text','1','2012-11-28 16:27:23'),(11,'wiki_compression','','2012-11-28 16:26:17'),(12,'feeds_limit','15','2012-11-28 16:26:17'),(13,'file_max_size_displayed','512','2012-11-28 16:26:17'),(14,'diff_max_lines_displayed','1500','2012-11-28 16:26:17'),(15,'repositories_encodings','','2012-11-28 16:26:17'),(16,'ui_theme','jefatura','2012-12-03 12:31:17'),(17,'default_language','es','2012-11-28 16:27:36'),(18,'start_of_week','','2012-11-28 16:27:36'),(19,'date_format','','2012-11-28 16:27:36'),(20,'time_format','','2012-11-28 16:27:36'),(21,'user_format','firstname_lastname','2012-11-28 16:27:36'),(22,'gravatar_enabled','1','2012-11-28 16:27:36'),(23,'gravatar_default','retro','2012-11-28 16:27:36'),(24,'enabled_scm','--- \n- Git\n','2012-11-28 16:28:35'),(25,'autofetch_changesets','1','2012-11-28 16:28:35'),(26,'sys_api_enabled','0','2012-11-28 16:28:35'),(27,'repository_log_display_limit','100','2012-11-28 16:28:35'),(28,'commit_ref_keywords','refs,references,IssueID','2012-11-28 16:28:36'),(29,'commit_fix_keywords','fixes,closes','2012-11-28 16:28:36'),(30,'commit_fix_status_id','0','2012-11-28 16:28:36'),(31,'commit_fix_done_ratio','100','2012-11-28 16:28:36'),(32,'commit_cross_project_ref','0','2012-11-28 16:28:36'),(33,'commit_logtime_enabled','0','2012-11-28 16:28:36'),(34,'login_required','0','2012-11-28 18:11:24'),(35,'autologin','0','2012-11-28 18:11:24'),(36,'self_registration','2','2012-11-28 18:11:24'),(37,'unsubscribe','1','2012-11-28 18:11:24'),(38,'password_min_length','6','2012-11-28 22:43:58'),(39,'lost_password','1','2012-11-28 18:11:24'),(40,'openid','0','2012-12-01 16:13:38'),(41,'rest_api_enabled','1','2012-11-28 18:11:24'),(42,'session_lifetime','0','2012-11-28 18:11:24'),(43,'session_timeout','0','2012-11-28 18:11:24'),(44,'plugin_redmine_cas','--- !map:HashWithIndifferentAccess \ncas_base_url: http://192.168.4.21:4000\nlogin_without_cas: \"true\"\ncas_logout: \"true\"\n','2012-12-01 17:21:50'),(45,'default_projects_public','1','2012-12-01 18:42:21'),(46,'default_projects_modules','--- \n- issue_tracking\n- time_tracking\n- news\n- documents\n- files\n- wiki\n- repository\n- boards\n- calendar\n- gantt\n','2012-12-01 18:42:21'),(47,'sequential_project_identifiers','1','2012-12-01 18:42:21'),(48,'mail_from','buzon@softwarepublico.gob.ar','2012-12-05 01:03:08'),(49,'bcc_recipients','1','2012-12-04 15:50:43'),(50,'plain_text_mail','0','2012-12-04 15:50:43'),(51,'default_notification_option','only_my_events','2012-12-04 15:50:43'),(52,'notified_events','--- \n- issue_added\n- issue_updated\n','2012-12-04 15:50:43'),(53,'emails_header','','2012-12-04 15:50:43'),(54,'emails_footer','Usted ha recibido esta notificación debido a que o bien han suscrito a la misma, o están involucrados en ella.\r\nPara cambiar sus preferencias de notificación, haga clic aquí: http://cluster.softwarepublico.gob.ar/redmine/my/account','2012-12-05 01:13:10');
/*!40000 ALTER TABLE `settings` ENABLE KEYS */;
UNLOCK TABLES;

--
-- Table structure for table `time_entries`
--

DROP TABLE IF EXISTS `time_entries`;
/*!40101 SET @saved_cs_client     = @@character_set_client */;
/*!40101 SET character_set_client = utf8 */;
CREATE TABLE `time_entries` (
  `id` int(11) NOT NULL AUTO_INCREMENT,
  `project_id` int(11) NOT NULL,
  `user_id` int(11) NOT NULL,
  `issue_id` int(11) DEFAULT NULL,
  `hours` float NOT NULL,
  `comments` varchar(255) COLLATE utf8_unicode_ci DEFAULT NULL,
  `activity_id` int(11) NOT NULL,
  `spent_on` date NOT NULL,
  `tyear` int(11) NOT NULL,
  `tmonth` int(11) NOT NULL,
  `tweek` int(11) NOT NULL,
  `created_on` datetime NOT NULL,
  `updated_on` datetime NOT NULL,
  PRIMARY KEY (`id`),
  KEY `time_entries_project_id` (`project_id`),
  KEY `time_entries_issue_id` (`issue_id`),
  KEY `index_time_entries_on_activity_id` (`activity_id`),
  KEY `index_time_entries_on_user_id` (`user_id`),
  KEY `index_time_entries_on_created_on` (`created_on`)
) ENGINE=InnoDB DEFAULT CHARSET=utf8 COLLATE=utf8_unicode_ci;
/*!40101 SET character_set_client = @saved_cs_client */;

--
-- Dumping data for table `time_entries`
--

LOCK TABLES `time_entries` WRITE;
/*!40000 ALTER TABLE `time_entries` DISABLE KEYS */;
/*!40000 ALTER TABLE `time_entries` ENABLE KEYS */;
UNLOCK TABLES;

--
-- Table structure for table `tokens`
--

DROP TABLE IF EXISTS `tokens`;
/*!40101 SET @saved_cs_client     = @@character_set_client */;
/*!40101 SET character_set_client = utf8 */;
CREATE TABLE `tokens` (
  `id` int(11) NOT NULL AUTO_INCREMENT,
  `user_id` int(11) NOT NULL DEFAULT '0',
  `action` varchar(30) COLLATE utf8_unicode_ci NOT NULL DEFAULT '',
  `value` varchar(40) COLLATE utf8_unicode_ci NOT NULL DEFAULT '',
  `created_on` datetime NOT NULL,
  PRIMARY KEY (`id`),
  KEY `index_tokens_on_user_id` (`user_id`)
) ENGINE=InnoDB AUTO_INCREMENT=34 DEFAULT CHARSET=utf8 COLLATE=utf8_unicode_ci;
/*!40101 SET character_set_client = @saved_cs_client */;

--
-- Dumping data for table `tokens`
--

LOCK TABLES `tokens` WRITE;
/*!40000 ALTER TABLE `tokens` DISABLE KEYS */;
INSERT INTO `tokens` VALUES (1,1,'feeds','e81d6d5cd82317f478adae311d2296d3a33c9039','2012-11-28 10:21:21'),(2,3,'feeds','02c18340958fe8743963123b241c55f8caac8b1a','2012-11-28 10:55:56'),(3,3,'api','0822be33c63aa496196b710f854b4143d8cfb56a','2012-11-28 18:36:25'),(4,4,'feeds','edb57ec7b3654a9a6fbb5408b38826bc51d14cab','2012-11-29 02:29:48'),(7,1,'api','6082ca4d0abb9548a5452d1cb9e8f39b561f421d','2012-12-01 12:33:34'),(9,7,'feeds','0a167a00920e3469c120a697c2d5ceec6d31f61f','2012-12-02 12:27:55'),(10,5,'feeds','5b4c5d0c45e8ced3b7e1b5be4ee7826728249828','2012-12-03 16:31:24'),(11,13,'feeds','f353d88866aaf95ba879b0b02bd4b8d2786ecfb4','2012-12-05 10:56:40'),(12,13,'api','de5fc3e7b83b96e97d06c8aafd313ca90d8d4b67','2012-12-05 10:56:42'),(15,15,'feeds','f8f53cb7e55203714c1fb98018da19f43a45841c','2012-12-07 16:23:42'),(16,15,'api','0eb5bb99a8fe7026ca98855b2ca80d968fd297bc','2012-12-07 16:24:20'),(17,17,'feeds','830f3274425d696497bb42cebeaaffdee508d84a','2012-12-10 11:42:54'),(18,16,'feeds','d84732a560a356c4efdd6e909877d2367dd52109','2012-12-11 16:11:39'),(19,10,'recovery','db0a6f7efb0db1f761c602b3cee3c1e6f208c88a','2012-12-12 03:50:33'),(21,7,'recovery','2f9c7c245ae2e95a0c1caf70223cdf3f3ca4ad93','2012-12-21 13:32:07'),(23,21,'feeds','a992c6f084752157dd4cf9ecd94e33750685d670','2013-01-14 12:40:58'),(26,23,'feeds','4ed3af6c691321143a07af75474d481bafacb112','2013-01-30 00:45:28'),(27,14,'feeds','e75b860a3317c4f5664c7a7d9af54d5624157e17','2013-01-30 07:49:52'),(29,22,'feeds','7402cbce0901e7c42a59af2ee2a468ae77089c97','2013-01-30 10:21:44'),(30,18,'feeds','352c717bcad1d1ee487402bfc47072463e440227','2013-02-01 12:01:34'),(32,24,'feeds','b5baf1ee467096eee23129e3e5607b5494374708','2013-02-07 15:27:21'),(33,25,'feeds','b6b438b09df572532a5110f84e8337b2e6d69937','2013-02-08 15:18:36');
/*!40000 ALTER TABLE `tokens` ENABLE KEYS */;
UNLOCK TABLES;

--
-- Table structure for table `trackers`
--

DROP TABLE IF EXISTS `trackers`;
/*!40101 SET @saved_cs_client     = @@character_set_client */;
/*!40101 SET character_set_client = utf8 */;
CREATE TABLE `trackers` (
  `id` int(11) NOT NULL AUTO_INCREMENT,
  `name` varchar(30) COLLATE utf8_unicode_ci NOT NULL DEFAULT '',
  `is_in_chlog` tinyint(1) NOT NULL DEFAULT '0',
  `position` int(11) DEFAULT '1',
  `is_in_roadmap` tinyint(1) NOT NULL DEFAULT '1',
  PRIMARY KEY (`id`)
) ENGINE=InnoDB AUTO_INCREMENT=4 DEFAULT CHARSET=utf8 COLLATE=utf8_unicode_ci;
/*!40101 SET character_set_client = @saved_cs_client */;

--
-- Dumping data for table `trackers`
--

LOCK TABLES `trackers` WRITE;
/*!40000 ALTER TABLE `trackers` DISABLE KEYS */;
INSERT INTO `trackers` VALUES (1,'Errores',1,1,0),(2,'Tareas',1,2,1),(3,'Soporte',0,3,0);
/*!40000 ALTER TABLE `trackers` ENABLE KEYS */;
UNLOCK TABLES;

--
-- Table structure for table `user_preferences`
--

DROP TABLE IF EXISTS `user_preferences`;
/*!40101 SET @saved_cs_client     = @@character_set_client */;
/*!40101 SET character_set_client = utf8 */;
CREATE TABLE `user_preferences` (
  `id` int(11) NOT NULL AUTO_INCREMENT,
  `user_id` int(11) NOT NULL DEFAULT '0',
  `others` text COLLATE utf8_unicode_ci,
  `hide_mail` tinyint(1) DEFAULT '0',
  `time_zone` varchar(255) COLLATE utf8_unicode_ci DEFAULT NULL,
  PRIMARY KEY (`id`),
  KEY `index_user_preferences_on_user_id` (`user_id`)
) ENGINE=InnoDB AUTO_INCREMENT=26 DEFAULT CHARSET=utf8 COLLATE=utf8_unicode_ci;
/*!40101 SET character_set_client = @saved_cs_client */;

--
-- Dumping data for table `user_preferences`
--

LOCK TABLES `user_preferences` WRITE;
/*!40000 ALTER TABLE `user_preferences` DISABLE KEYS */;
INSERT INTO `user_preferences` VALUES (1,2,'--- {}\n\n',0,NULL),(2,1,'--- \n:comments_sorting: asc\n:warn_on_leaving_unsaved: \"1\"\n:no_self_notified: false\n',0,''),(3,3,'--- \n:comments_sorting: asc\n:warn_on_leaving_unsaved: \"1\"\n:no_self_notified: false\n:diff_type: inline\n:gantt_zoom: 2\n:gantt_months: 6\n',0,'Buenos Aires'),(4,4,'--- \n:no_self_notified: true\n:comments_sorting: asc\n:warn_on_leaving_unsaved: \"1\"\n:gantt_zoom: 2\n:gantt_months: 6\n',0,''),(5,8,'--- \n:no_self_notified: false\n',0,NULL),(7,5,'--- \n:no_self_notified: false\n:comments_sorting: asc\n:warn_on_leaving_unsaved: \"1\"\n',0,''),(8,7,'--- \n:no_self_notified: false\n:comments_sorting: asc\n:warn_on_leaving_unsaved: \"1\"\n:gantt_zoom: 2\n:gantt_months: 6\n',0,''),(9,9,'--- \n:comments_sorting: asc\n:warn_on_leaving_unsaved: \"1\"\n:no_self_notified: false\n',0,''),(10,10,'--- \n:comments_sorting: asc\n:warn_on_leaving_unsaved: \"1\"\n:no_self_notified: false\n',0,''),(11,11,'--- \n:comments_sorting: asc\n:warn_on_leaving_unsaved: \"1\"\n:no_self_notified: false\n',0,''),(12,12,'--- \n:comments_sorting: asc\n:warn_on_leaving_unsaved: \"1\"\n:no_self_notified: false\n',0,''),(13,13,'--- \n:comments_sorting: asc\n:warn_on_leaving_unsaved: \"1\"\n:no_self_notified: true\n',1,''),(14,15,'--- \n:no_self_notified: false\n:comments_sorting: asc\n:warn_on_leaving_unsaved: \"1\"\n:gantt_zoom: 2\n:gantt_months: 6\n',1,'Buenos Aires'),(15,17,'--- \n:no_self_notified: false\n',0,NULL),(16,16,'--- \n:no_self_notified: false\n:gantt_zoom: 2\n:gantt_months: 6\n',0,NULL),(17,19,'--- \n:comments_sorting: asc\n:warn_on_leaving_unsaved: \"1\"\n:no_self_notified: false\n',0,''),(18,21,'--- \n:no_self_notified: false\n:comments_sorting: asc\n:warn_on_leaving_unsaved: \"1\"\n:gantt_zoom: 2\n:gantt_months: 6\n:diff_type: inline\n',0,''),(19,18,'--- \n:no_self_notified: false\n',0,NULL),(20,14,'--- \n:no_self_notified: false\n',0,NULL),(21,20,'--- \n:no_self_notified: false\n',0,NULL),(22,22,'--- \n:no_self_notified: false\n:gantt_zoom: 2\n:gantt_months: 6\n',0,NULL),(23,23,'--- \n:no_self_notified: false\n:gantt_zoom: 2\n:gantt_months: 6\n',0,NULL),(24,24,'--- \n:no_self_notified: false\n:gantt_zoom: 2\n:gantt_months: 6\n',0,NULL),(25,25,'--- \n:no_self_notified: false\n',0,NULL);
/*!40000 ALTER TABLE `user_preferences` ENABLE KEYS */;
UNLOCK TABLES;

--
-- Table structure for table `users`
--

DROP TABLE IF EXISTS `users`;
/*!40101 SET @saved_cs_client     = @@character_set_client */;
/*!40101 SET character_set_client = utf8 */;
CREATE TABLE `users` (
  `id` int(11) NOT NULL AUTO_INCREMENT,
  `login` varchar(255) COLLATE utf8_unicode_ci NOT NULL DEFAULT '',
  `hashed_password` varchar(40) COLLATE utf8_unicode_ci NOT NULL DEFAULT '',
  `firstname` varchar(30) COLLATE utf8_unicode_ci NOT NULL DEFAULT '',
  `lastname` varchar(30) COLLATE utf8_unicode_ci NOT NULL DEFAULT '',
  `mail` varchar(60) COLLATE utf8_unicode_ci NOT NULL DEFAULT '',
  `admin` tinyint(1) NOT NULL DEFAULT '0',
  `status` int(11) NOT NULL DEFAULT '1',
  `last_login_on` datetime DEFAULT NULL,
  `language` varchar(5) COLLATE utf8_unicode_ci DEFAULT '',
  `auth_source_id` int(11) DEFAULT NULL,
  `created_on` datetime DEFAULT NULL,
  `updated_on` datetime DEFAULT NULL,
  `type` varchar(255) COLLATE utf8_unicode_ci DEFAULT NULL,
  `identity_url` varchar(255) COLLATE utf8_unicode_ci DEFAULT NULL,
  `mail_notification` varchar(255) COLLATE utf8_unicode_ci NOT NULL DEFAULT '',
  `salt` varchar(64) COLLATE utf8_unicode_ci DEFAULT NULL,
  PRIMARY KEY (`id`),
  KEY `index_users_on_id_and_type` (`id`,`type`),
  KEY `index_users_on_auth_source_id` (`auth_source_id`),
  KEY `index_users_on_type` (`type`)
) ENGINE=InnoDB AUTO_INCREMENT=26 DEFAULT CHARSET=utf8 COLLATE=utf8_unicode_ci;
/*!40101 SET character_set_client = @saved_cs_client */;

--
-- Dumping data for table `users`
--

LOCK TABLES `users` WRITE;
/*!40000 ALTER TABLE `users` DISABLE KEYS */;
INSERT INTO `users` VALUES (1,'admin','7cf34dce7d182312988d6bc1b674d8a115ea3009','Redmine','Admin','admin@example.net',1,1,'2012-11-28 10:22:02','es',NULL,'2012-11-28 10:17:00','2012-11-28 10:22:02','User',NULL,'all','16d200dec0336e11cf61cf44369dd072'),(2,'','','','Anonymous','',0,0,NULL,'',NULL,'2012-11-28 10:21:10','2012-11-28 10:21:10','AnonymousUser',NULL,'only_my_events',NULL),(3,'mdellorusso','defac948cefc65da78c14359be442dd6e097769d','Maximiliano','Dello Russo','maxidr@gmail.com',1,1,'2013-02-08 15:17:43','es',NULL,'2012-11-28 10:55:47','2013-02-08 15:17:43','User',NULL,'only_my_events','716211ede46c2433a3be7bcd7ed2844d'),(4,'fabbar','1839111db721639b0594774e39fb052817e4656b','Fax','bax','fabianbarros@paperbit.com.ar',1,1,'2013-02-08 21:22:58','es',NULL,'2012-11-28 22:48:47','2013-02-08 21:22:58','User','','all','c81414849728e96e6da7e8469a03142b'),(5,'amoreno','66edf7c82b47d7b128695b60e15496ca56b87270','Alfredo','Moreno','amoreno@fibertel.com.ar',1,1,'2013-02-08 15:56:29','es',NULL,'2012-11-29 06:56:49','2013-02-08 15:56:29','User',NULL,'only_my_events','59cbdcc7a40fc0b351cc402f738bb98c'),(7,'victoria','36f99571d6b09400adbb32449729932fa46e335c','Victoria','Martínez Suárez','martinezvictoria@gmail.com',0,1,'2013-01-08 11:46:44','es',NULL,'2012-11-30 00:26:33','2013-01-08 11:46:44','User',NULL,'all','3be58d2213dde3e481b1ab1b72d7db90'),(8,'tester','ae5a367cb57065f2e71e8b9746f605f40adebe4c','John','Tester','test@test.com',0,1,NULL,'es',NULL,'2012-12-01 17:15:15','2012-12-01 17:15:44','User',NULL,'only_my_events','d387c3a2f4b5a405c7908cf7a8f82eb5'),(9,'sebas','7780703a37ace3c8cdc8ff4a994034a4a6382852','Juan Sebastian ','Martinez','sebasmartinez@msn.com',0,1,NULL,'es',NULL,'2012-12-01 19:14:34','2012-12-01 19:14:34','User',NULL,'all','c59b2de013d447a307fe634d96de26ea'),(10,'gaston','3433c6de799ec72a06b40a1953f4ee0c990ae9bc','gaston','loucxk','glouckx@gmail.com',0,3,'2012-12-12 03:53:44','es',NULL,'2012-12-01 19:33:45','2012-12-21 13:25:10','User',NULL,'all','8b09d17dc79fd50b42e9f09a73613134'),(11,'jorgeluiscabezas@gmail.com','6d1a21285981b633684ea63f4289e207df1d4273','jorge','c','jorgeluiscabezas@gmail.com',0,1,NULL,'es',NULL,'2012-12-03 00:47:24','2012-12-03 00:47:24','User',NULL,'only_my_events','e4f53fe5eab86d6c4c191f9a470bf754'),(12,'grecomariano@gmail.com','d60f360404ec1073d4f565e1aeeb367c52857447','mariano','greco','grecomariano@gmail.com',0,1,NULL,'es',NULL,'2012-12-03 00:54:57','2012-12-07 17:09:59','User',NULL,'only_my_events','658511b7e7a1728dfc2f5ddc61c98da3'),(13,'jenkins','aafe3eb1d90898a99413bb0d920531204fa90a5c','Jenkins','Deployer','jenkins@test.com',0,1,'2012-12-05 11:03:24','es',NULL,'2012-12-05 10:56:22','2012-12-05 11:03:24','User',NULL,'none','6fdd20a3197e1c057b6404b1f16ede2c'),(14,'k7k0','7e2ebb91f1b9c335774b045a402ea1a6c13fa5c8','Sebastián','Marconi','smarconi@siu.edu.ar',0,1,'2013-02-04 10:30:03','es',NULL,'2012-12-05 14:30:24','2013-02-04 10:30:03','User',NULL,'only_my_events','a967e0aa4379de601e67cdd55119a674'),(15,'gpujol','74f4cc0fd1dfccda1eee672f1929eb81d6e4251e','Gabriel Alberto','PUJOL','gpujol@jefatura.gob.ar',0,1,'2012-12-07 16:47:26','es',NULL,'2012-12-07 13:47:14','2012-12-07 16:47:26','User',NULL,'only_my_events','7d5ab4bcbd897f984bc67afba962eafa'),(16,'rroohh','1adcf36d81ac8f90e6a283f32c9a65e4e0841299','Rafael','Herrera','rherrera@jefatura.gob.ar',0,1,'2012-12-11 16:18:14','es',NULL,'2012-12-07 13:50:04','2012-12-11 16:18:14','User',NULL,'only_my_events','438794578ca80f07a77ed665eebec1a2'),(17,'pprandini','3e7c165429eda01451387b49f8fb1fa3aa6f480f','Patricia','Prandini','pprandini@jefatura.gob.ar',0,1,'2012-12-10 12:43:12','es',NULL,'2012-12-07 15:51:54','2012-12-10 12:43:12','User',NULL,'only_my_events','a24eb5178ce7461351b9f433c588a0f0'),(18,'adrian.munoz','5936a026df714c13628592845980dd80a67ee0cc','Adrian','Muñoz','adrian.a.munoz@gmail.com',0,1,'2013-02-01 12:01:34','es',NULL,'2012-12-16 11:59:04','2013-02-01 12:01:34','User',NULL,'only_my_events','0dd1f8a44ee4d10749108f2d23a514cb'),(19,'estevez','54db0058fe67f465fcd9447e8a3ee5b06eb5c305','Pablo ','estevez','pestevez@jefatura.gob.ar',0,1,NULL,'es',NULL,'2012-12-21 13:27:08','2012-12-21 13:27:08','User',NULL,'only_my_events','7cea074b489fcc763a991e5842204265'),(20,'vms','b6a1df342fc7e39945e28ded58cada0d54a194ae','Victoria','Martinez Suárez ','vms@inti.gob.ar',0,1,NULL,'es',NULL,'2013-01-09 18:29:47','2013-01-30 00:44:27','User',NULL,'only_my_events','83b737df3ee1b47ecc6e8eebb23e6940'),(21,'gavihi','3987741eb7edc09535ba649703749e75c16c8dce','Gabriela','Higa','ghiga@jefatura.gov.ar',1,1,'2013-02-14 16:43:15','es',NULL,'2013-01-11 16:11:38','2013-02-14 16:43:15','User',NULL,'only_my_events','bd9e844d8e1531c8b2c8c4c2cd56aa53'),(22,'lkadener','06acf2cbb260a1e85e0f2c7b562080823f220c40','Lucas','Kadener','lka@mrecic.gov.ar',0,1,'2013-01-30 10:21:44','es',NULL,'2013-01-25 10:40:08','2013-01-30 10:21:44','User',NULL,'only_my_events','3fa4946a4859c76637ae4bbf12424890'),(23,'opensas','69d15514ce73aa8f790497a3cd26601789e4fabb','Sebastián','Scarano','opensas@gmail.com',0,1,'2013-01-30 00:45:28','es',NULL,'2013-01-30 00:33:36','2013-01-30 00:45:28','User',NULL,'only_my_events','213af78d76f97694a6b701ea428f15fc'),(24,'gcesario','953e81846e11a0641bbc00e5b70c7fb8b364e790','Gustavo','Cesario','gcesario@gmail.com',0,1,'2013-02-07 15:27:21','es',NULL,'2013-02-07 14:31:52','2013-02-07 15:27:21','User',NULL,'only_my_events','f9c64e599edaf79a8d90cae5d7781d1e'),(25,'fabianenye','66ec2b79afbe1b6d5422ba0f179cbcf66a069cae','Fabian Rodrigo','Collado','fabian@enyetech.com',0,1,'2013-02-08 15:18:36','es',NULL,'2013-02-08 15:08:05','2013-02-08 15:18:36','User',NULL,'only_my_events','f556d64bec8b31104508a101fdd19781');
/*!40000 ALTER TABLE `users` ENABLE KEYS */;
UNLOCK TABLES;

--
-- Table structure for table `versions`
--

DROP TABLE IF EXISTS `versions`;
/*!40101 SET @saved_cs_client     = @@character_set_client */;
/*!40101 SET character_set_client = utf8 */;
CREATE TABLE `versions` (
  `id` int(11) NOT NULL AUTO_INCREMENT,
  `project_id` int(11) NOT NULL DEFAULT '0',
  `name` varchar(255) COLLATE utf8_unicode_ci NOT NULL DEFAULT '',
  `description` varchar(255) COLLATE utf8_unicode_ci DEFAULT '',
  `effective_date` date DEFAULT NULL,
  `created_on` datetime DEFAULT NULL,
  `updated_on` datetime DEFAULT NULL,
  `wiki_page_title` varchar(255) COLLATE utf8_unicode_ci DEFAULT NULL,
  `status` varchar(255) COLLATE utf8_unicode_ci DEFAULT 'open',
  `sharing` varchar(255) COLLATE utf8_unicode_ci NOT NULL DEFAULT 'none',
  PRIMARY KEY (`id`),
  KEY `versions_project_id` (`project_id`),
  KEY `index_versions_on_sharing` (`sharing`)
) ENGINE=InnoDB DEFAULT CHARSET=utf8 COLLATE=utf8_unicode_ci;
/*!40101 SET character_set_client = @saved_cs_client */;

--
-- Dumping data for table `versions`
--

LOCK TABLES `versions` WRITE;
/*!40000 ALTER TABLE `versions` DISABLE KEYS */;
/*!40000 ALTER TABLE `versions` ENABLE KEYS */;
UNLOCK TABLES;

--
-- Table structure for table `watchers`
--

DROP TABLE IF EXISTS `watchers`;
/*!40101 SET @saved_cs_client     = @@character_set_client */;
/*!40101 SET character_set_client = utf8 */;
CREATE TABLE `watchers` (
  `id` int(11) NOT NULL AUTO_INCREMENT,
  `watchable_type` varchar(255) COLLATE utf8_unicode_ci NOT NULL DEFAULT '',
  `watchable_id` int(11) NOT NULL DEFAULT '0',
  `user_id` int(11) DEFAULT NULL,
  PRIMARY KEY (`id`),
  KEY `watchers_user_id_type` (`user_id`,`watchable_type`),
  KEY `index_watchers_on_user_id` (`user_id`),
  KEY `index_watchers_on_watchable_id_and_watchable_type` (`watchable_id`,`watchable_type`)
) ENGINE=InnoDB AUTO_INCREMENT=32 DEFAULT CHARSET=utf8 COLLATE=utf8_unicode_ci;
/*!40101 SET character_set_client = @saved_cs_client */;

--
-- Dumping data for table `watchers`
--

LOCK TABLES `watchers` WRITE;
/*!40000 ALTER TABLE `watchers` DISABLE KEYS */;
INSERT INTO `watchers` VALUES (1,'Issue',1,4),(2,'Issue',1,3),(3,'Issue',2,10),(4,'Issue',4,4),(5,'Issue',4,10),(6,'Issue',4,3),(7,'Issue',4,7),(8,'Issue',5,10),(9,'Issue',5,7),(10,'Issue',6,10),(11,'Issue',6,7),(12,'Issue',8,3),(13,'Issue',12,3),(14,'Issue',15,9),(15,'Issue',18,4),(16,'Issue',18,3),(17,'Issue',18,7),(18,'Issue',19,4),(19,'Issue',19,10),(20,'Issue',19,7),(21,'Issue',21,3),(22,'Issue',23,7),(23,'Message',1,4),(24,'Message',1,3),(25,'News',1,17),(26,'Issue',24,7),(30,'Message',7,21),(31,'Message',6,21);
/*!40000 ALTER TABLE `watchers` ENABLE KEYS */;
UNLOCK TABLES;

--
-- Table structure for table `wiki_content_versions`
--

DROP TABLE IF EXISTS `wiki_content_versions`;
/*!40101 SET @saved_cs_client     = @@character_set_client */;
/*!40101 SET character_set_client = utf8 */;
CREATE TABLE `wiki_content_versions` (
  `id` int(11) NOT NULL AUTO_INCREMENT,
  `wiki_content_id` int(11) NOT NULL,
  `page_id` int(11) NOT NULL,
  `author_id` int(11) DEFAULT NULL,
  `data` longblob,
  `compression` varchar(6) COLLATE utf8_unicode_ci DEFAULT '',
  `comments` varchar(255) COLLATE utf8_unicode_ci DEFAULT '',
  `updated_on` datetime NOT NULL,
  `version` int(11) NOT NULL,
  PRIMARY KEY (`id`),
  KEY `wiki_content_versions_wcid` (`wiki_content_id`),
  KEY `index_wiki_content_versions_on_updated_on` (`updated_on`)
) ENGINE=InnoDB AUTO_INCREMENT=3 DEFAULT CHARSET=utf8 COLLATE=utf8_unicode_ci;
/*!40101 SET character_set_client = @saved_cs_client */;

--
-- Dumping data for table `wiki_content_versions`
--

LOCK TABLES `wiki_content_versions` WRITE;
/*!40000 ALTER TABLE `wiki_content_versions` DISABLE KEYS */;
INSERT INTO `wiki_content_versions` VALUES (1,1,1,5,'h1. Wiki\r\nLa creciente digitalización de los procedimientos en la Administración Pública Argentina,  demanda componentes de software que permitan implementar la Firma Digital en los circuitos técnicos administrativos de la gestión. \r\nLa posibilidad de contar con esta funcionalidad permitirá un avance disidido sobre los procesos de digitalización orientados al concepto de “paper less”.\r\nEste Firmador Digital integrará los Certificados de firma digital emitidos por la autoridad respectiva que habilita a la persona a utilizar dicha funcionalidad.\r\nEntre las funcionalidades alcanzadas para este proyecto,  se encuentran\r\nDesarrollar una aplicación de escritorio para la firma de archivos pdf.\r\nDesarrollar dispositivos en java y .net para ser consumidos por otras aplicaciones como AR-compras, AR-comdoc, etc. que demandan un Firmador Digital.\r\nDesarrollar componente que permita disponer de un Firmador Digital en telefonía móvil sobre tecnología Android. \r\n','','','2012-12-03 20:38:25',1),(2,1,1,4,'\r\nLa creciente digitalización de los procedimientos en la Administración Pública Argentina,  demanda componentes de software que permitan implementar la Firma Digital en los circuitos técnicos administrativos de la gestión. \r\nLa posibilidad de contar con esta funcionalidad permitirá un avance disidido sobre los procesos de digitalización orientados al concepto de “paper less”.\r\nEste Firmador Digital integrará los Certificados de firma digital emitidos por la autoridad respectiva que habilita a la persona a utilizar dicha funcionalidad.\r\nEntre las funcionalidades alcanzadas para este proyecto,  se encuentran\r\nDesarrollar una aplicación de escritorio para la firma de archivos pdf.\r\nDesarrollar dispositivos en java y .net para ser consumidos por otras aplicaciones como AR-compras, AR-comdoc, etc. que demandan un Firmador Digital.\r\nDesarrollar componente que permita disponer de un Firmador Digital en telefonía móvil sobre tecnología Android. \r\n\r\n','','','2012-12-05 02:46:51',2);
/*!40000 ALTER TABLE `wiki_content_versions` ENABLE KEYS */;
UNLOCK TABLES;

--
-- Table structure for table `wiki_contents`
--

DROP TABLE IF EXISTS `wiki_contents`;
/*!40101 SET @saved_cs_client     = @@character_set_client */;
/*!40101 SET character_set_client = utf8 */;
CREATE TABLE `wiki_contents` (
  `id` int(11) NOT NULL AUTO_INCREMENT,
  `page_id` int(11) NOT NULL,
  `author_id` int(11) DEFAULT NULL,
  `text` longtext COLLATE utf8_unicode_ci,
  `comments` varchar(255) COLLATE utf8_unicode_ci DEFAULT '',
  `updated_on` datetime NOT NULL,
  `version` int(11) NOT NULL,
  PRIMARY KEY (`id`),
  KEY `wiki_contents_page_id` (`page_id`),
  KEY `index_wiki_contents_on_author_id` (`author_id`)
) ENGINE=InnoDB AUTO_INCREMENT=2 DEFAULT CHARSET=utf8 COLLATE=utf8_unicode_ci;
/*!40101 SET character_set_client = @saved_cs_client */;

--
-- Dumping data for table `wiki_contents`
--

LOCK TABLES `wiki_contents` WRITE;
/*!40000 ALTER TABLE `wiki_contents` DISABLE KEYS */;
INSERT INTO `wiki_contents` VALUES (1,1,4,'\r\nLa creciente digitalización de los procedimientos en la Administración Pública Argentina,  demanda componentes de software que permitan implementar la Firma Digital en los circuitos técnicos administrativos de la gestión. \r\nLa posibilidad de contar con esta funcionalidad permitirá un avance disidido sobre los procesos de digitalización orientados al concepto de “paper less”.\r\nEste Firmador Digital integrará los Certificados de firma digital emitidos por la autoridad respectiva que habilita a la persona a utilizar dicha funcionalidad.\r\nEntre las funcionalidades alcanzadas para este proyecto,  se encuentran\r\nDesarrollar una aplicación de escritorio para la firma de archivos pdf.\r\nDesarrollar dispositivos en java y .net para ser consumidos por otras aplicaciones como AR-compras, AR-comdoc, etc. que demandan un Firmador Digital.\r\nDesarrollar componente que permita disponer de un Firmador Digital en telefonía móvil sobre tecnología Android. \r\n\r\n','','2012-12-05 02:46:51',2);
/*!40000 ALTER TABLE `wiki_contents` ENABLE KEYS */;
UNLOCK TABLES;

--
-- Table structure for table `wiki_pages`
--

DROP TABLE IF EXISTS `wiki_pages`;
/*!40101 SET @saved_cs_client     = @@character_set_client */;
/*!40101 SET character_set_client = utf8 */;
CREATE TABLE `wiki_pages` (
  `id` int(11) NOT NULL AUTO_INCREMENT,
  `wiki_id` int(11) NOT NULL,
  `title` varchar(255) COLLATE utf8_unicode_ci NOT NULL,
  `created_on` datetime NOT NULL,
  `protected` tinyint(1) NOT NULL DEFAULT '0',
  `parent_id` int(11) DEFAULT NULL,
  PRIMARY KEY (`id`),
  KEY `wiki_pages_wiki_id_title` (`wiki_id`,`title`),
  KEY `index_wiki_pages_on_wiki_id` (`wiki_id`),
  KEY `index_wiki_pages_on_parent_id` (`parent_id`)
) ENGINE=InnoDB AUTO_INCREMENT=2 DEFAULT CHARSET=utf8 COLLATE=utf8_unicode_ci;
/*!40101 SET character_set_client = @saved_cs_client */;

--
-- Dumping data for table `wiki_pages`
--

LOCK TABLES `wiki_pages` WRITE;
/*!40000 ALTER TABLE `wiki_pages` DISABLE KEYS */;
INSERT INTO `wiki_pages` VALUES (1,5,'Wiki','2012-12-03 20:38:25',0,NULL);
/*!40000 ALTER TABLE `wiki_pages` ENABLE KEYS */;
UNLOCK TABLES;

--
-- Table structure for table `wiki_redirects`
--

DROP TABLE IF EXISTS `wiki_redirects`;
/*!40101 SET @saved_cs_client     = @@character_set_client */;
/*!40101 SET character_set_client = utf8 */;
CREATE TABLE `wiki_redirects` (
  `id` int(11) NOT NULL AUTO_INCREMENT,
  `wiki_id` int(11) NOT NULL,
  `title` varchar(255) COLLATE utf8_unicode_ci DEFAULT NULL,
  `redirects_to` varchar(255) COLLATE utf8_unicode_ci DEFAULT NULL,
  `created_on` datetime NOT NULL,
  PRIMARY KEY (`id`),
  KEY `wiki_redirects_wiki_id_title` (`wiki_id`,`title`),
  KEY `index_wiki_redirects_on_wiki_id` (`wiki_id`)
) ENGINE=InnoDB DEFAULT CHARSET=utf8 COLLATE=utf8_unicode_ci;
/*!40101 SET character_set_client = @saved_cs_client */;

--
-- Dumping data for table `wiki_redirects`
--

LOCK TABLES `wiki_redirects` WRITE;
/*!40000 ALTER TABLE `wiki_redirects` DISABLE KEYS */;
/*!40000 ALTER TABLE `wiki_redirects` ENABLE KEYS */;
UNLOCK TABLES;

--
-- Table structure for table `wikis`
--

DROP TABLE IF EXISTS `wikis`;
/*!40101 SET @saved_cs_client     = @@character_set_client */;
/*!40101 SET character_set_client = utf8 */;
CREATE TABLE `wikis` (
  `id` int(11) NOT NULL AUTO_INCREMENT,
  `project_id` int(11) NOT NULL,
  `start_page` varchar(255) COLLATE utf8_unicode_ci NOT NULL,
  `status` int(11) NOT NULL DEFAULT '1',
  PRIMARY KEY (`id`),
  KEY `wikis_project_id` (`project_id`)
) ENGINE=InnoDB AUTO_INCREMENT=56 DEFAULT CHARSET=utf8 COLLATE=utf8_unicode_ci;
/*!40101 SET character_set_client = @saved_cs_client */;

--
-- Dumping data for table `wikis`
--

LOCK TABLES `wikis` WRITE;
/*!40000 ALTER TABLE `wikis` DISABLE KEYS */;
INSERT INTO `wikis` VALUES (2,2,'Wiki',1),(3,3,'Wiki',1),(4,4,'Wiki',1),(5,5,'Wiki',1),(6,6,'Wiki',1),(7,7,'Wiki',1),(8,8,'Wiki',1),(9,9,'Wiki',1),(10,10,'Wiki',1),(11,11,'Wiki',1),(12,12,'Wiki',1),(13,13,'Wiki',1),(14,14,'Wiki',1),(15,15,'Wiki',1),(16,16,'Wiki',1),(17,17,'Wiki',1),(18,18,'Wiki',1),(19,19,'Wiki',1),(20,20,'Wiki',1),(21,21,'Wiki',1),(22,22,'Wiki',1),(23,23,'Wiki',1),(24,24,'Wiki',1),(25,25,'Wiki',1),(26,26,'Wiki',1),(27,27,'Wiki',1),(28,28,'Wiki',1),(29,29,'Wiki',1),(30,30,'Wiki',1),(31,31,'Wiki',1),(32,32,'Wiki',1),(33,33,'Wiki',1),(34,34,'Wiki',1),(35,35,'Wiki',1),(36,36,'Wiki',1),(37,37,'Wiki',1),(38,38,'Wiki',1),(39,39,'Wiki',1),(40,40,'Wiki',1),(42,42,'Wiki',1),(43,43,'Wiki',1),(44,44,'Wiki',1),(45,45,'Wiki',1),(46,46,'Wiki',1),(47,47,'Wiki',1),(48,48,'Wiki',1),(49,49,'Wiki',1),(50,50,'Wiki',1),(51,51,'Wiki',1),(52,52,'Wiki',1),(53,53,'Wiki',1),(54,54,'Wiki',1),(55,55,'Wiki',1);
/*!40000 ALTER TABLE `wikis` ENABLE KEYS */;
UNLOCK TABLES;

--
-- Table structure for table `workflows`
--

DROP TABLE IF EXISTS `workflows`;
/*!40101 SET @saved_cs_client     = @@character_set_client */;
/*!40101 SET character_set_client = utf8 */;
CREATE TABLE `workflows` (
  `id` int(11) NOT NULL AUTO_INCREMENT,
  `tracker_id` int(11) NOT NULL DEFAULT '0',
  `old_status_id` int(11) NOT NULL DEFAULT '0',
  `new_status_id` int(11) NOT NULL DEFAULT '0',
  `role_id` int(11) NOT NULL DEFAULT '0',
  `assignee` tinyint(1) NOT NULL DEFAULT '0',
  `author` tinyint(1) NOT NULL DEFAULT '0',
  PRIMARY KEY (`id`),
  KEY `wkfs_role_tracker_old_status` (`role_id`,`tracker_id`,`old_status_id`),
  KEY `index_workflows_on_old_status_id` (`old_status_id`),
  KEY `index_workflows_on_role_id` (`role_id`),
  KEY `index_workflows_on_new_status_id` (`new_status_id`)
) ENGINE=InnoDB AUTO_INCREMENT=145 DEFAULT CHARSET=utf8 COLLATE=utf8_unicode_ci;
/*!40101 SET character_set_client = @saved_cs_client */;

--
-- Dumping data for table `workflows`
--

LOCK TABLES `workflows` WRITE;
/*!40000 ALTER TABLE `workflows` DISABLE KEYS */;
INSERT INTO `workflows` VALUES (1,1,1,2,3,0,0),(2,1,1,3,3,0,0),(3,1,1,4,3,0,0),(4,1,1,5,3,0,0),(5,1,1,6,3,0,0),(6,1,2,1,3,0,0),(7,1,2,3,3,0,0),(8,1,2,4,3,0,0),(9,1,2,5,3,0,0),(10,1,2,6,3,0,0),(11,1,3,1,3,0,0),(12,1,3,2,3,0,0),(13,1,3,4,3,0,0),(14,1,3,5,3,0,0),(15,1,3,6,3,0,0),(16,1,4,1,3,0,0),(17,1,4,2,3,0,0),(18,1,4,3,3,0,0),(19,1,4,5,3,0,0),(20,1,4,6,3,0,0),(21,1,5,1,3,0,0),(22,1,5,2,3,0,0),(23,1,5,3,3,0,0),(24,1,5,4,3,0,0),(25,1,5,6,3,0,0),(26,1,6,1,3,0,0),(27,1,6,2,3,0,0),(28,1,6,3,3,0,0),(29,1,6,4,3,0,0),(30,1,6,5,3,0,0),(31,2,1,2,3,0,0),(32,2,1,3,3,0,0),(33,2,1,4,3,0,0),(34,2,1,5,3,0,0),(35,2,1,6,3,0,0),(36,2,2,1,3,0,0),(37,2,2,3,3,0,0),(38,2,2,4,3,0,0),(39,2,2,5,3,0,0),(40,2,2,6,3,0,0),(41,2,3,1,3,0,0),(42,2,3,2,3,0,0),(43,2,3,4,3,0,0),(44,2,3,5,3,0,0),(45,2,3,6,3,0,0),(46,2,4,1,3,0,0),(47,2,4,2,3,0,0),(48,2,4,3,3,0,0),(49,2,4,5,3,0,0),(50,2,4,6,3,0,0),(51,2,5,1,3,0,0),(52,2,5,2,3,0,0),(53,2,5,3,3,0,0),(54,2,5,4,3,0,0),(55,2,5,6,3,0,0),(56,2,6,1,3,0,0),(57,2,6,2,3,0,0),(58,2,6,3,3,0,0),(59,2,6,4,3,0,0),(60,2,6,5,3,0,0),(61,3,1,2,3,0,0),(62,3,1,3,3,0,0),(63,3,1,4,3,0,0),(64,3,1,5,3,0,0),(65,3,1,6,3,0,0),(66,3,2,1,3,0,0),(67,3,2,3,3,0,0),(68,3,2,4,3,0,0),(69,3,2,5,3,0,0),(70,3,2,6,3,0,0),(71,3,3,1,3,0,0),(72,3,3,2,3,0,0),(73,3,3,4,3,0,0),(74,3,3,5,3,0,0),(75,3,3,6,3,0,0),(76,3,4,1,3,0,0),(77,3,4,2,3,0,0),(78,3,4,3,3,0,0),(79,3,4,5,3,0,0),(80,3,4,6,3,0,0),(81,3,5,1,3,0,0),(82,3,5,2,3,0,0),(83,3,5,3,3,0,0),(84,3,5,4,3,0,0),(85,3,5,6,3,0,0),(86,3,6,1,3,0,0),(87,3,6,2,3,0,0),(88,3,6,3,3,0,0),(89,3,6,4,3,0,0),(90,3,6,5,3,0,0),(91,1,1,2,4,0,0),(92,1,1,3,4,0,0),(93,1,1,4,4,0,0),(94,1,1,5,4,0,0),(95,1,2,3,4,0,0),(96,1,2,4,4,0,0),(97,1,2,5,4,0,0),(98,1,3,2,4,0,0),(99,1,3,4,4,0,0),(100,1,3,5,4,0,0),(101,1,4,2,4,0,0),(102,1,4,3,4,0,0),(103,1,4,5,4,0,0),(104,2,1,2,4,0,0),(105,2,1,3,4,0,0),(106,2,1,4,4,0,0),(107,2,1,5,4,0,0),(108,2,2,3,4,0,0),(109,2,2,4,4,0,0),(110,2,2,5,4,0,0),(111,2,3,2,4,0,0),(112,2,3,4,4,0,0),(113,2,3,5,4,0,0),(114,2,4,2,4,0,0),(115,2,4,3,4,0,0),(116,2,4,5,4,0,0),(117,3,1,2,4,0,0),(118,3,1,3,4,0,0),(119,3,1,4,4,0,0),(120,3,1,5,4,0,0),(121,3,2,3,4,0,0),(122,3,2,4,4,0,0),(123,3,2,5,4,0,0),(124,3,3,2,4,0,0),(125,3,3,4,4,0,0),(126,3,3,5,4,0,0),(127,3,4,2,4,0,0),(128,3,4,3,4,0,0),(129,3,4,5,4,0,0),(130,1,1,5,5,0,0),(131,1,2,5,5,0,0),(132,1,3,5,5,0,0),(133,1,4,5,5,0,0),(134,1,3,4,5,0,0),(135,2,1,5,5,0,0),(136,2,2,5,5,0,0),(137,2,3,5,5,0,0),(138,2,4,5,5,0,0),(139,2,3,4,5,0,0),(140,3,1,5,5,0,0),(141,3,2,5,5,0,0),(142,3,3,5,5,0,0),(143,3,4,5,5,0,0),(144,3,3,4,5,0,0);
/*!40000 ALTER TABLE `workflows` ENABLE KEYS */;
UNLOCK TABLES;
/*!40103 SET TIME_ZONE=@OLD_TIME_ZONE */;

/*!40101 SET SQL_MODE=@OLD_SQL_MODE */;
/*!40014 SET FOREIGN_KEY_CHECKS=@OLD_FOREIGN_KEY_CHECKS */;
/*!40014 SET UNIQUE_CHECKS=@OLD_UNIQUE_CHECKS */;
/*!40101 SET CHARACTER_SET_CLIENT=@OLD_CHARACTER_SET_CLIENT */;
/*!40101 SET CHARACTER_SET_RESULTS=@OLD_CHARACTER_SET_RESULTS */;
/*!40101 SET COLLATION_CONNECTION=@OLD_COLLATION_CONNECTION */;
/*!40111 SET SQL_NOTES=@OLD_SQL_NOTES */;

-- Dump completed on 2013-03-02 11:26:36
